2026-01-02 12:29:26,300 | INFO | config.enhanced_config_manager | Timing config loaded: enabled=False
2026-01-02 12:29:26,302 | INFO | src.utils.sector_manager | Sector manager initialized
2026-01-02 12:29:26,302 | INFO | src.core.risk_manager | Risk Manager initialized with comprehensive risk controls
2026-01-02 12:29:26,302 | INFO | src.core.risk_governor | Added risk rule: EmergencyStop (priority: 5)
2026-01-02 12:29:26,303 | INFO | src.core.risk_governor | Added risk rule: MarketHours (priority: 10)
2026-01-02 12:29:26,303 | INFO | src.core.risk_governor | Added risk rule: DailyLossLimit (priority: 15)
2026-01-02 12:29:26,303 | INFO | src.core.risk_governor | Added risk rule: PositionSize (priority: 20)
2026-01-02 12:29:26,313 | INFO | src.core.risk_governor | Added risk rule: VolatilityAdjustment (priority: 25)
2026-01-02 12:29:26,313 | INFO | src.core.risk_governor | Risk Governor initialized with 5 risk rules
2026-01-02 12:29:33,086 | WARNING | src.core.engine | Failed to initialize adaptive strategies: attempted relative import beyond top-level package
2026-01-02 12:29:33,086 | INFO | src.core.engine | Trading engine initialized with timing intelligence disabled
2026-01-02 12:29:33,086 | INFO | src.core.engine | Trading engine initialized with enhanced risk management
2026-01-02 12:29:33,086 | INFO | src.execution.adapter | Initialized LIVE execution adapter
2026-01-02 12:29:33,087 | INFO | src.broker.zerodha | ZerodhaBroker initialized in LIVE mode
2026-01-02 12:29:34,012 | INFO | src.broker.zerodha | ✓ Zerodha connected: Harendra Kumar
2026-01-02 12:29:34,012 | INFO | src.execution.live | ✓ Connected to Zerodha: Harendra Kumar
2026-01-02 12:29:34,142 | INFO | src.core.reconciliation | [RECON] Broker has 0 open orders: []
2026-01-02 12:29:34,144 | INFO | src.core.reconciliation | [RECON] Local has 0 orders: []
2026-01-02 12:29:34,150 | INFO | src.execution.live | Reconciliation OK | Positions fixed=0, Ghost removed=0, Closed cleaned=0, Orders fixed=0
2026-01-02 12:29:34,220 | INFO | src.execution.live | LIVE CAPITAL OVERRIDE: total_capital set from broker data: 5,000.00 -> 990.59 (available: 842.00)
2026-01-02 12:29:34,220 | INFO | src.execution.live | ======================================================================
2026-01-02 12:29:34,220 | INFO | src.execution.live | CAPITAL BREAKDOWN AFTER RECONCILIATION
2026-01-02 12:29:34,220 | INFO | src.execution.live | ======================================================================
2026-01-02 12:29:34,220 | INFO | src.execution.live | Total Capital:        ₹      990.59
2026-01-02 12:29:34,221 | INFO | src.execution.live | - Position Exposure:  ₹        0.00
2026-01-02 12:29:34,221 | INFO | src.execution.live | - Pending Orders:     ₹        0.00
2026-01-02 12:29:34,221 | INFO | src.execution.live | - Safety Buffer (15%): ₹      148.59
2026-01-02 12:29:34,221 | INFO | src.execution.live | = AVAILABLE CAPITAL:  ₹      842.00
2026-01-02 12:29:34,221 | INFO | src.execution.live | ======================================================================
2026-01-02 12:29:34,221 | INFO | src.execution.live | No open positions
2026-01-02 12:29:34,221 | INFO | src.execution.live | No pending orders
2026-01-02 12:29:34,222 | INFO | src.execution.live | ======================================================================
2026-01-02 12:29:34,222 | INFO | src.execution.live | Live trading mode initialized
2026-01-02 12:29:34,222 | INFO | __main__ | Starting position reconciliation...
2026-01-02 12:29:34,284 | INFO | __main__ | Position reconciliation completed - no discrepancies
2026-01-02 12:29:45,440 | INFO | src.screener.excel_screener | Excel screener initialized: MiniRobo.xlsx
2026-01-02 12:29:45,441 | INFO | src.screener.excel_screener | ============================================================
2026-01-02 12:29:45,441 | INFO | src.screener.excel_screener | STARTING EXCEL-DRIVEN SCREENER
2026-01-02 12:29:45,441 | INFO | src.screener.excel_screener | ============================================================
2026-01-02 12:29:47,233 | INFO | src.screener.excel_screener | Loaded 14 screener rules
2026-01-02 12:29:47,830 | INFO | src.screener.excel_screener | 
 ACTIVE FILTER RULES:
2026-01-02 12:29:49,407 | INFO | src.screener.excel_screener | Loaded 100 enabled stocks from universe
2026-01-02 12:29:51,499 | INFO | src.screener.excel_screener | Loaded sector mapping for 100 symbols
2026-01-02 12:29:59,284 | INFO | src.screener.excel_screener | Market Trend: BULLISH
2026-01-02 12:30:01,344 | INFO | src.screener.excel_screener | Successfully fetched data for 100/100 symbols
2026-01-02 12:30:01,345 | INFO | src.screener.excel_screener | Bulk data received: 100 symbols with data
2026-01-02 12:30:01,490 | INFO | src.screener.excel_screener | Starting screening of 100 symbols. Bulk data has 100 entries
2026-01-02 12:30:01,491 | INFO | src.screener.excel_screener | HDFCBANK: Processing 60 bars
2026-01-02 12:30:01,495 | INFO | src.screener.excel_screener | ICICIBANK: Processing 60 bars
2026-01-02 12:30:01,501 | INFO | src.screener.excel_screener | KOTAKBANK: Processing 60 bars
2026-01-02 12:30:01,509 | INFO | src.screener.excel_screener | AXISBANK: Processing 60 bars
2026-01-02 12:30:01,514 | INFO | src.screener.excel_screener | SBIN: Processing 60 bars
2026-01-02 12:30:01,518 | INFO | src.screener.excel_screener | TCS: Processing 60 bars
2026-01-02 12:30:01,525 | INFO | src.screener.excel_screener | INFY: Processing 60 bars
2026-01-02 12:30:01,533 | INFO | src.screener.excel_screener | HCLTECH: Processing 60 bars
2026-01-02 12:30:01,538 | INFO | src.screener.excel_screener | WIPRO: Processing 60 bars
2026-01-02 12:30:01,545 | INFO | src.screener.excel_screener | TECHM: Processing 60 bars
2026-01-02 12:30:01,550 | INFO | src.screener.excel_screener | SUNPHARMA: Processing 60 bars
2026-01-02 12:30:01,555 | INFO | src.screener.excel_screener | CIPLA: Processing 60 bars
2026-01-02 12:30:01,562 | INFO | src.screener.excel_screener | DRREDDY: Processing 60 bars
2026-01-02 12:30:01,567 | INFO | src.screener.excel_screener | LUPIN: Processing 60 bars
2026-01-02 12:30:01,574 | INFO | src.screener.excel_screener | TORNTPHARM: Processing 60 bars
2026-01-02 12:30:01,580 | INFO | src.screener.excel_screener | HINDUNILVR: Processing 60 bars
2026-01-02 12:30:01,584 | INFO | src.screener.excel_screener | ITC: Processing 60 bars
2026-01-02 12:30:01,591 | INFO | src.screener.excel_screener | NESTLEIND: Processing 60 bars
2026-01-02 12:30:01,597 | INFO | src.screener.excel_screener | BRITANNIA: Processing 59 bars
2026-01-02 12:30:01,602 | INFO | src.screener.excel_screener | DABUR: Processing 60 bars
2026-01-02 12:30:01,609 | INFO | src.screener.excel_screener | MARUTI: Processing 60 bars
2026-01-02 12:30:01,614 | INFO | src.screener.excel_screener | M&M: Processing 60 bars
2026-01-02 12:30:01,619 | INFO | src.screener.excel_screener | BAJAJ-AUTO: Processing 60 bars
2026-01-02 12:30:01,624 | INFO | src.screener.excel_screener | EICHERMOT: Processing 60 bars
2026-01-02 12:30:01,630 | INFO | src.screener.excel_screener | RELIANCE: Processing 60 bars
2026-01-02 12:30:01,634 | INFO | src.screener.excel_screener | ONGC: Processing 60 bars
2026-01-02 12:30:01,640 | INFO | src.screener.excel_screener | BPCL: Processing 60 bars
2026-01-02 12:30:01,645 | INFO | src.screener.excel_screener | IOC: Processing 60 bars
2026-01-02 12:30:01,649 | INFO | src.screener.excel_screener | GAIL: Processing 60 bars
2026-01-02 12:30:01,655 | INFO | src.screener.excel_screener | TATASTEEL: Processing 60 bars
2026-01-02 12:30:01,661 | INFO | src.screener.excel_screener | HINDALCO: Processing 60 bars
2026-01-02 12:30:01,665 | INFO | src.screener.excel_screener | JSWSTEEL: Processing 60 bars
2026-01-02 12:30:01,670 | INFO | src.screener.excel_screener | COALINDIA: Processing 60 bars
2026-01-02 12:30:01,675 | INFO | src.screener.excel_screener | VEDL: Processing 60 bars
2026-01-02 12:30:01,679 | INFO | src.screener.excel_screener | ULTRACEMCO: Processing 60 bars
2026-01-02 12:30:01,683 | INFO | src.screener.excel_screener | SHREECEM: Processing 58 bars
2026-01-02 12:30:01,688 | INFO | src.screener.excel_screener | AMBUJACEM: Processing 60 bars
2026-01-02 12:30:01,693 | INFO | src.screener.excel_screener | ACC: Processing 60 bars
2026-01-02 12:30:01,697 | INFO | src.screener.excel_screener | DALBHARAT: Processing 58 bars
2026-01-02 12:30:01,702 | INFO | src.screener.excel_screener | POWERGRID: Processing 60 bars
2026-01-02 12:30:01,707 | INFO | src.screener.excel_screener | NTPC: Processing 60 bars
2026-01-02 12:30:01,711 | INFO | src.screener.excel_screener | ADANIGREEN: Processing 60 bars
2026-01-02 12:30:01,716 | INFO | src.screener.excel_screener | TATAPOWER: Processing 60 bars
2026-01-02 12:30:01,721 | INFO | src.screener.excel_screener | JSWENERGY: Processing 60 bars
2026-01-02 12:30:01,726 | INFO | src.screener.excel_screener | BHARTIARTL: Processing 60 bars
2026-01-02 12:30:01,730 | INFO | src.screener.excel_screener | JIOFIN: Processing 58 bars
2026-01-02 12:30:01,734 | INFO | src.screener.excel_screener | IDEA: Processing 60 bars
2026-01-02 12:30:01,739 | INFO | src.screener.excel_screener | INDUSTOWER: Processing 60 bars
2026-01-02 12:30:01,745 | INFO | src.screener.excel_screener | TATACOMM: Processing 59 bars
2026-01-02 12:30:01,749 | INFO | src.screener.excel_screener | UPL: Processing 60 bars
2026-01-02 12:30:01,754 | INFO | src.screener.excel_screener | SRF: Processing 59 bars
2026-01-02 12:30:01,759 | INFO | src.screener.excel_screener | PIDILITIND: Processing 60 bars
2026-01-02 12:30:01,764 | INFO | src.screener.excel_screener | ASIANPAINT: Processing 60 bars
2026-01-02 12:30:01,769 | INFO | src.screener.excel_screener | AARTIIND: Processing 60 bars
2026-01-02 12:30:01,773 | INFO | src.screener.excel_screener | LT: Processing 60 bars
2026-01-02 12:30:01,779 | INFO | src.screener.excel_screener | SIEMENS: Processing 60 bars
2026-01-02 12:30:01,783 | INFO | src.screener.excel_screener | ABB: Processing 59 bars
2026-01-02 12:30:01,787 | INFO | src.screener.excel_screener | BHEL: Processing 60 bars
2026-01-02 12:30:01,793 | INFO | src.screener.excel_screener | CUMMINSIND: Processing 60 bars
2026-01-02 12:30:01,797 | INFO | src.screener.excel_screener | APOLLOHOSP: Processing 60 bars
2026-01-02 12:30:01,802 | INFO | src.screener.excel_screener | MAXHEALTH: Processing 60 bars
2026-01-02 12:30:01,806 | INFO | src.screener.excel_screener | NH: Processing 60 bars
2026-01-02 12:30:01,811 | INFO | src.screener.excel_screener | FORTIS: Processing 60 bars
2026-01-02 12:30:01,815 | INFO | src.screener.excel_screener | MEDANTA: Processing 59 bars
2026-01-02 12:30:01,819 | INFO | src.screener.excel_screener | DLF: Processing 60 bars
2026-01-02 12:30:01,824 | INFO | src.screener.excel_screener | GODREJPROP: Processing 60 bars
2026-01-02 12:30:01,829 | INFO | src.screener.excel_screener | OBEROIRLTY: Processing 59 bars
2026-01-02 12:30:01,833 | INFO | src.screener.excel_screener | PRESTIGE: Processing 60 bars
2026-01-02 12:30:01,838 | INFO | src.screener.excel_screener | BRIGADE: Processing 60 bars
2026-01-02 12:30:01,843 | INFO | src.screener.excel_screener | TITAN: Processing 60 bars
2026-01-02 12:30:01,847 | INFO | src.screener.excel_screener | HAVELLS: Processing 60 bars
2026-01-02 12:30:01,851 | INFO | src.screener.excel_screener | VOLTAS: Processing 60 bars
2026-01-02 12:30:01,858 | INFO | src.screener.excel_screener | BLUESTARCO: Processing 59 bars
2026-01-02 12:30:01,863 | INFO | src.screener.excel_screener | CROMPTON: Processing 60 bars
2026-01-02 12:30:01,868 | INFO | src.screener.excel_screener | PAGEIND: Processing 58 bars
2026-01-02 12:30:01,873 | INFO | src.screener.excel_screener | ABFRL: Processing 60 bars
2026-01-02 12:30:01,878 | INFO | src.screener.excel_screener | RAYMOND: Processing 60 bars
2026-01-02 12:30:01,883 | INFO | src.screener.excel_screener | GRASIM: Processing 60 bars
2026-01-02 12:30:01,888 | INFO | src.screener.excel_screener | TRIDENT: Processing 60 bars
2026-01-02 12:30:01,895 | INFO | src.screener.excel_screener | ZEEL: Processing 60 bars
2026-01-02 12:30:01,901 | INFO | src.screener.excel_screener | PVRINOX: Processing 58 bars
2026-01-02 12:30:01,907 | INFO | src.screener.excel_screener | SUNTV: Processing 59 bars
2026-01-02 12:30:01,914 | INFO | src.screener.excel_screener | SAREGAMA: Processing 59 bars
2026-01-02 12:30:01,919 | INFO | src.screener.excel_screener | MAHLOG: Processing 59 bars
2026-01-02 12:30:01,925 | INFO | src.screener.excel_screener | BLUEDART: Processing 58 bars
2026-01-02 12:30:01,931 | INFO | src.screener.excel_screener | VRLLOG: Processing 59 bars
2026-01-02 12:30:01,936 | INFO | src.screener.excel_screener | TCIEXP: Processing 60 bars
2026-01-02 12:30:01,942 | INFO | src.screener.excel_screener | CONCOR: Processing 60 bars
2026-01-02 12:30:01,948 | INFO | src.screener.excel_screener | DMART: Processing 60 bars
2026-01-02 12:30:01,953 | INFO | src.screener.excel_screener | TRENT: Processing 60 bars
2026-01-02 12:30:01,958 | INFO | src.screener.excel_screener | VMART: Processing 59 bars
2026-01-02 12:30:01,964 | INFO | src.screener.excel_screener | SHOPERSTOP: Processing 59 bars
2026-01-02 12:30:01,969 | INFO | src.screener.excel_screener | RELAXO: Processing 59 bars
2026-01-02 12:30:01,975 | INFO | src.screener.excel_screener | HAL: Processing 60 bars
2026-01-02 12:30:01,981 | INFO | src.screener.excel_screener | BEL: Processing 60 bars
2026-01-02 12:30:01,987 | INFO | src.screener.excel_screener | BDL: Processing 60 bars
2026-01-02 12:30:01,996 | INFO | src.screener.excel_screener | MAZDOCK: Processing 60 bars
2026-01-02 12:30:02,002 | INFO | src.screener.excel_screener | SOLARINDS: Processing 60 bars
2026-01-02 12:30:02,008 | INFO | src.screener.excel_screener | SHRIRAMFIN: Processing 60 bars
2026-01-02 12:30:02,015 | INFO | src.screener.excel_screener | TATACONSUM: Processing 60 bars
2026-01-02 12:30:02,019 | INFO | src.screener.excel_screener | 
📊 REJECTION STATISTICS:
2026-01-02 12:30:02,020 | INFO | src.screener.excel_screener |    Total Processed: 100
2026-01-02 12:30:02,020 | INFO | src.screener.excel_screener |    Passed: 20
2026-01-02 12:30:02,020 | INFO | src.screener.excel_screener |    Rejected: 80
2026-01-02 12:30:02,020 | INFO | src.screener.excel_screener | 
   Top Rejection Reasons:
2026-01-02 12:30:02,021 | INFO | src.screener.excel_screener | Metrics calculated: 100, Passed: 20, Rejected: 80, Insufficient bars: 0, Missing data: 0
2026-01-02 12:30:02,022 | INFO | src.screener.excel_screener | Max trades (adjusted for BULLISH): 8
2026-01-02 12:30:02,022 | INFO | src.screener.excel_screener | 
============================================================
2026-01-02 12:30:02,023 | INFO | src.screener.excel_screener | TOP PICKS:
2026-01-02 12:30:02,023 | INFO | src.screener.excel_screener | ============================================================
2026-01-02 12:30:02,023 | INFO | src.screener.excel_screener | INDUSTOWER | Score:  45.29 | Price: Rs. 435.80 | BULLISH_TREND,STRONG_TREND
2026-01-02 12:30:02,024 | INFO | src.screener.excel_screener | RAYMOND    | Score:  40.43 | Price: Rs. 425.60 | STRONG_TREND
2026-01-02 12:30:02,024 | INFO | src.screener.excel_screener | HINDALCO   | Score:  38.74 | Price: Rs. 894.95 | BULLISH_TREND,STRONG_TREND
2026-01-02 12:30:02,024 | INFO | src.screener.excel_screener | CUMMINSIND | Score:  36.69 | Price: Rs.4470.60 | NEAR_EMA20,BULLISH_TREND,HIGH_VOLUME
2026-01-02 12:30:02,025 | INFO | src.screener.excel_screener | SRF        | Score:  35.14 | Price: Rs.3057.30 | NEAR_EMA20,BULLISH_TREND
2026-01-02 12:30:03,404 | INFO | src.screener.excel_screener | Written 8 results to Excel: SCREENER_OUTPUT
2026-01-02 12:30:03,967 | INFO | src.screener.excel_screener | ============================================================
2026-01-02 12:30:03,967 | INFO | src.screener.excel_screener | SCREENER COMPLETE
2026-01-02 12:30:03,967 | INFO | src.screener.excel_screener | ============================================================
2026-01-02 12:30:03,971 | INFO | src.core.risk_governor | Risk Governor evaluating trade: HINDALCO x 1
2026-01-02 12:30:03,971 | ERROR | src.core.risk_governor | EmergencyStopRule error: 'SystemState' object has no attribute 'get'
2026-01-02 12:30:03,971 | WARNING | src.core.risk_governor | Trade REJECTED by EmergencyStop: HINDALCO
2026-01-02 12:30:03,972 | WARNING | src.core.engine | HINDALCO: Risk Governor REJECTED - [EmergencyStop] Emergency stop check failed: 'SystemState' object has no attribute 'get'
2026-01-02 12:30:03,973 | INFO | src.core.risk_governor | Risk Governor evaluating trade: INDUSTOWER x 1
2026-01-02 12:30:03,974 | ERROR | src.core.risk_governor | EmergencyStopRule error: 'SystemState' object has no attribute 'get'
2026-01-02 12:30:03,974 | WARNING | src.core.risk_governor | Trade REJECTED by EmergencyStop: INDUSTOWER
2026-01-02 12:30:03,974 | WARNING | src.core.engine | INDUSTOWER: Risk Governor REJECTED - [EmergencyStop] Emergency stop check failed: 'SystemState' object has no attribute 'get'
2026-01-02 12:30:03,975 | INFO | src.core.risk_governor | Risk Governor evaluating trade: UPL x 1
2026-01-02 12:30:03,975 | ERROR | src.core.risk_governor | EmergencyStopRule error: 'SystemState' object has no attribute 'get'
2026-01-02 12:30:03,976 | WARNING | src.core.risk_governor | Trade REJECTED by EmergencyStop: UPL
2026-01-02 12:30:03,976 | WARNING | src.core.engine | UPL: Risk Governor REJECTED - [EmergencyStop] Emergency stop check failed: 'SystemState' object has no attribute 'get'
2026-01-02 12:30:03,977 | INFO | src.core.risk_governor | Risk Governor evaluating trade: SRF x 1
2026-01-02 12:30:03,977 | ERROR | src.core.risk_governor | EmergencyStopRule error: 'SystemState' object has no attribute 'get'
2026-01-02 12:30:03,977 | WARNING | src.core.risk_governor | Trade REJECTED by EmergencyStop: SRF
2026-01-02 12:30:03,978 | WARNING | src.core.engine | SRF: Risk Governor REJECTED - [EmergencyStop] Emergency stop check failed: 'SystemState' object has no attribute 'get'
2026-01-02 12:30:03,978 | INFO | src.core.risk_governor | Risk Governor evaluating trade: CUMMINSIND x 1
2026-01-02 12:30:03,979 | ERROR | src.core.risk_governor | EmergencyStopRule error: 'SystemState' object has no attribute 'get'
2026-01-02 12:30:03,979 | WARNING | src.core.risk_governor | Trade REJECTED by EmergencyStop: CUMMINSIND
2026-01-02 12:30:03,979 | WARNING | src.core.engine | CUMMINSIND: Risk Governor REJECTED - [EmergencyStop] Emergency stop check failed: 'SystemState' object has no attribute 'get'
2026-01-02 12:30:03,980 | INFO | src.core.risk_governor | Risk Governor evaluating trade: RAYMOND x 1
2026-01-02 12:30:03,981 | ERROR | src.core.risk_governor | EmergencyStopRule error: 'SystemState' object has no attribute 'get'
2026-01-02 12:30:03,981 | WARNING | src.core.risk_governor | Trade REJECTED by EmergencyStop: RAYMOND
2026-01-02 12:30:03,981 | WARNING | src.core.engine | RAYMOND: Risk Governor REJECTED - [EmergencyStop] Emergency stop check failed: 'SystemState' object has no attribute 'get'
2026-01-02 12:30:03,983 | INFO | src.core.risk_governor | Risk Governor evaluating trade: BLUEDART x 1
2026-01-02 12:30:03,984 | ERROR | src.core.risk_governor | EmergencyStopRule error: 'SystemState' object has no attribute 'get'
2026-01-02 12:30:03,984 | WARNING | src.core.risk_governor | Trade REJECTED by EmergencyStop: BLUEDART
2026-01-02 12:30:03,984 | WARNING | src.core.engine | BLUEDART: Risk Governor REJECTED - [EmergencyStop] Emergency stop check failed: 'SystemState' object has no attribute 'get'
2026-01-02 12:30:03,985 | INFO | src.core.risk_governor | Risk Governor evaluating trade: TATACONSUM x 1
2026-01-02 12:30:03,986 | ERROR | src.core.risk_governor | EmergencyStopRule error: 'SystemState' object has no attribute 'get'
2026-01-02 12:30:03,986 | WARNING | src.core.risk_governor | Trade REJECTED by EmergencyStop: TATACONSUM
2026-01-02 12:30:03,986 | WARNING | src.core.engine | TATACONSUM: Risk Governor REJECTED - [EmergencyStop] Emergency stop check failed: 'SystemState' object has no attribute 'get'
2026-01-02 12:43:13,114 | INFO | config.enhanced_config_manager | Timing config loaded: enabled=False
2026-01-02 12:43:13,115 | INFO | src.utils.sector_manager | Sector manager initialized
2026-01-02 12:43:13,115 | INFO | src.core.risk_manager | Risk Manager initialized with comprehensive risk controls
2026-01-02 12:43:13,115 | INFO | src.core.risk_governor | Added risk rule: EmergencyStop (priority: 5)
2026-01-02 12:43:13,115 | INFO | src.core.risk_governor | Added risk rule: MarketHours (priority: 10)
2026-01-02 12:43:13,116 | ERROR | root | Live trading error
Traceback (most recent call last):
  File "D:\Experimentals\TradingBot\Excel_driven_code\main.py", line 410, in run_live_trading
    trader = LiveTradingMode(capital_params, trade_params, "state/live", timing_enabled)
  File "D:\Experimentals\TradingBot\Excel_driven_code\src\utils\..\..\src\execution\live.py", line 64, in __init__
    super().__init__("LIVE", capital_params, trade_params, state_dir, timing_enabled)
    ~~~~~~~~~~~~~~~~^^^^^^^^^^^^^^^^^^^^^^^^^^^^^^^^^^^^^^^^^^^^^^^^^^^^^^^^^^^^^^^^^
  File "D:\Experimentals\TradingBot\Excel_driven_code\src\utils\..\..\src\execution\adapter.py", line 63, in __init__
    self.engine = TradingEngine(capital_params, trade_params, self.state, timing_enabled, symbols)
                  ~~~~~~~~~~~~~^^^^^^^^^^^^^^^^^^^^^^^^^^^^^^^^^^^^^^^^^^^^^^^^^^^^^^^^^^^^^^^^^^^
  File "D:\Experimentals\TradingBot\Excel_driven_code\src\core\engine.py", line 69, in __init__
    self.risk_governor = RiskGovernor(self.risk_manager, state_manager)
                         ~~~~~~~~~~~~^^^^^^^^^^^^^^^^^^^^^^^^^^^^^^^^^^
  File "D:\Experimentals\TradingBot\Excel_driven_code\src\core\risk_governor.py", line 313, in __init__
    self._initialize_default_rules()
    ~~~~~~~~~~~~~~~~~~~~~~~~~~~~~~^^
  File "D:\Experimentals\TradingBot\Excel_driven_code\src\core\risk_governor.py", line 336, in _initialize_default_rules
    self.add_rule(DailyLossLimitRule(capital_params.daily_loss_limit))
                                     ^^^^^^^^^^^^^^^^^^^^^^^^^^^^^^^
AttributeError: 'CapitalParameters' object has no attribute 'daily_loss_limit'
2026-01-02 13:07:48,996 | INFO | config.enhanced_config_manager | Timing config loaded: enabled=False
2026-01-02 13:07:48,997 | INFO | src.utils.sector_manager | Sector manager initialized
2026-01-02 13:07:48,997 | INFO | src.core.risk_manager | Risk Manager initialized with comprehensive risk controls
2026-01-02 13:07:48,997 | INFO | src.core.risk_governor | Added risk rule: EmergencyStop (priority: 5)
2026-01-02 13:07:48,998 | INFO | src.core.risk_governor | Added risk rule: MarketHours (priority: 10)
2026-01-02 13:07:48,998 | INFO | src.core.risk_governor | Added risk rule: DailyLossLimit (priority: 15)
2026-01-02 13:07:48,998 | INFO | src.core.risk_governor | Added risk rule: VolatilityAdjustment (priority: 25)
2026-01-02 13:07:48,998 | INFO | src.core.risk_governor | Risk Governor initialized with 4 risk rules
2026-01-02 13:07:56,124 | WARNING | src.core.engine | Failed to initialize adaptive strategies: attempted relative import beyond top-level package
2026-01-02 13:07:56,124 | INFO | src.core.engine | Trading engine initialized with timing intelligence disabled
2026-01-02 13:07:56,125 | INFO | src.core.engine | Trading engine initialized with enhanced risk management
2026-01-02 13:07:56,125 | INFO | src.execution.adapter | Initialized LIVE execution adapter
2026-01-02 13:07:56,125 | INFO | src.broker.zerodha | ZerodhaBroker initialized in LIVE mode
2026-01-02 13:07:56,912 | INFO | src.broker.zerodha | ✓ Zerodha connected: Harendra Kumar
2026-01-02 13:07:56,912 | INFO | src.execution.live | ✓ Connected to Zerodha: Harendra Kumar
2026-01-02 13:07:57,045 | INFO | src.core.reconciliation | [RECON] Broker has 0 open orders: []
2026-01-02 13:07:57,046 | INFO | src.core.reconciliation | [RECON] Local has 0 orders: []
2026-01-02 13:07:57,051 | INFO | src.execution.live | Reconciliation OK | Positions fixed=0, Ghost removed=0, Closed cleaned=0, Orders fixed=0
2026-01-02 13:07:57,117 | INFO | src.execution.live | LIVE CAPITAL OVERRIDE: total_capital set from broker data: 5,000.00 -> 990.59 (available: 842.00)
2026-01-02 13:07:57,118 | INFO | src.execution.live | ======================================================================
2026-01-02 13:07:57,118 | INFO | src.execution.live | CAPITAL BREAKDOWN AFTER RECONCILIATION
2026-01-02 13:07:57,118 | INFO | src.execution.live | ======================================================================
2026-01-02 13:07:57,119 | INFO | src.execution.live | Total Capital:        ₹      990.59
2026-01-02 13:07:57,119 | INFO | src.execution.live | - Position Exposure:  ₹        0.00
2026-01-02 13:07:57,119 | INFO | src.execution.live | - Pending Orders:     ₹        0.00
2026-01-02 13:07:57,119 | INFO | src.execution.live | - Safety Buffer (15%): ₹      148.59
2026-01-02 13:07:57,119 | INFO | src.execution.live | = AVAILABLE CAPITAL:  ₹      842.00
2026-01-02 13:07:57,120 | INFO | src.execution.live | ======================================================================
2026-01-02 13:07:57,120 | INFO | src.execution.live | No open positions
2026-01-02 13:07:57,120 | INFO | src.execution.live | No pending orders
2026-01-02 13:07:57,120 | INFO | src.execution.live | ======================================================================
2026-01-02 13:07:57,120 | INFO | src.execution.live | Live trading mode initialized
2026-01-02 13:07:57,120 | INFO | __main__ | Starting position reconciliation...
2026-01-02 13:07:57,185 | INFO | __main__ | Position reconciliation completed - no discrepancies
2026-01-02 13:08:03,646 | INFO | src.screener.excel_screener | Excel screener initialized: MiniRobo.xlsx
2026-01-02 13:08:03,646 | INFO | src.screener.excel_screener | ============================================================
2026-01-02 13:08:03,647 | INFO | src.screener.excel_screener | STARTING EXCEL-DRIVEN SCREENER
2026-01-02 13:08:03,647 | INFO | src.screener.excel_screener | ============================================================
2026-01-02 13:08:05,377 | INFO | src.screener.excel_screener | Loaded 14 screener rules
2026-01-02 13:08:05,988 | INFO | src.screener.excel_screener | 
 ACTIVE FILTER RULES:
2026-01-02 13:08:07,280 | INFO | src.screener.excel_screener | Loaded 100 enabled stocks from universe
2026-01-02 13:08:09,244 | INFO | src.screener.excel_screener | Loaded sector mapping for 100 symbols
2026-01-02 13:08:16,680 | INFO | src.screener.excel_screener | Market Trend: BULLISH
2026-01-02 13:08:18,648 | INFO | src.screener.excel_screener | Successfully fetched data for 100/100 symbols
2026-01-02 13:08:18,648 | INFO | src.screener.excel_screener | Bulk data received: 100 symbols with data
2026-01-02 13:08:18,867 | INFO | src.screener.excel_screener | Starting screening of 100 symbols. Bulk data has 100 entries
2026-01-02 13:08:18,867 | INFO | src.screener.excel_screener | HDFCBANK: Processing 60 bars
2026-01-02 13:08:18,872 | INFO | src.screener.excel_screener | ICICIBANK: Processing 60 bars
2026-01-02 13:08:18,876 | INFO | src.screener.excel_screener | KOTAKBANK: Processing 60 bars
2026-01-02 13:08:18,883 | INFO | src.screener.excel_screener | AXISBANK: Processing 60 bars
2026-01-02 13:08:18,887 | INFO | src.screener.excel_screener | SBIN: Processing 60 bars
2026-01-02 13:08:18,893 | INFO | src.screener.excel_screener | TCS: Processing 60 bars
2026-01-02 13:08:18,898 | INFO | src.screener.excel_screener | INFY: Processing 60 bars
2026-01-02 13:08:18,903 | INFO | src.screener.excel_screener | HCLTECH: Processing 60 bars
2026-01-02 13:08:18,908 | INFO | src.screener.excel_screener | WIPRO: Processing 60 bars
2026-01-02 13:08:18,914 | INFO | src.screener.excel_screener | TECHM: Processing 60 bars
2026-01-02 13:08:18,918 | INFO | src.screener.excel_screener | SUNPHARMA: Processing 60 bars
2026-01-02 13:08:18,923 | INFO | src.screener.excel_screener | CIPLA: Processing 60 bars
2026-01-02 13:08:18,929 | INFO | src.screener.excel_screener | DRREDDY: Processing 60 bars
2026-01-02 13:08:18,934 | INFO | src.screener.excel_screener | LUPIN: Processing 60 bars
2026-01-02 13:08:18,938 | INFO | src.screener.excel_screener | TORNTPHARM: Processing 60 bars
2026-01-02 13:08:18,943 | INFO | src.screener.excel_screener | HINDUNILVR: Processing 60 bars
2026-01-02 13:08:18,949 | INFO | src.screener.excel_screener | ITC: Processing 60 bars
2026-01-02 13:08:18,954 | INFO | src.screener.excel_screener | NESTLEIND: Processing 60 bars
2026-01-02 13:08:18,958 | INFO | src.screener.excel_screener | BRITANNIA: Processing 59 bars
2026-01-02 13:08:18,963 | INFO | src.screener.excel_screener | DABUR: Processing 60 bars
2026-01-02 13:08:18,968 | INFO | src.screener.excel_screener | MARUTI: Processing 60 bars
2026-01-02 13:08:18,972 | INFO | src.screener.excel_screener | M&M: Processing 60 bars
2026-01-02 13:08:18,977 | INFO | src.screener.excel_screener | BAJAJ-AUTO: Processing 60 bars
2026-01-02 13:08:18,982 | INFO | src.screener.excel_screener | EICHERMOT: Processing 60 bars
2026-01-02 13:08:18,986 | INFO | src.screener.excel_screener | RELIANCE: Processing 60 bars
2026-01-02 13:08:18,990 | INFO | src.screener.excel_screener | ONGC: Processing 60 bars
2026-01-02 13:08:18,997 | INFO | src.screener.excel_screener | BPCL: Processing 60 bars
2026-01-02 13:08:19,001 | INFO | src.screener.excel_screener | IOC: Processing 60 bars
2026-01-02 13:08:19,005 | INFO | src.screener.excel_screener | GAIL: Processing 60 bars
2026-01-02 13:08:19,009 | INFO | src.screener.excel_screener | TATASTEEL: Processing 60 bars
2026-01-02 13:08:19,015 | INFO | src.screener.excel_screener | HINDALCO: Processing 60 bars
2026-01-02 13:08:19,020 | INFO | src.screener.excel_screener | JSWSTEEL: Processing 60 bars
2026-01-02 13:08:19,024 | INFO | src.screener.excel_screener | COALINDIA: Processing 60 bars
2026-01-02 13:08:19,030 | INFO | src.screener.excel_screener | VEDL: Processing 60 bars
2026-01-02 13:08:19,034 | INFO | src.screener.excel_screener | ULTRACEMCO: Processing 60 bars
2026-01-02 13:08:19,038 | INFO | src.screener.excel_screener | SHREECEM: Processing 58 bars
2026-01-02 13:08:19,044 | INFO | src.screener.excel_screener | AMBUJACEM: Processing 60 bars
2026-01-02 13:08:19,049 | INFO | src.screener.excel_screener | ACC: Processing 60 bars
2026-01-02 13:08:19,052 | INFO | src.screener.excel_screener | DALBHARAT: Processing 58 bars
2026-01-02 13:08:19,056 | INFO | src.screener.excel_screener | POWERGRID: Processing 60 bars
2026-01-02 13:08:19,061 | INFO | src.screener.excel_screener | NTPC: Processing 60 bars
2026-01-02 13:08:19,066 | INFO | src.screener.excel_screener | ADANIGREEN: Processing 60 bars
2026-01-02 13:08:19,070 | INFO | src.screener.excel_screener | TATAPOWER: Processing 60 bars
2026-01-02 13:08:19,075 | INFO | src.screener.excel_screener | JSWENERGY: Processing 60 bars
2026-01-02 13:08:19,080 | INFO | src.screener.excel_screener | BHARTIARTL: Processing 60 bars
2026-01-02 13:08:19,085 | INFO | src.screener.excel_screener | JIOFIN: Processing 58 bars
2026-01-02 13:08:19,089 | INFO | src.screener.excel_screener | IDEA: Processing 60 bars
2026-01-02 13:08:19,093 | INFO | src.screener.excel_screener | INDUSTOWER: Processing 60 bars
2026-01-02 13:08:19,098 | INFO | src.screener.excel_screener | TATACOMM: Processing 59 bars
2026-01-02 13:08:19,102 | INFO | src.screener.excel_screener | UPL: Processing 60 bars
2026-01-02 13:08:19,106 | INFO | src.screener.excel_screener | SRF: Processing 59 bars
2026-01-02 13:08:19,111 | INFO | src.screener.excel_screener | PIDILITIND: Processing 60 bars
2026-01-02 13:08:19,116 | INFO | src.screener.excel_screener | ASIANPAINT: Processing 60 bars
2026-01-02 13:08:19,120 | INFO | src.screener.excel_screener | AARTIIND: Processing 60 bars
2026-01-02 13:08:19,124 | INFO | src.screener.excel_screener | LT: Processing 60 bars
2026-01-02 13:08:19,129 | INFO | src.screener.excel_screener | SIEMENS: Processing 60 bars
2026-01-02 13:08:19,133 | INFO | src.screener.excel_screener | ABB: Processing 59 bars
2026-01-02 13:08:19,137 | INFO | src.screener.excel_screener | BHEL: Processing 60 bars
2026-01-02 13:08:19,141 | INFO | src.screener.excel_screener | CUMMINSIND: Processing 60 bars
2026-01-02 13:08:19,146 | INFO | src.screener.excel_screener | APOLLOHOSP: Processing 60 bars
2026-01-02 13:08:19,150 | INFO | src.screener.excel_screener | MAXHEALTH: Processing 60 bars
2026-01-02 13:08:19,154 | INFO | src.screener.excel_screener | NH: Processing 60 bars
2026-01-02 13:08:19,158 | INFO | src.screener.excel_screener | FORTIS: Processing 60 bars
2026-01-02 13:08:19,163 | INFO | src.screener.excel_screener | MEDANTA: Processing 59 bars
2026-01-02 13:08:19,168 | INFO | src.screener.excel_screener | DLF: Processing 60 bars
2026-01-02 13:08:19,173 | INFO | src.screener.excel_screener | GODREJPROP: Processing 60 bars
2026-01-02 13:08:19,178 | INFO | src.screener.excel_screener | OBEROIRLTY: Processing 59 bars
2026-01-02 13:08:19,182 | INFO | src.screener.excel_screener | PRESTIGE: Processing 60 bars
2026-01-02 13:08:19,186 | INFO | src.screener.excel_screener | BRIGADE: Processing 60 bars
2026-01-02 13:08:19,191 | INFO | src.screener.excel_screener | TITAN: Processing 60 bars
2026-01-02 13:08:19,196 | INFO | src.screener.excel_screener | HAVELLS: Processing 60 bars
2026-01-02 13:08:19,201 | INFO | src.screener.excel_screener | VOLTAS: Processing 60 bars
2026-01-02 13:08:19,205 | INFO | src.screener.excel_screener | BLUESTARCO: Processing 59 bars
2026-01-02 13:08:19,211 | INFO | src.screener.excel_screener | CROMPTON: Processing 60 bars
2026-01-02 13:08:19,216 | INFO | src.screener.excel_screener | PAGEIND: Processing 58 bars
2026-01-02 13:08:19,220 | INFO | src.screener.excel_screener | ABFRL: Processing 60 bars
2026-01-02 13:08:19,225 | INFO | src.screener.excel_screener | RAYMOND: Processing 60 bars
2026-01-02 13:08:19,232 | INFO | src.screener.excel_screener | GRASIM: Processing 60 bars
2026-01-02 13:08:19,237 | INFO | src.screener.excel_screener | TRIDENT: Processing 60 bars
2026-01-02 13:08:19,242 | INFO | src.screener.excel_screener | ZEEL: Processing 60 bars
2026-01-02 13:08:19,248 | INFO | src.screener.excel_screener | PVRINOX: Processing 58 bars
2026-01-02 13:08:19,253 | INFO | src.screener.excel_screener | SUNTV: Processing 59 bars
2026-01-02 13:08:19,257 | INFO | src.screener.excel_screener | SAREGAMA: Processing 59 bars
2026-01-02 13:08:19,264 | INFO | src.screener.excel_screener | MAHLOG: Processing 59 bars
2026-01-02 13:08:19,268 | INFO | src.screener.excel_screener | BLUEDART: Processing 58 bars
2026-01-02 13:08:19,273 | INFO | src.screener.excel_screener | VRLLOG: Processing 59 bars
2026-01-02 13:08:19,281 | INFO | src.screener.excel_screener | TCIEXP: Processing 60 bars
2026-01-02 13:08:19,285 | INFO | src.screener.excel_screener | CONCOR: Processing 60 bars
2026-01-02 13:08:19,290 | INFO | src.screener.excel_screener | DMART: Processing 60 bars
2026-01-02 13:08:19,296 | INFO | src.screener.excel_screener | TRENT: Processing 60 bars
2026-01-02 13:08:19,301 | INFO | src.screener.excel_screener | VMART: Processing 59 bars
2026-01-02 13:08:19,305 | INFO | src.screener.excel_screener | SHOPERSTOP: Processing 59 bars
2026-01-02 13:08:19,313 | INFO | src.screener.excel_screener | RELAXO: Processing 59 bars
2026-01-02 13:08:19,318 | INFO | src.screener.excel_screener | HAL: Processing 60 bars
2026-01-02 13:08:19,322 | INFO | src.screener.excel_screener | BEL: Processing 60 bars
2026-01-02 13:08:19,327 | INFO | src.screener.excel_screener | BDL: Processing 60 bars
2026-01-02 13:08:19,333 | INFO | src.screener.excel_screener | MAZDOCK: Processing 60 bars
2026-01-02 13:08:19,337 | INFO | src.screener.excel_screener | SOLARINDS: Processing 60 bars
2026-01-02 13:08:19,343 | INFO | src.screener.excel_screener | SHRIRAMFIN: Processing 60 bars
2026-01-02 13:08:19,348 | INFO | src.screener.excel_screener | TATACONSUM: Processing 60 bars
2026-01-02 13:08:19,352 | INFO | src.screener.excel_screener | 
📊 REJECTION STATISTICS:
2026-01-02 13:08:19,352 | INFO | src.screener.excel_screener |    Total Processed: 100
2026-01-02 13:08:19,352 | INFO | src.screener.excel_screener |    Passed: 20
2026-01-02 13:08:19,353 | INFO | src.screener.excel_screener |    Rejected: 80
2026-01-02 13:08:19,353 | INFO | src.screener.excel_screener | 
   Top Rejection Reasons:
2026-01-02 13:08:19,353 | INFO | src.screener.excel_screener | Metrics calculated: 100, Passed: 20, Rejected: 80, Insufficient bars: 0, Missing data: 0
2026-01-02 13:08:19,354 | INFO | src.screener.excel_screener | Max trades (adjusted for BULLISH): 8
2026-01-02 13:08:19,355 | INFO | src.screener.excel_screener | 
============================================================
2026-01-02 13:08:19,355 | INFO | src.screener.excel_screener | TOP PICKS:
2026-01-02 13:08:19,355 | INFO | src.screener.excel_screener | ============================================================
2026-01-02 13:08:19,356 | INFO | src.screener.excel_screener | INDUSTOWER | Score:  45.29 | Price: Rs. 435.80 | BULLISH_TREND,STRONG_TREND
2026-01-02 13:08:19,356 | INFO | src.screener.excel_screener | RAYMOND    | Score:  40.43 | Price: Rs. 425.60 | STRONG_TREND
2026-01-02 13:08:19,357 | INFO | src.screener.excel_screener | HINDALCO   | Score:  38.74 | Price: Rs. 894.95 | BULLISH_TREND,STRONG_TREND
2026-01-02 13:08:19,357 | INFO | src.screener.excel_screener | CUMMINSIND | Score:  36.69 | Price: Rs.4470.60 | NEAR_EMA20,BULLISH_TREND,HIGH_VOLUME
2026-01-02 13:08:19,357 | INFO | src.screener.excel_screener | SRF        | Score:  35.14 | Price: Rs.3057.30 | NEAR_EMA20,BULLISH_TREND
2026-01-02 13:08:20,886 | INFO | src.screener.excel_screener | Written 8 results to Excel: SCREENER_OUTPUT
2026-01-02 13:08:21,452 | INFO | src.screener.excel_screener | ============================================================
2026-01-02 13:08:21,453 | INFO | src.screener.excel_screener | SCREENER COMPLETE
2026-01-02 13:08:21,453 | INFO | src.screener.excel_screener | ============================================================
2026-01-02 13:08:21,455 | INFO | src.core.risk_governor | Risk Governor evaluating trade: HINDALCO x 1
2026-01-02 13:08:21,455 | INFO | src.core.risk_manager | Risk assessment for HINDALCO: REJECTED (Score: 50.0, Level: MEDIUM)
2026-01-02 13:08:21,456 | WARNING | src.core.risk_governor | Risk Governor final decision: REJECT for HINDALCO
2026-01-02 13:08:21,456 | WARNING | src.core.engine | HINDALCO: Risk Governor REJECTED - Position value exceeds limit: ₹895 > ₹500; Sector limit exceeded: Unknown exposure would be 90.3%; High correlation exposure: 90.3%
2026-01-02 13:08:21,457 | INFO | src.core.risk_governor | Risk Governor evaluating trade: INDUSTOWER x 1
2026-01-02 13:08:21,457 | INFO | src.core.risk_manager | Risk assessment for INDUSTOWER: REJECTED (Score: 60.0, Level: HIGH)
2026-01-02 13:08:21,457 | WARNING | src.core.risk_governor | Risk Governor final decision: REJECT for INDUSTOWER
2026-01-02 13:08:21,457 | WARNING | src.core.engine | INDUSTOWER: Risk Governor REJECTED - Sector limit exceeded: Unknown exposure would be 44.0%
2026-01-02 13:08:21,458 | INFO | src.core.risk_governor | Risk Governor evaluating trade: UPL x 1
2026-01-02 13:08:21,458 | INFO | src.core.risk_manager | Risk assessment for UPL: REJECTED (Score: 50.0, Level: MEDIUM)
2026-01-02 13:08:21,458 | WARNING | src.core.risk_governor | Risk Governor final decision: REJECT for UPL
2026-01-02 13:08:21,458 | WARNING | src.core.engine | UPL: Risk Governor REJECTED - Position value exceeds limit: ₹805 > ₹500; Sector limit exceeded: Unknown exposure would be 81.3%; High correlation exposure: 81.3%
2026-01-02 13:08:21,459 | INFO | src.core.risk_governor | Risk Governor evaluating trade: SRF x 1
2026-01-02 13:08:21,459 | INFO | src.core.risk_manager | Risk assessment for SRF: REJECTED (Score: 50.0, Level: MEDIUM)
2026-01-02 13:08:21,459 | WARNING | src.core.risk_governor | Risk Governor final decision: REJECT for SRF
2026-01-02 13:08:21,460 | WARNING | src.core.engine | SRF: Risk Governor REJECTED - Position value exceeds limit: ₹3,057 > ₹500; Sector limit exceeded: Unknown exposure would be 308.6%; High correlation exposure: 308.6%
2026-01-02 13:08:21,461 | INFO | src.core.risk_governor | Risk Governor evaluating trade: CUMMINSIND x 1
2026-01-02 13:08:21,461 | INFO | src.core.risk_manager | Risk assessment for CUMMINSIND: REJECTED (Score: 50.0, Level: MEDIUM)
2026-01-02 13:08:21,461 | WARNING | src.core.risk_governor | Risk Governor final decision: REJECT for CUMMINSIND
2026-01-02 13:08:21,461 | WARNING | src.core.engine | CUMMINSIND: Risk Governor REJECTED - Position value exceeds limit: ₹4,471 > ₹500; Sector limit exceeded: Unknown exposure would be 451.3%; High correlation exposure: 451.3%
2026-01-02 13:08:21,462 | INFO | src.core.risk_governor | Risk Governor evaluating trade: RAYMOND x 1
2026-01-02 13:08:21,462 | INFO | src.core.risk_manager | Risk assessment for RAYMOND: REJECTED (Score: 60.0, Level: HIGH)
2026-01-02 13:08:21,463 | WARNING | src.core.risk_governor | Risk Governor final decision: REJECT for RAYMOND
2026-01-02 13:08:21,463 | WARNING | src.core.engine | RAYMOND: Risk Governor REJECTED - Sector limit exceeded: Unknown exposure would be 43.0%
2026-01-02 13:08:21,463 | INFO | src.core.risk_governor | Risk Governor evaluating trade: BLUEDART x 1
2026-01-02 13:08:21,464 | INFO | src.core.risk_manager | Risk assessment for BLUEDART: REJECTED (Score: 50.0, Level: MEDIUM)
2026-01-02 13:08:21,464 | WARNING | src.core.risk_governor | Risk Governor final decision: REJECT for BLUEDART
2026-01-02 13:08:21,464 | WARNING | src.core.engine | BLUEDART: Risk Governor REJECTED - Position value exceeds limit: ₹5,676 > ₹500; Sector limit exceeded: Unknown exposure would be 573.0%; High correlation exposure: 573.0%
2026-01-02 13:08:21,465 | INFO | src.core.risk_governor | Risk Governor evaluating trade: TATACONSUM x 1
2026-01-02 13:08:21,465 | INFO | src.core.risk_manager | Risk assessment for TATACONSUM: REJECTED (Score: 50.0, Level: MEDIUM)
2026-01-02 13:08:21,465 | WARNING | src.core.risk_governor | Risk Governor final decision: REJECT for TATACONSUM
2026-01-02 13:08:21,465 | WARNING | src.core.engine | TATACONSUM: Risk Governor REJECTED - Position value exceeds limit: ₹1,177 > ₹500; Sector limit exceeded: Unknown exposure would be 118.8%; High correlation exposure: 118.8%
2026-01-02 13:13:21,916 | INFO | src.screener.excel_screener | ============================================================
2026-01-02 13:13:21,917 | INFO | src.screener.excel_screener | STARTING EXCEL-DRIVEN SCREENER
2026-01-02 13:13:21,917 | INFO | src.screener.excel_screener | ============================================================
2026-01-02 13:13:23,494 | INFO | src.screener.excel_screener | Loaded 14 screener rules
2026-01-02 13:13:24,082 | INFO | src.screener.excel_screener | 
 ACTIVE FILTER RULES:
2026-01-02 13:13:25,547 | INFO | src.screener.excel_screener | Loaded 100 enabled stocks from universe
2026-01-02 13:13:27,553 | INFO | src.screener.excel_screener | Loaded sector mapping for 100 symbols
2026-01-02 13:13:28,244 | INFO | src.screener.excel_screener | Market Trend: BULLISH
2026-01-02 13:13:29,826 | INFO | src.screener.excel_screener | Successfully fetched data for 100/100 symbols
2026-01-02 13:13:29,826 | INFO | src.screener.excel_screener | Bulk data received: 100 symbols with data
2026-01-02 13:13:30,006 | INFO | src.screener.excel_screener | Starting screening of 100 symbols. Bulk data has 100 entries
2026-01-02 13:13:30,006 | INFO | src.screener.excel_screener | HDFCBANK: Processing 60 bars
2026-01-02 13:13:30,016 | INFO | src.screener.excel_screener | ICICIBANK: Processing 60 bars
2026-01-02 13:13:30,024 | INFO | src.screener.excel_screener | KOTAKBANK: Processing 60 bars
2026-01-02 13:13:30,031 | INFO | src.screener.excel_screener | AXISBANK: Processing 60 bars
2026-01-02 13:13:30,039 | INFO | src.screener.excel_screener | SBIN: Processing 60 bars
2026-01-02 13:13:30,045 | INFO | src.screener.excel_screener | TCS: Processing 60 bars
2026-01-02 13:13:30,053 | INFO | src.screener.excel_screener | INFY: Processing 60 bars
2026-01-02 13:13:30,058 | INFO | src.screener.excel_screener | HCLTECH: Processing 60 bars
2026-01-02 13:13:30,064 | INFO | src.screener.excel_screener | WIPRO: Processing 60 bars
2026-01-02 13:13:30,072 | INFO | src.screener.excel_screener | TECHM: Processing 60 bars
2026-01-02 13:13:30,077 | INFO | src.screener.excel_screener | SUNPHARMA: Processing 60 bars
2026-01-02 13:13:30,082 | INFO | src.screener.excel_screener | CIPLA: Processing 60 bars
2026-01-02 13:13:30,090 | INFO | src.screener.excel_screener | DRREDDY: Processing 60 bars
2026-01-02 13:13:30,095 | INFO | src.screener.excel_screener | LUPIN: Processing 60 bars
2026-01-02 13:13:30,102 | INFO | src.screener.excel_screener | TORNTPHARM: Processing 60 bars
2026-01-02 13:13:30,108 | INFO | src.screener.excel_screener | HINDUNILVR: Processing 60 bars
2026-01-02 13:13:30,113 | INFO | src.screener.excel_screener | ITC: Processing 60 bars
2026-01-02 13:13:30,121 | INFO | src.screener.excel_screener | NESTLEIND: Processing 60 bars
2026-01-02 13:13:30,127 | INFO | src.screener.excel_screener | BRITANNIA: Processing 59 bars
2026-01-02 13:13:30,133 | INFO | src.screener.excel_screener | DABUR: Processing 60 bars
2026-01-02 13:13:30,141 | INFO | src.screener.excel_screener | MARUTI: Processing 60 bars
2026-01-02 13:13:30,148 | INFO | src.screener.excel_screener | M&M: Processing 60 bars
2026-01-02 13:13:30,155 | INFO | src.screener.excel_screener | BAJAJ-AUTO: Processing 60 bars
2026-01-02 13:13:30,161 | INFO | src.screener.excel_screener | EICHERMOT: Processing 60 bars
2026-01-02 13:13:30,166 | INFO | src.screener.excel_screener | RELIANCE: Processing 60 bars
2026-01-02 13:13:30,173 | INFO | src.screener.excel_screener | ONGC: Processing 60 bars
2026-01-02 13:13:30,179 | INFO | src.screener.excel_screener | BPCL: Processing 60 bars
2026-01-02 13:13:30,185 | INFO | src.screener.excel_screener | IOC: Processing 60 bars
2026-01-02 13:13:30,192 | INFO | src.screener.excel_screener | GAIL: Processing 60 bars
2026-01-02 13:13:30,198 | INFO | src.screener.excel_screener | TATASTEEL: Processing 60 bars
2026-01-02 13:13:30,206 | INFO | src.screener.excel_screener | HINDALCO: Processing 60 bars
2026-01-02 13:13:30,211 | INFO | src.screener.excel_screener | JSWSTEEL: Processing 60 bars
2026-01-02 13:13:30,219 | INFO | src.screener.excel_screener | COALINDIA: Processing 60 bars
2026-01-02 13:13:30,226 | INFO | src.screener.excel_screener | VEDL: Processing 60 bars
2026-01-02 13:13:30,231 | INFO | src.screener.excel_screener | ULTRACEMCO: Processing 60 bars
2026-01-02 13:13:30,239 | INFO | src.screener.excel_screener | SHREECEM: Processing 58 bars
2026-01-02 13:13:30,245 | INFO | src.screener.excel_screener | AMBUJACEM: Processing 60 bars
2026-01-02 13:13:30,251 | INFO | src.screener.excel_screener | ACC: Processing 60 bars
2026-01-02 13:13:30,260 | INFO | src.screener.excel_screener | DALBHARAT: Processing 58 bars
2026-01-02 13:13:30,269 | INFO | src.screener.excel_screener | POWERGRID: Processing 60 bars
2026-01-02 13:13:30,275 | INFO | src.screener.excel_screener | NTPC: Processing 60 bars
2026-01-02 13:13:30,282 | INFO | src.screener.excel_screener | ADANIGREEN: Processing 60 bars
2026-01-02 13:13:30,291 | INFO | src.screener.excel_screener | TATAPOWER: Processing 60 bars
2026-01-02 13:13:30,297 | INFO | src.screener.excel_screener | JSWENERGY: Processing 60 bars
2026-01-02 13:13:30,304 | INFO | src.screener.excel_screener | BHARTIARTL: Processing 60 bars
2026-01-02 13:13:30,308 | INFO | src.screener.excel_screener | JIOFIN: Processing 58 bars
2026-01-02 13:13:30,313 | INFO | src.screener.excel_screener | IDEA: Processing 60 bars
2026-01-02 13:13:30,319 | INFO | src.screener.excel_screener | INDUSTOWER: Processing 60 bars
2026-01-02 13:13:30,325 | INFO | src.screener.excel_screener | TATACOMM: Processing 59 bars
2026-01-02 13:13:30,332 | INFO | src.screener.excel_screener | UPL: Processing 60 bars
2026-01-02 13:13:30,343 | INFO | src.screener.excel_screener | SRF: Processing 59 bars
2026-01-02 13:13:30,351 | INFO | src.screener.excel_screener | PIDILITIND: Processing 60 bars
2026-01-02 13:13:30,363 | INFO | src.screener.excel_screener | ASIANPAINT: Processing 60 bars
2026-01-02 13:13:30,375 | INFO | src.screener.excel_screener | AARTIIND: Processing 60 bars
2026-01-02 13:13:30,388 | INFO | src.screener.excel_screener | LT: Processing 60 bars
2026-01-02 13:13:30,405 | INFO | src.screener.excel_screener | SIEMENS: Processing 60 bars
2026-01-02 13:13:30,415 | INFO | src.screener.excel_screener | ABB: Processing 59 bars
2026-01-02 13:13:30,423 | INFO | src.screener.excel_screener | BHEL: Processing 60 bars
2026-01-02 13:13:30,428 | INFO | src.screener.excel_screener | CUMMINSIND: Processing 60 bars
2026-01-02 13:13:30,435 | INFO | src.screener.excel_screener | APOLLOHOSP: Processing 60 bars
2026-01-02 13:13:30,442 | INFO | src.screener.excel_screener | MAXHEALTH: Processing 60 bars
2026-01-02 13:13:30,447 | INFO | src.screener.excel_screener | NH: Processing 60 bars
2026-01-02 13:13:30,459 | INFO | src.screener.excel_screener | FORTIS: Processing 60 bars
2026-01-02 13:13:30,468 | INFO | src.screener.excel_screener | MEDANTA: Processing 59 bars
2026-01-02 13:13:30,475 | INFO | src.screener.excel_screener | DLF: Processing 60 bars
2026-01-02 13:13:30,482 | INFO | src.screener.excel_screener | GODREJPROP: Processing 60 bars
2026-01-02 13:13:30,488 | INFO | src.screener.excel_screener | OBEROIRLTY: Processing 59 bars
2026-01-02 13:13:30,496 | INFO | src.screener.excel_screener | PRESTIGE: Processing 60 bars
2026-01-02 13:13:30,507 | INFO | src.screener.excel_screener | BRIGADE: Processing 60 bars
2026-01-02 13:13:30,515 | INFO | src.screener.excel_screener | TITAN: Processing 60 bars
2026-01-02 13:13:30,526 | INFO | src.screener.excel_screener | HAVELLS: Processing 60 bars
2026-01-02 13:13:30,531 | INFO | src.screener.excel_screener | VOLTAS: Processing 60 bars
2026-01-02 13:13:30,538 | INFO | src.screener.excel_screener | BLUESTARCO: Processing 59 bars
2026-01-02 13:13:30,544 | INFO | src.screener.excel_screener | CROMPTON: Processing 60 bars
2026-01-02 13:13:30,549 | INFO | src.screener.excel_screener | PAGEIND: Processing 58 bars
2026-01-02 13:13:30,558 | INFO | src.screener.excel_screener | ABFRL: Processing 60 bars
2026-01-02 13:13:30,565 | INFO | src.screener.excel_screener | RAYMOND: Processing 60 bars
2026-01-02 13:13:30,574 | INFO | src.screener.excel_screener | GRASIM: Processing 60 bars
2026-01-02 13:13:30,580 | INFO | src.screener.excel_screener | TRIDENT: Processing 60 bars
2026-01-02 13:13:30,589 | INFO | src.screener.excel_screener | ZEEL: Processing 60 bars
2026-01-02 13:13:30,596 | INFO | src.screener.excel_screener | PVRINOX: Processing 58 bars
2026-01-02 13:13:30,605 | INFO | src.screener.excel_screener | SUNTV: Processing 59 bars
2026-01-02 13:13:30,610 | INFO | src.screener.excel_screener | SAREGAMA: Processing 59 bars
2026-01-02 13:13:30,616 | INFO | src.screener.excel_screener | MAHLOG: Processing 59 bars
2026-01-02 13:13:30,623 | INFO | src.screener.excel_screener | BLUEDART: Processing 58 bars
2026-01-02 13:13:30,629 | INFO | src.screener.excel_screener | VRLLOG: Processing 59 bars
2026-01-02 13:13:30,637 | INFO | src.screener.excel_screener | TCIEXP: Processing 60 bars
2026-01-02 13:13:30,644 | INFO | src.screener.excel_screener | CONCOR: Processing 60 bars
2026-01-02 13:13:30,656 | INFO | src.screener.excel_screener | DMART: Processing 60 bars
2026-01-02 13:13:30,662 | INFO | src.screener.excel_screener | TRENT: Processing 60 bars
2026-01-02 13:13:30,671 | INFO | src.screener.excel_screener | VMART: Processing 59 bars
2026-01-02 13:13:30,677 | INFO | src.screener.excel_screener | SHOPERSTOP: Processing 59 bars
2026-01-02 13:13:30,688 | INFO | src.screener.excel_screener | RELAXO: Processing 59 bars
2026-01-02 13:13:30,695 | INFO | src.screener.excel_screener | HAL: Processing 60 bars
2026-01-02 13:13:30,703 | INFO | src.screener.excel_screener | BEL: Processing 60 bars
2026-01-02 13:13:30,711 | INFO | src.screener.excel_screener | BDL: Processing 60 bars
2026-01-02 13:13:30,719 | INFO | src.screener.excel_screener | MAZDOCK: Processing 60 bars
2026-01-02 13:13:30,725 | INFO | src.screener.excel_screener | SOLARINDS: Processing 60 bars
2026-01-02 13:13:30,733 | INFO | src.screener.excel_screener | SHRIRAMFIN: Processing 60 bars
2026-01-02 13:13:30,742 | INFO | src.screener.excel_screener | TATACONSUM: Processing 60 bars
2026-01-02 13:13:30,749 | INFO | src.screener.excel_screener | 
📊 REJECTION STATISTICS:
2026-01-02 13:13:30,749 | INFO | src.screener.excel_screener |    Total Processed: 100
2026-01-02 13:13:30,750 | INFO | src.screener.excel_screener |    Passed: 20
2026-01-02 13:13:30,750 | INFO | src.screener.excel_screener |    Rejected: 80
2026-01-02 13:13:30,751 | INFO | src.screener.excel_screener | 
   Top Rejection Reasons:
2026-01-02 13:13:30,751 | INFO | src.screener.excel_screener | Metrics calculated: 100, Passed: 20, Rejected: 80, Insufficient bars: 0, Missing data: 0
2026-01-02 13:13:30,754 | INFO | src.screener.excel_screener | Max trades (adjusted for BULLISH): 8
2026-01-02 13:13:30,754 | INFO | src.screener.excel_screener | 
============================================================
2026-01-02 13:13:30,754 | INFO | src.screener.excel_screener | TOP PICKS:
2026-01-02 13:13:30,755 | INFO | src.screener.excel_screener | ============================================================
2026-01-02 13:13:30,755 | INFO | src.screener.excel_screener | INDUSTOWER | Score:  45.29 | Price: Rs. 435.80 | BULLISH_TREND,STRONG_TREND
2026-01-02 13:13:30,756 | INFO | src.screener.excel_screener | RAYMOND    | Score:  40.43 | Price: Rs. 425.60 | STRONG_TREND
2026-01-02 13:13:30,756 | INFO | src.screener.excel_screener | HINDALCO   | Score:  38.74 | Price: Rs. 894.95 | BULLISH_TREND,STRONG_TREND
2026-01-02 13:13:30,756 | INFO | src.screener.excel_screener | CUMMINSIND | Score:  36.69 | Price: Rs.4470.60 | NEAR_EMA20,BULLISH_TREND,HIGH_VOLUME
2026-01-02 13:13:30,757 | INFO | src.screener.excel_screener | SRF        | Score:  35.14 | Price: Rs.3057.30 | NEAR_EMA20,BULLISH_TREND
2026-01-02 13:13:32,217 | INFO | src.screener.excel_screener | Written 8 results to Excel: SCREENER_OUTPUT
2026-01-02 13:13:32,773 | INFO | src.screener.excel_screener | ============================================================
2026-01-02 13:13:32,773 | INFO | src.screener.excel_screener | SCREENER COMPLETE
2026-01-02 13:13:32,774 | INFO | src.screener.excel_screener | ============================================================
2026-01-02 13:13:32,777 | INFO | src.core.risk_governor | Risk Governor evaluating trade: HINDALCO x 1
2026-01-02 13:13:32,777 | INFO | src.core.risk_manager | Risk assessment for HINDALCO: REJECTED (Score: 50.0, Level: MEDIUM)
2026-01-02 13:13:32,777 | WARNING | src.core.risk_governor | Risk Governor final decision: REJECT for HINDALCO
2026-01-02 13:13:32,777 | WARNING | src.core.engine | HINDALCO: Risk Governor REJECTED - Position value exceeds limit: ₹895 > ₹500; Sector limit exceeded: Unknown exposure would be 90.3%; High correlation exposure: 90.3%
2026-01-02 13:13:32,778 | INFO | src.core.risk_governor | Risk Governor evaluating trade: INDUSTOWER x 1
2026-01-02 13:13:32,779 | INFO | src.core.risk_manager | Risk assessment for INDUSTOWER: REJECTED (Score: 60.0, Level: HIGH)
2026-01-02 13:13:32,779 | WARNING | src.core.risk_governor | Risk Governor final decision: REJECT for INDUSTOWER
2026-01-02 13:13:32,779 | WARNING | src.core.engine | INDUSTOWER: Risk Governor REJECTED - Sector limit exceeded: Unknown exposure would be 44.0%
2026-01-02 13:13:32,780 | INFO | src.core.risk_governor | Risk Governor evaluating trade: UPL x 1
2026-01-02 13:13:32,780 | INFO | src.core.risk_manager | Risk assessment for UPL: REJECTED (Score: 50.0, Level: MEDIUM)
2026-01-02 13:13:32,780 | WARNING | src.core.risk_governor | Risk Governor final decision: REJECT for UPL
2026-01-02 13:13:32,781 | WARNING | src.core.engine | UPL: Risk Governor REJECTED - Position value exceeds limit: ₹805 > ₹500; Sector limit exceeded: Unknown exposure would be 81.3%; High correlation exposure: 81.3%
2026-01-02 13:13:32,782 | INFO | src.core.risk_governor | Risk Governor evaluating trade: SRF x 1
2026-01-02 13:13:32,782 | INFO | src.core.risk_manager | Risk assessment for SRF: REJECTED (Score: 50.0, Level: MEDIUM)
2026-01-02 13:13:32,782 | WARNING | src.core.risk_governor | Risk Governor final decision: REJECT for SRF
2026-01-02 13:13:32,782 | WARNING | src.core.engine | SRF: Risk Governor REJECTED - Position value exceeds limit: ₹3,057 > ₹500; Sector limit exceeded: Unknown exposure would be 308.6%; High correlation exposure: 308.6%
2026-01-02 13:13:32,783 | INFO | src.core.risk_governor | Risk Governor evaluating trade: CUMMINSIND x 1
2026-01-02 13:13:32,783 | INFO | src.core.risk_manager | Risk assessment for CUMMINSIND: REJECTED (Score: 50.0, Level: MEDIUM)
2026-01-02 13:13:32,784 | WARNING | src.core.risk_governor | Risk Governor final decision: REJECT for CUMMINSIND
2026-01-02 13:13:32,784 | WARNING | src.core.engine | CUMMINSIND: Risk Governor REJECTED - Position value exceeds limit: ₹4,471 > ₹500; Sector limit exceeded: Unknown exposure would be 451.3%; High correlation exposure: 451.3%
2026-01-02 13:13:32,785 | INFO | src.core.risk_governor | Risk Governor evaluating trade: RAYMOND x 1
2026-01-02 13:13:32,785 | INFO | src.core.risk_manager | Risk assessment for RAYMOND: REJECTED (Score: 60.0, Level: HIGH)
2026-01-02 13:13:32,785 | WARNING | src.core.risk_governor | Risk Governor final decision: REJECT for RAYMOND
2026-01-02 13:13:32,785 | WARNING | src.core.engine | RAYMOND: Risk Governor REJECTED - Sector limit exceeded: Unknown exposure would be 43.0%
2026-01-02 13:13:32,786 | INFO | src.core.risk_governor | Risk Governor evaluating trade: BLUEDART x 1
2026-01-02 13:13:32,787 | INFO | src.core.risk_manager | Risk assessment for BLUEDART: REJECTED (Score: 50.0, Level: MEDIUM)
2026-01-02 13:13:32,787 | WARNING | src.core.risk_governor | Risk Governor final decision: REJECT for BLUEDART
2026-01-02 13:13:32,787 | WARNING | src.core.engine | BLUEDART: Risk Governor REJECTED - Position value exceeds limit: ₹5,676 > ₹500; Sector limit exceeded: Unknown exposure would be 573.0%; High correlation exposure: 573.0%
2026-01-02 13:13:32,788 | INFO | src.core.risk_governor | Risk Governor evaluating trade: TATACONSUM x 1
2026-01-02 13:13:32,788 | INFO | src.core.risk_manager | Risk assessment for TATACONSUM: REJECTED (Score: 50.0, Level: MEDIUM)
2026-01-02 13:13:32,788 | WARNING | src.core.risk_governor | Risk Governor final decision: REJECT for TATACONSUM
2026-01-02 13:13:32,789 | WARNING | src.core.engine | TATACONSUM: Risk Governor REJECTED - Position value exceeds limit: ₹1,177 > ₹500; Sector limit exceeded: Unknown exposure would be 118.8%; High correlation exposure: 118.8%
2026-01-02 13:18:33,170 | INFO | src.screener.excel_screener | ============================================================
2026-01-02 13:18:33,171 | INFO | src.screener.excel_screener | STARTING EXCEL-DRIVEN SCREENER
2026-01-02 13:18:33,171 | INFO | src.screener.excel_screener | ============================================================
2026-01-02 13:18:34,504 | INFO | src.screener.excel_screener | Loaded 14 screener rules
2026-01-02 13:18:35,096 | INFO | src.screener.excel_screener | 
 ACTIVE FILTER RULES:
2026-01-02 13:18:36,562 | INFO | src.screener.excel_screener | Loaded 100 enabled stocks from universe
2026-01-02 13:18:38,600 | INFO | src.screener.excel_screener | Loaded sector mapping for 100 symbols
2026-01-02 13:18:39,330 | INFO | src.screener.excel_screener | Market Trend: BULLISH
2026-01-02 13:18:39,379 | INFO | src.screener.excel_screener | Successfully fetched data for 100/100 symbols
2026-01-02 13:18:39,379 | INFO | src.screener.excel_screener | Bulk data received: 100 symbols with data
2026-01-02 13:18:39,576 | INFO | src.screener.excel_screener | Starting screening of 100 symbols. Bulk data has 100 entries
2026-01-02 13:18:39,576 | INFO | src.screener.excel_screener | HDFCBANK: Processing 60 bars
2026-01-02 13:18:39,585 | INFO | src.screener.excel_screener | ICICIBANK: Processing 60 bars
2026-01-02 13:18:39,595 | INFO | src.screener.excel_screener | KOTAKBANK: Processing 60 bars
2026-01-02 13:18:39,599 | INFO | src.screener.excel_screener | AXISBANK: Processing 60 bars
2026-01-02 13:18:39,604 | INFO | src.screener.excel_screener | SBIN: Processing 60 bars
2026-01-02 13:18:39,609 | INFO | src.screener.excel_screener | TCS: Processing 60 bars
2026-01-02 13:18:39,614 | INFO | src.screener.excel_screener | INFY: Processing 60 bars
2026-01-02 13:18:39,619 | INFO | src.screener.excel_screener | HCLTECH: Processing 60 bars
2026-01-02 13:18:39,623 | INFO | src.screener.excel_screener | WIPRO: Processing 60 bars
2026-01-02 13:18:39,631 | INFO | src.screener.excel_screener | TECHM: Processing 60 bars
2026-01-02 13:18:39,635 | INFO | src.screener.excel_screener | SUNPHARMA: Processing 60 bars
2026-01-02 13:18:39,643 | INFO | src.screener.excel_screener | CIPLA: Processing 60 bars
2026-01-02 13:18:39,648 | INFO | src.screener.excel_screener | DRREDDY: Processing 60 bars
2026-01-02 13:18:39,652 | INFO | src.screener.excel_screener | LUPIN: Processing 60 bars
2026-01-02 13:18:39,658 | INFO | src.screener.excel_screener | TORNTPHARM: Processing 60 bars
2026-01-02 13:18:39,664 | INFO | src.screener.excel_screener | HINDUNILVR: Processing 60 bars
2026-01-02 13:18:39,668 | INFO | src.screener.excel_screener | ITC: Processing 60 bars
2026-01-02 13:18:39,675 | INFO | src.screener.excel_screener | NESTLEIND: Processing 60 bars
2026-01-02 13:18:39,681 | INFO | src.screener.excel_screener | BRITANNIA: Processing 59 bars
2026-01-02 13:18:39,688 | INFO | src.screener.excel_screener | DABUR: Processing 60 bars
2026-01-02 13:18:39,695 | INFO | src.screener.excel_screener | MARUTI: Processing 60 bars
2026-01-02 13:18:39,703 | INFO | src.screener.excel_screener | M&M: Processing 60 bars
2026-01-02 13:18:39,710 | INFO | src.screener.excel_screener | BAJAJ-AUTO: Processing 60 bars
2026-01-02 13:18:39,716 | INFO | src.screener.excel_screener | EICHERMOT: Processing 60 bars
2026-01-02 13:18:39,722 | INFO | src.screener.excel_screener | RELIANCE: Processing 60 bars
2026-01-02 13:18:39,731 | INFO | src.screener.excel_screener | ONGC: Processing 60 bars
2026-01-02 13:18:39,738 | INFO | src.screener.excel_screener | BPCL: Processing 60 bars
2026-01-02 13:18:39,750 | INFO | src.screener.excel_screener | IOC: Processing 60 bars
2026-01-02 13:18:39,787 | INFO | src.screener.excel_screener | GAIL: Processing 60 bars
2026-01-02 13:18:39,804 | INFO | src.screener.excel_screener | TATASTEEL: Processing 60 bars
2026-01-02 13:18:39,816 | INFO | src.screener.excel_screener | HINDALCO: Processing 60 bars
2026-01-02 13:18:39,828 | INFO | src.screener.excel_screener | JSWSTEEL: Processing 60 bars
2026-01-02 13:18:39,835 | INFO | src.screener.excel_screener | COALINDIA: Processing 60 bars
2026-01-02 13:18:39,846 | INFO | src.screener.excel_screener | VEDL: Processing 60 bars
2026-01-02 13:18:39,851 | INFO | src.screener.excel_screener | ULTRACEMCO: Processing 60 bars
2026-01-02 13:18:39,861 | INFO | src.screener.excel_screener | SHREECEM: Processing 58 bars
2026-01-02 13:18:39,866 | INFO | src.screener.excel_screener | AMBUJACEM: Processing 60 bars
2026-01-02 13:18:39,876 | INFO | src.screener.excel_screener | ACC: Processing 60 bars
2026-01-02 13:18:39,883 | INFO | src.screener.excel_screener | DALBHARAT: Processing 58 bars
2026-01-02 13:18:39,892 | INFO | src.screener.excel_screener | POWERGRID: Processing 60 bars
2026-01-02 13:18:39,897 | INFO | src.screener.excel_screener | NTPC: Processing 60 bars
2026-01-02 13:18:39,901 | INFO | src.screener.excel_screener | ADANIGREEN: Processing 60 bars
2026-01-02 13:18:39,905 | INFO | src.screener.excel_screener | TATAPOWER: Processing 60 bars
2026-01-02 13:18:39,912 | INFO | src.screener.excel_screener | JSWENERGY: Processing 60 bars
2026-01-02 13:18:39,916 | INFO | src.screener.excel_screener | BHARTIARTL: Processing 60 bars
2026-01-02 13:18:39,921 | INFO | src.screener.excel_screener | JIOFIN: Processing 58 bars
2026-01-02 13:18:39,930 | INFO | src.screener.excel_screener | IDEA: Processing 60 bars
2026-01-02 13:18:39,938 | INFO | src.screener.excel_screener | INDUSTOWER: Processing 60 bars
2026-01-02 13:18:39,951 | INFO | src.screener.excel_screener | TATACOMM: Processing 59 bars
2026-01-02 13:18:39,962 | INFO | src.screener.excel_screener | UPL: Processing 60 bars
2026-01-02 13:18:39,970 | INFO | src.screener.excel_screener | SRF: Processing 59 bars
2026-01-02 13:18:39,978 | INFO | src.screener.excel_screener | PIDILITIND: Processing 60 bars
2026-01-02 13:18:39,986 | INFO | src.screener.excel_screener | ASIANPAINT: Processing 60 bars
2026-01-02 13:18:39,992 | INFO | src.screener.excel_screener | AARTIIND: Processing 60 bars
2026-01-02 13:18:39,998 | INFO | src.screener.excel_screener | LT: Processing 60 bars
2026-01-02 13:18:40,002 | INFO | src.screener.excel_screener | SIEMENS: Processing 60 bars
2026-01-02 13:18:40,012 | INFO | src.screener.excel_screener | ABB: Processing 59 bars
2026-01-02 13:18:40,020 | INFO | src.screener.excel_screener | BHEL: Processing 60 bars
2026-01-02 13:18:40,027 | INFO | src.screener.excel_screener | CUMMINSIND: Processing 60 bars
2026-01-02 13:18:40,033 | INFO | src.screener.excel_screener | APOLLOHOSP: Processing 60 bars
2026-01-02 13:18:40,043 | INFO | src.screener.excel_screener | MAXHEALTH: Processing 60 bars
2026-01-02 13:18:40,051 | INFO | src.screener.excel_screener | NH: Processing 60 bars
2026-01-02 13:18:40,057 | INFO | src.screener.excel_screener | FORTIS: Processing 60 bars
2026-01-02 13:18:40,064 | INFO | src.screener.excel_screener | MEDANTA: Processing 59 bars
2026-01-02 13:18:40,073 | INFO | src.screener.excel_screener | DLF: Processing 60 bars
2026-01-02 13:18:40,082 | INFO | src.screener.excel_screener | GODREJPROP: Processing 60 bars
2026-01-02 13:18:40,090 | INFO | src.screener.excel_screener | OBEROIRLTY: Processing 59 bars
2026-01-02 13:18:40,102 | INFO | src.screener.excel_screener | PRESTIGE: Processing 60 bars
2026-01-02 13:18:40,113 | INFO | src.screener.excel_screener | BRIGADE: Processing 60 bars
2026-01-02 13:18:40,120 | INFO | src.screener.excel_screener | TITAN: Processing 60 bars
2026-01-02 13:18:40,125 | INFO | src.screener.excel_screener | HAVELLS: Processing 60 bars
2026-01-02 13:18:40,133 | INFO | src.screener.excel_screener | VOLTAS: Processing 60 bars
2026-01-02 13:18:40,143 | INFO | src.screener.excel_screener | BLUESTARCO: Processing 59 bars
2026-01-02 13:18:40,150 | INFO | src.screener.excel_screener | CROMPTON: Processing 60 bars
2026-01-02 13:18:40,163 | INFO | src.screener.excel_screener | PAGEIND: Processing 58 bars
2026-01-02 13:18:40,173 | INFO | src.screener.excel_screener | ABFRL: Processing 60 bars
2026-01-02 13:18:40,184 | INFO | src.screener.excel_screener | RAYMOND: Processing 60 bars
2026-01-02 13:18:40,200 | INFO | src.screener.excel_screener | GRASIM: Processing 60 bars
2026-01-02 13:18:40,215 | INFO | src.screener.excel_screener | TRIDENT: Processing 60 bars
2026-01-02 13:18:40,227 | INFO | src.screener.excel_screener | ZEEL: Processing 60 bars
2026-01-02 13:18:40,236 | INFO | src.screener.excel_screener | PVRINOX: Processing 58 bars
2026-01-02 13:18:40,246 | INFO | src.screener.excel_screener | SUNTV: Processing 59 bars
2026-01-02 13:18:40,258 | INFO | src.screener.excel_screener | SAREGAMA: Processing 59 bars
2026-01-02 13:18:40,269 | INFO | src.screener.excel_screener | MAHLOG: Processing 59 bars
2026-01-02 13:18:40,289 | INFO | src.screener.excel_screener | BLUEDART: Processing 58 bars
2026-01-02 13:18:40,305 | INFO | src.screener.excel_screener | VRLLOG: Processing 59 bars
2026-01-02 13:18:40,320 | INFO | src.screener.excel_screener | TCIEXP: Processing 60 bars
2026-01-02 13:18:40,336 | INFO | src.screener.excel_screener | CONCOR: Processing 60 bars
2026-01-02 13:18:40,352 | INFO | src.screener.excel_screener | DMART: Processing 60 bars
2026-01-02 13:18:40,368 | INFO | src.screener.excel_screener | TRENT: Processing 60 bars
2026-01-02 13:18:40,385 | INFO | src.screener.excel_screener | VMART: Processing 59 bars
2026-01-02 13:18:40,401 | INFO | src.screener.excel_screener | SHOPERSTOP: Processing 59 bars
2026-01-02 13:18:40,417 | INFO | src.screener.excel_screener | RELAXO: Processing 59 bars
2026-01-02 13:18:40,430 | INFO | src.screener.excel_screener | HAL: Processing 60 bars
2026-01-02 13:18:40,445 | INFO | src.screener.excel_screener | BEL: Processing 60 bars
2026-01-02 13:18:40,463 | INFO | src.screener.excel_screener | BDL: Processing 60 bars
2026-01-02 13:18:40,481 | INFO | src.screener.excel_screener | MAZDOCK: Processing 60 bars
2026-01-02 13:18:40,492 | INFO | src.screener.excel_screener | SOLARINDS: Processing 60 bars
2026-01-02 13:18:40,500 | INFO | src.screener.excel_screener | SHRIRAMFIN: Processing 60 bars
2026-01-02 13:18:40,509 | INFO | src.screener.excel_screener | TATACONSUM: Processing 60 bars
2026-01-02 13:18:40,520 | INFO | src.screener.excel_screener | 
📊 REJECTION STATISTICS:
2026-01-02 13:18:40,521 | INFO | src.screener.excel_screener |    Total Processed: 100
2026-01-02 13:18:40,521 | INFO | src.screener.excel_screener |    Passed: 20
2026-01-02 13:18:40,521 | INFO | src.screener.excel_screener |    Rejected: 80
2026-01-02 13:18:40,521 | INFO | src.screener.excel_screener | 
   Top Rejection Reasons:
2026-01-02 13:18:40,522 | INFO | src.screener.excel_screener | Metrics calculated: 100, Passed: 20, Rejected: 80, Insufficient bars: 0, Missing data: 0
2026-01-02 13:18:40,524 | INFO | src.screener.excel_screener | Max trades (adjusted for BULLISH): 8
2026-01-02 13:18:40,524 | INFO | src.screener.excel_screener | 
============================================================
2026-01-02 13:18:40,525 | INFO | src.screener.excel_screener | TOP PICKS:
2026-01-02 13:18:40,525 | INFO | src.screener.excel_screener | ============================================================
2026-01-02 13:18:40,526 | INFO | src.screener.excel_screener | INDUSTOWER | Score:  45.29 | Price: Rs. 435.80 | BULLISH_TREND,STRONG_TREND
2026-01-02 13:18:40,527 | INFO | src.screener.excel_screener | RAYMOND    | Score:  40.43 | Price: Rs. 425.60 | STRONG_TREND
2026-01-02 13:18:40,527 | INFO | src.screener.excel_screener | HINDALCO   | Score:  38.74 | Price: Rs. 894.95 | BULLISH_TREND,STRONG_TREND
2026-01-02 13:18:40,528 | INFO | src.screener.excel_screener | CUMMINSIND | Score:  36.69 | Price: Rs.4470.60 | NEAR_EMA20,BULLISH_TREND,HIGH_VOLUME
2026-01-02 13:18:40,529 | INFO | src.screener.excel_screener | SRF        | Score:  35.14 | Price: Rs.3057.30 | NEAR_EMA20,BULLISH_TREND
2026-01-02 13:18:42,154 | INFO | src.screener.excel_screener | Written 8 results to Excel: SCREENER_OUTPUT
2026-01-02 13:18:42,776 | INFO | src.screener.excel_screener | ============================================================
2026-01-02 13:18:42,777 | INFO | src.screener.excel_screener | SCREENER COMPLETE
2026-01-02 13:18:42,777 | INFO | src.screener.excel_screener | ============================================================
2026-01-02 13:18:42,779 | INFO | src.core.risk_governor | Risk Governor evaluating trade: HINDALCO x 1
2026-01-02 13:18:42,779 | INFO | src.core.risk_manager | Risk assessment for HINDALCO: REJECTED (Score: 50.0, Level: MEDIUM)
2026-01-02 13:18:42,779 | WARNING | src.core.risk_governor | Risk Governor final decision: REJECT for HINDALCO
2026-01-02 13:18:42,780 | WARNING | src.core.engine | HINDALCO: Risk Governor REJECTED - Position value exceeds limit: ₹895 > ₹500; Sector limit exceeded: Unknown exposure would be 90.3%; High correlation exposure: 90.3%
2026-01-02 13:18:42,780 | INFO | src.core.risk_governor | Risk Governor evaluating trade: INDUSTOWER x 1
2026-01-02 13:18:42,781 | INFO | src.core.risk_manager | Risk assessment for INDUSTOWER: REJECTED (Score: 60.0, Level: HIGH)
2026-01-02 13:18:42,781 | WARNING | src.core.risk_governor | Risk Governor final decision: REJECT for INDUSTOWER
2026-01-02 13:18:42,781 | WARNING | src.core.engine | INDUSTOWER: Risk Governor REJECTED - Sector limit exceeded: Unknown exposure would be 44.0%
2026-01-02 13:18:42,782 | INFO | src.core.risk_governor | Risk Governor evaluating trade: UPL x 1
2026-01-02 13:18:42,782 | INFO | src.core.risk_manager | Risk assessment for UPL: REJECTED (Score: 50.0, Level: MEDIUM)
2026-01-02 13:18:42,782 | WARNING | src.core.risk_governor | Risk Governor final decision: REJECT for UPL
2026-01-02 13:18:42,782 | WARNING | src.core.engine | UPL: Risk Governor REJECTED - Position value exceeds limit: ₹805 > ₹500; Sector limit exceeded: Unknown exposure would be 81.3%; High correlation exposure: 81.3%
2026-01-02 13:18:42,783 | INFO | src.core.risk_governor | Risk Governor evaluating trade: SRF x 1
2026-01-02 13:18:42,783 | INFO | src.core.risk_manager | Risk assessment for SRF: REJECTED (Score: 50.0, Level: MEDIUM)
2026-01-02 13:18:42,783 | WARNING | src.core.risk_governor | Risk Governor final decision: REJECT for SRF
2026-01-02 13:18:42,783 | WARNING | src.core.engine | SRF: Risk Governor REJECTED - Position value exceeds limit: ₹3,057 > ₹500; Sector limit exceeded: Unknown exposure would be 308.6%; High correlation exposure: 308.6%
2026-01-02 13:18:42,784 | INFO | src.core.risk_governor | Risk Governor evaluating trade: CUMMINSIND x 1
2026-01-02 13:18:42,784 | INFO | src.core.risk_manager | Risk assessment for CUMMINSIND: REJECTED (Score: 50.0, Level: MEDIUM)
2026-01-02 13:18:42,784 | WARNING | src.core.risk_governor | Risk Governor final decision: REJECT for CUMMINSIND
2026-01-02 13:18:42,785 | WARNING | src.core.engine | CUMMINSIND: Risk Governor REJECTED - Position value exceeds limit: ₹4,471 > ₹500; Sector limit exceeded: Unknown exposure would be 451.3%; High correlation exposure: 451.3%
2026-01-02 13:18:42,786 | INFO | src.core.risk_governor | Risk Governor evaluating trade: RAYMOND x 1
2026-01-02 13:18:42,786 | INFO | src.core.risk_manager | Risk assessment for RAYMOND: REJECTED (Score: 60.0, Level: HIGH)
2026-01-02 13:18:42,786 | WARNING | src.core.risk_governor | Risk Governor final decision: REJECT for RAYMOND
2026-01-02 13:18:42,786 | WARNING | src.core.engine | RAYMOND: Risk Governor REJECTED - Sector limit exceeded: Unknown exposure would be 43.0%
2026-01-02 13:18:42,788 | INFO | src.core.risk_governor | Risk Governor evaluating trade: BLUEDART x 1
2026-01-02 13:18:42,788 | INFO | src.core.risk_manager | Risk assessment for BLUEDART: REJECTED (Score: 50.0, Level: MEDIUM)
2026-01-02 13:18:42,789 | WARNING | src.core.risk_governor | Risk Governor final decision: REJECT for BLUEDART
2026-01-02 13:18:42,809 | WARNING | src.core.engine | BLUEDART: Risk Governor REJECTED - Position value exceeds limit: ₹5,676 > ₹500; Sector limit exceeded: Unknown exposure would be 573.0%; High correlation exposure: 573.0%
2026-01-02 13:18:42,828 | INFO | src.core.risk_governor | Risk Governor evaluating trade: TATACONSUM x 1
2026-01-02 13:18:42,847 | INFO | src.core.risk_manager | Risk assessment for TATACONSUM: REJECTED (Score: 50.0, Level: MEDIUM)
2026-01-02 13:18:42,858 | WARNING | src.core.risk_governor | Risk Governor final decision: REJECT for TATACONSUM
2026-01-02 13:18:42,868 | WARNING | src.core.engine | TATACONSUM: Risk Governor REJECTED - Position value exceeds limit: ₹1,177 > ₹500; Sector limit exceeded: Unknown exposure would be 118.8%; High correlation exposure: 118.8%
2026-01-02 13:23:43,276 | INFO | src.screener.excel_screener | ============================================================
2026-01-02 13:23:43,277 | INFO | src.screener.excel_screener | STARTING EXCEL-DRIVEN SCREENER
2026-01-02 13:23:43,277 | INFO | src.screener.excel_screener | ============================================================
2026-01-02 13:23:45,009 | INFO | src.screener.excel_screener | Loaded 14 screener rules
2026-01-02 13:23:45,587 | INFO | src.screener.excel_screener | 
 ACTIVE FILTER RULES:
2026-01-02 13:23:47,142 | INFO | src.screener.excel_screener | Loaded 100 enabled stocks from universe
2026-01-02 13:23:49,182 | INFO | src.screener.excel_screener | Loaded sector mapping for 100 symbols
2026-01-02 13:23:49,863 | INFO | src.screener.excel_screener | Market Trend: BULLISH
2026-01-02 13:23:49,898 | INFO | src.screener.excel_screener | Successfully fetched data for 100/100 symbols
2026-01-02 13:23:49,899 | INFO | src.screener.excel_screener | Bulk data received: 100 symbols with data
2026-01-02 13:23:50,037 | INFO | src.screener.excel_screener | Starting screening of 100 symbols. Bulk data has 100 entries
2026-01-02 13:23:50,037 | INFO | src.screener.excel_screener | HDFCBANK: Processing 60 bars
2026-01-02 13:23:50,042 | INFO | src.screener.excel_screener | ICICIBANK: Processing 60 bars
2026-01-02 13:23:50,048 | INFO | src.screener.excel_screener | KOTAKBANK: Processing 60 bars
2026-01-02 13:23:50,053 | INFO | src.screener.excel_screener | AXISBANK: Processing 60 bars
2026-01-02 13:23:50,058 | INFO | src.screener.excel_screener | SBIN: Processing 60 bars
2026-01-02 13:23:50,062 | INFO | src.screener.excel_screener | TCS: Processing 60 bars
2026-01-02 13:23:50,069 | INFO | src.screener.excel_screener | INFY: Processing 60 bars
2026-01-02 13:23:50,074 | INFO | src.screener.excel_screener | HCLTECH: Processing 60 bars
2026-01-02 13:23:50,078 | INFO | src.screener.excel_screener | WIPRO: Processing 60 bars
2026-01-02 13:23:50,085 | INFO | src.screener.excel_screener | TECHM: Processing 60 bars
2026-01-02 13:23:50,090 | INFO | src.screener.excel_screener | SUNPHARMA: Processing 60 bars
2026-01-02 13:23:50,094 | INFO | src.screener.excel_screener | CIPLA: Processing 60 bars
2026-01-02 13:23:50,100 | INFO | src.screener.excel_screener | DRREDDY: Processing 60 bars
2026-01-02 13:23:50,105 | INFO | src.screener.excel_screener | LUPIN: Processing 60 bars
2026-01-02 13:23:50,109 | INFO | src.screener.excel_screener | TORNTPHARM: Processing 60 bars
2026-01-02 13:23:50,114 | INFO | src.screener.excel_screener | HINDUNILVR: Processing 60 bars
2026-01-02 13:23:50,121 | INFO | src.screener.excel_screener | ITC: Processing 60 bars
2026-01-02 13:23:50,125 | INFO | src.screener.excel_screener | NESTLEIND: Processing 60 bars
2026-01-02 13:23:50,130 | INFO | src.screener.excel_screener | BRITANNIA: Processing 59 bars
2026-01-02 13:23:50,149 | INFO | src.screener.excel_screener | DABUR: Processing 60 bars
2026-01-02 13:23:50,192 | INFO | src.screener.excel_screener | MARUTI: Processing 60 bars
2026-01-02 13:23:50,231 | INFO | src.screener.excel_screener | M&M: Processing 60 bars
2026-01-02 13:23:50,254 | INFO | src.screener.excel_screener | BAJAJ-AUTO: Processing 60 bars
2026-01-02 13:23:50,261 | INFO | src.screener.excel_screener | EICHERMOT: Processing 60 bars
2026-01-02 13:23:50,292 | INFO | src.screener.excel_screener | RELIANCE: Processing 60 bars
2026-01-02 13:23:50,303 | INFO | src.screener.excel_screener | ONGC: Processing 60 bars
2026-01-02 13:23:50,309 | INFO | src.screener.excel_screener | BPCL: Processing 60 bars
2026-01-02 13:23:50,318 | INFO | src.screener.excel_screener | IOC: Processing 60 bars
2026-01-02 13:23:50,325 | INFO | src.screener.excel_screener | GAIL: Processing 60 bars
2026-01-02 13:23:50,334 | INFO | src.screener.excel_screener | TATASTEEL: Processing 60 bars
2026-01-02 13:23:50,339 | INFO | src.screener.excel_screener | HINDALCO: Processing 60 bars
2026-01-02 13:23:50,346 | INFO | src.screener.excel_screener | JSWSTEEL: Processing 60 bars
2026-01-02 13:23:50,352 | INFO | src.screener.excel_screener | COALINDIA: Processing 60 bars
2026-01-02 13:23:50,356 | INFO | src.screener.excel_screener | VEDL: Processing 60 bars
2026-01-02 13:23:50,361 | INFO | src.screener.excel_screener | ULTRACEMCO: Processing 60 bars
2026-01-02 13:23:50,367 | INFO | src.screener.excel_screener | SHREECEM: Processing 58 bars
2026-01-02 13:23:50,374 | INFO | src.screener.excel_screener | AMBUJACEM: Processing 60 bars
2026-01-02 13:23:50,379 | INFO | src.screener.excel_screener | ACC: Processing 60 bars
2026-01-02 13:23:50,384 | INFO | src.screener.excel_screener | DALBHARAT: Processing 58 bars
2026-01-02 13:23:50,388 | INFO | src.screener.excel_screener | POWERGRID: Processing 60 bars
2026-01-02 13:23:50,392 | INFO | src.screener.excel_screener | NTPC: Processing 60 bars
2026-01-02 13:23:50,397 | INFO | src.screener.excel_screener | ADANIGREEN: Processing 60 bars
2026-01-02 13:23:50,403 | INFO | src.screener.excel_screener | TATAPOWER: Processing 60 bars
2026-01-02 13:23:50,407 | INFO | src.screener.excel_screener | JSWENERGY: Processing 60 bars
2026-01-02 13:23:50,412 | INFO | src.screener.excel_screener | BHARTIARTL: Processing 60 bars
2026-01-02 13:23:50,419 | INFO | src.screener.excel_screener | JIOFIN: Processing 58 bars
2026-01-02 13:23:50,424 | INFO | src.screener.excel_screener | IDEA: Processing 60 bars
2026-01-02 13:23:50,429 | INFO | src.screener.excel_screener | INDUSTOWER: Processing 60 bars
2026-01-02 13:23:50,436 | INFO | src.screener.excel_screener | TATACOMM: Processing 59 bars
2026-01-02 13:23:50,442 | INFO | src.screener.excel_screener | UPL: Processing 60 bars
2026-01-02 13:23:50,448 | INFO | src.screener.excel_screener | SRF: Processing 59 bars
2026-01-02 13:23:50,453 | INFO | src.screener.excel_screener | PIDILITIND: Processing 60 bars
2026-01-02 13:23:50,458 | INFO | src.screener.excel_screener | ASIANPAINT: Processing 60 bars
2026-01-02 13:23:50,462 | INFO | src.screener.excel_screener | AARTIIND: Processing 60 bars
2026-01-02 13:23:50,469 | INFO | src.screener.excel_screener | LT: Processing 60 bars
2026-01-02 13:23:50,474 | INFO | src.screener.excel_screener | SIEMENS: Processing 60 bars
2026-01-02 13:23:50,482 | INFO | src.screener.excel_screener | ABB: Processing 59 bars
2026-01-02 13:23:50,487 | INFO | src.screener.excel_screener | BHEL: Processing 60 bars
2026-01-02 13:23:50,494 | INFO | src.screener.excel_screener | CUMMINSIND: Processing 60 bars
2026-01-02 13:23:50,502 | INFO | src.screener.excel_screener | APOLLOHOSP: Processing 60 bars
2026-01-02 13:23:50,545 | INFO | src.screener.excel_screener | MAXHEALTH: Processing 60 bars
2026-01-02 13:23:50,556 | INFO | src.screener.excel_screener | NH: Processing 60 bars
2026-01-02 13:23:50,569 | INFO | src.screener.excel_screener | FORTIS: Processing 60 bars
2026-01-02 13:23:50,576 | INFO | src.screener.excel_screener | MEDANTA: Processing 59 bars
2026-01-02 13:23:50,588 | INFO | src.screener.excel_screener | DLF: Processing 60 bars
2026-01-02 13:23:50,595 | INFO | src.screener.excel_screener | GODREJPROP: Processing 60 bars
2026-01-02 13:23:50,603 | INFO | src.screener.excel_screener | OBEROIRLTY: Processing 59 bars
2026-01-02 13:23:50,610 | INFO | src.screener.excel_screener | PRESTIGE: Processing 60 bars
2026-01-02 13:23:50,621 | INFO | src.screener.excel_screener | BRIGADE: Processing 60 bars
2026-01-02 13:23:50,626 | INFO | src.screener.excel_screener | TITAN: Processing 60 bars
2026-01-02 13:23:50,635 | INFO | src.screener.excel_screener | HAVELLS: Processing 60 bars
2026-01-02 13:23:50,641 | INFO | src.screener.excel_screener | VOLTAS: Processing 60 bars
2026-01-02 13:23:50,650 | INFO | src.screener.excel_screener | BLUESTARCO: Processing 59 bars
2026-01-02 13:23:50,656 | INFO | src.screener.excel_screener | CROMPTON: Processing 60 bars
2026-01-02 13:23:50,662 | INFO | src.screener.excel_screener | PAGEIND: Processing 58 bars
2026-01-02 13:23:50,667 | INFO | src.screener.excel_screener | ABFRL: Processing 60 bars
2026-01-02 13:23:50,672 | INFO | src.screener.excel_screener | RAYMOND: Processing 60 bars
2026-01-02 13:23:50,676 | INFO | src.screener.excel_screener | GRASIM: Processing 60 bars
2026-01-02 13:23:50,682 | INFO | src.screener.excel_screener | TRIDENT: Processing 60 bars
2026-01-02 13:23:50,686 | INFO | src.screener.excel_screener | ZEEL: Processing 60 bars
2026-01-02 13:23:50,690 | INFO | src.screener.excel_screener | PVRINOX: Processing 58 bars
2026-01-02 13:23:50,694 | INFO | src.screener.excel_screener | SUNTV: Processing 59 bars
2026-01-02 13:23:50,700 | INFO | src.screener.excel_screener | SAREGAMA: Processing 59 bars
2026-01-02 13:23:50,704 | INFO | src.screener.excel_screener | MAHLOG: Processing 59 bars
2026-01-02 13:23:50,708 | INFO | src.screener.excel_screener | BLUEDART: Processing 58 bars
2026-01-02 13:23:50,712 | INFO | src.screener.excel_screener | VRLLOG: Processing 59 bars
2026-01-02 13:23:50,717 | INFO | src.screener.excel_screener | TCIEXP: Processing 60 bars
2026-01-02 13:23:50,721 | INFO | src.screener.excel_screener | CONCOR: Processing 60 bars
2026-01-02 13:23:50,725 | INFO | src.screener.excel_screener | DMART: Processing 60 bars
2026-01-02 13:23:50,730 | INFO | src.screener.excel_screener | TRENT: Processing 60 bars
2026-01-02 13:23:50,735 | INFO | src.screener.excel_screener | VMART: Processing 59 bars
2026-01-02 13:23:50,740 | INFO | src.screener.excel_screener | SHOPERSTOP: Processing 59 bars
2026-01-02 13:23:50,748 | INFO | src.screener.excel_screener | RELAXO: Processing 59 bars
2026-01-02 13:23:50,756 | INFO | src.screener.excel_screener | HAL: Processing 60 bars
2026-01-02 13:23:50,761 | INFO | src.screener.excel_screener | BEL: Processing 60 bars
2026-01-02 13:23:50,767 | INFO | src.screener.excel_screener | BDL: Processing 60 bars
2026-01-02 13:23:50,772 | INFO | src.screener.excel_screener | MAZDOCK: Processing 60 bars
2026-01-02 13:23:50,776 | INFO | src.screener.excel_screener | SOLARINDS: Processing 60 bars
2026-01-02 13:23:50,781 | INFO | src.screener.excel_screener | SHRIRAMFIN: Processing 60 bars
2026-01-02 13:23:50,786 | INFO | src.screener.excel_screener | TATACONSUM: Processing 60 bars
2026-01-02 13:23:50,790 | INFO | src.screener.excel_screener | 
📊 REJECTION STATISTICS:
2026-01-02 13:23:50,790 | INFO | src.screener.excel_screener |    Total Processed: 100
2026-01-02 13:23:50,790 | INFO | src.screener.excel_screener |    Passed: 20
2026-01-02 13:23:50,790 | INFO | src.screener.excel_screener |    Rejected: 80
2026-01-02 13:23:50,791 | INFO | src.screener.excel_screener | 
   Top Rejection Reasons:
2026-01-02 13:23:50,791 | INFO | src.screener.excel_screener | Metrics calculated: 100, Passed: 20, Rejected: 80, Insufficient bars: 0, Missing data: 0
2026-01-02 13:23:50,792 | INFO | src.screener.excel_screener | Max trades (adjusted for BULLISH): 8
2026-01-02 13:23:50,792 | INFO | src.screener.excel_screener | 
============================================================
2026-01-02 13:23:50,793 | INFO | src.screener.excel_screener | TOP PICKS:
2026-01-02 13:23:50,793 | INFO | src.screener.excel_screener | ============================================================
2026-01-02 13:23:50,793 | INFO | src.screener.excel_screener | INDUSTOWER | Score:  45.29 | Price: Rs. 435.80 | BULLISH_TREND,STRONG_TREND
2026-01-02 13:23:50,793 | INFO | src.screener.excel_screener | RAYMOND    | Score:  40.43 | Price: Rs. 425.60 | STRONG_TREND
2026-01-02 13:23:50,794 | INFO | src.screener.excel_screener | HINDALCO   | Score:  38.74 | Price: Rs. 894.95 | BULLISH_TREND,STRONG_TREND
2026-01-02 13:23:50,794 | INFO | src.screener.excel_screener | CUMMINSIND | Score:  36.69 | Price: Rs.4470.60 | NEAR_EMA20,BULLISH_TREND,HIGH_VOLUME
2026-01-02 13:23:50,795 | INFO | src.screener.excel_screener | SRF        | Score:  35.14 | Price: Rs.3057.30 | NEAR_EMA20,BULLISH_TREND
2026-01-02 13:23:52,354 | INFO | src.screener.excel_screener | Written 8 results to Excel: SCREENER_OUTPUT
2026-01-02 13:23:52,947 | INFO | src.screener.excel_screener | ============================================================
2026-01-02 13:23:52,947 | INFO | src.screener.excel_screener | SCREENER COMPLETE
2026-01-02 13:23:52,947 | INFO | src.screener.excel_screener | ============================================================
2026-01-02 13:23:52,950 | INFO | src.core.risk_governor | Risk Governor evaluating trade: HINDALCO x 1
2026-01-02 13:23:52,950 | INFO | src.core.risk_manager | Risk assessment for HINDALCO: REJECTED (Score: 50.0, Level: MEDIUM)
2026-01-02 13:23:52,950 | WARNING | src.core.risk_governor | Risk Governor final decision: REJECT for HINDALCO
2026-01-02 13:23:52,951 | WARNING | src.core.engine | HINDALCO: Risk Governor REJECTED - Position value exceeds limit: ₹895 > ₹500; Sector limit exceeded: Unknown exposure would be 90.3%; High correlation exposure: 90.3%
2026-01-02 13:23:52,951 | INFO | src.core.risk_governor | Risk Governor evaluating trade: INDUSTOWER x 1
2026-01-02 13:23:52,951 | INFO | src.core.risk_manager | Risk assessment for INDUSTOWER: REJECTED (Score: 60.0, Level: HIGH)
2026-01-02 13:23:52,952 | WARNING | src.core.risk_governor | Risk Governor final decision: REJECT for INDUSTOWER
2026-01-02 13:23:52,952 | WARNING | src.core.engine | INDUSTOWER: Risk Governor REJECTED - Sector limit exceeded: Unknown exposure would be 44.0%
2026-01-02 13:23:52,952 | INFO | src.core.risk_governor | Risk Governor evaluating trade: UPL x 1
2026-01-02 13:23:52,953 | INFO | src.core.risk_manager | Risk assessment for UPL: REJECTED (Score: 50.0, Level: MEDIUM)
2026-01-02 13:23:52,953 | WARNING | src.core.risk_governor | Risk Governor final decision: REJECT for UPL
2026-01-02 13:23:52,953 | WARNING | src.core.engine | UPL: Risk Governor REJECTED - Position value exceeds limit: ₹805 > ₹500; Sector limit exceeded: Unknown exposure would be 81.3%; High correlation exposure: 81.3%
2026-01-02 13:23:52,954 | INFO | src.core.risk_governor | Risk Governor evaluating trade: SRF x 1
2026-01-02 13:23:52,954 | INFO | src.core.risk_manager | Risk assessment for SRF: REJECTED (Score: 50.0, Level: MEDIUM)
2026-01-02 13:23:52,954 | WARNING | src.core.risk_governor | Risk Governor final decision: REJECT for SRF
2026-01-02 13:23:52,954 | WARNING | src.core.engine | SRF: Risk Governor REJECTED - Position value exceeds limit: ₹3,057 > ₹500; Sector limit exceeded: Unknown exposure would be 308.6%; High correlation exposure: 308.6%
2026-01-02 13:23:52,955 | INFO | src.core.risk_governor | Risk Governor evaluating trade: CUMMINSIND x 1
2026-01-02 13:23:52,956 | INFO | src.core.risk_manager | Risk assessment for CUMMINSIND: REJECTED (Score: 50.0, Level: MEDIUM)
2026-01-02 13:23:52,956 | WARNING | src.core.risk_governor | Risk Governor final decision: REJECT for CUMMINSIND
2026-01-02 13:23:52,956 | WARNING | src.core.engine | CUMMINSIND: Risk Governor REJECTED - Position value exceeds limit: ₹4,471 > ₹500; Sector limit exceeded: Unknown exposure would be 451.3%; High correlation exposure: 451.3%
2026-01-02 13:23:52,957 | INFO | src.core.risk_governor | Risk Governor evaluating trade: RAYMOND x 1
2026-01-02 13:23:52,957 | INFO | src.core.risk_manager | Risk assessment for RAYMOND: REJECTED (Score: 60.0, Level: HIGH)
2026-01-02 13:23:52,957 | WARNING | src.core.risk_governor | Risk Governor final decision: REJECT for RAYMOND
2026-01-02 13:23:52,957 | WARNING | src.core.engine | RAYMOND: Risk Governor REJECTED - Sector limit exceeded: Unknown exposure would be 43.0%
2026-01-02 13:23:52,958 | INFO | src.core.risk_governor | Risk Governor evaluating trade: BLUEDART x 1
2026-01-02 13:23:52,958 | INFO | src.core.risk_manager | Risk assessment for BLUEDART: REJECTED (Score: 50.0, Level: MEDIUM)
2026-01-02 13:23:52,958 | WARNING | src.core.risk_governor | Risk Governor final decision: REJECT for BLUEDART
2026-01-02 13:23:52,958 | WARNING | src.core.engine | BLUEDART: Risk Governor REJECTED - Position value exceeds limit: ₹5,676 > ₹500; Sector limit exceeded: Unknown exposure would be 573.0%; High correlation exposure: 573.0%
2026-01-02 13:23:52,959 | INFO | src.core.risk_governor | Risk Governor evaluating trade: TATACONSUM x 1
2026-01-02 13:23:52,959 | INFO | src.core.risk_manager | Risk assessment for TATACONSUM: REJECTED (Score: 50.0, Level: MEDIUM)
2026-01-02 13:23:52,959 | WARNING | src.core.risk_governor | Risk Governor final decision: REJECT for TATACONSUM
2026-01-02 13:23:52,960 | WARNING | src.core.engine | TATACONSUM: Risk Governor REJECTED - Position value exceeds limit: ₹1,177 > ₹500; Sector limit exceeded: Unknown exposure would be 118.8%; High correlation exposure: 118.8%
2026-01-02 13:28:53,391 | INFO | src.screener.excel_screener | ============================================================
2026-01-02 13:28:53,391 | INFO | src.screener.excel_screener | STARTING EXCEL-DRIVEN SCREENER
2026-01-02 13:28:53,392 | INFO | src.screener.excel_screener | ============================================================
2026-01-02 13:28:55,556 | INFO | src.screener.excel_screener | Loaded 14 screener rules
2026-01-02 13:28:56,179 | INFO | src.screener.excel_screener | 
 ACTIVE FILTER RULES:
2026-01-02 13:28:58,054 | INFO | src.screener.excel_screener | Loaded 100 enabled stocks from universe
2026-01-02 13:29:00,172 | INFO | src.screener.excel_screener | Loaded sector mapping for 100 symbols
2026-01-02 13:29:01,055 | INFO | src.screener.excel_screener | Market Trend: BULLISH
2026-01-02 13:29:02,960 | INFO | src.screener.excel_screener | Successfully fetched data for 100/100 symbols
2026-01-02 13:29:02,960 | INFO | src.screener.excel_screener | Bulk data received: 100 symbols with data
2026-01-02 13:29:03,171 | INFO | src.screener.excel_screener | Starting screening of 100 symbols. Bulk data has 100 entries
2026-01-02 13:29:03,172 | INFO | src.screener.excel_screener | HDFCBANK: Processing 60 bars
2026-01-02 13:29:03,176 | INFO | src.screener.excel_screener | ICICIBANK: Processing 60 bars
2026-01-02 13:29:03,181 | INFO | src.screener.excel_screener | KOTAKBANK: Processing 60 bars
2026-01-02 13:29:03,187 | INFO | src.screener.excel_screener | AXISBANK: Processing 60 bars
2026-01-02 13:29:03,191 | INFO | src.screener.excel_screener | SBIN: Processing 60 bars
2026-01-02 13:29:03,196 | INFO | src.screener.excel_screener | TCS: Processing 60 bars
2026-01-02 13:29:03,200 | INFO | src.screener.excel_screener | INFY: Processing 60 bars
2026-01-02 13:29:03,206 | INFO | src.screener.excel_screener | HCLTECH: Processing 60 bars
2026-01-02 13:29:03,210 | INFO | src.screener.excel_screener | WIPRO: Processing 60 bars
2026-01-02 13:29:03,215 | INFO | src.screener.excel_screener | TECHM: Processing 60 bars
2026-01-02 13:29:03,219 | INFO | src.screener.excel_screener | SUNPHARMA: Processing 60 bars
2026-01-02 13:29:03,224 | INFO | src.screener.excel_screener | CIPLA: Processing 60 bars
2026-01-02 13:29:03,229 | INFO | src.screener.excel_screener | DRREDDY: Processing 60 bars
2026-01-02 13:29:03,232 | INFO | src.screener.excel_screener | LUPIN: Processing 60 bars
2026-01-02 13:29:03,239 | INFO | src.screener.excel_screener | TORNTPHARM: Processing 60 bars
2026-01-02 13:29:03,244 | INFO | src.screener.excel_screener | HINDUNILVR: Processing 60 bars
2026-01-02 13:29:03,248 | INFO | src.screener.excel_screener | ITC: Processing 60 bars
2026-01-02 13:29:03,253 | INFO | src.screener.excel_screener | NESTLEIND: Processing 60 bars
2026-01-02 13:29:03,260 | INFO | src.screener.excel_screener | BRITANNIA: Processing 59 bars
2026-01-02 13:29:03,264 | INFO | src.screener.excel_screener | DABUR: Processing 60 bars
2026-01-02 13:29:03,270 | INFO | src.screener.excel_screener | MARUTI: Processing 60 bars
2026-01-02 13:29:03,275 | INFO | src.screener.excel_screener | M&M: Processing 60 bars
2026-01-02 13:29:03,278 | INFO | src.screener.excel_screener | BAJAJ-AUTO: Processing 60 bars
2026-01-02 13:29:03,285 | INFO | src.screener.excel_screener | EICHERMOT: Processing 60 bars
2026-01-02 13:29:03,289 | INFO | src.screener.excel_screener | RELIANCE: Processing 60 bars
2026-01-02 13:29:03,293 | INFO | src.screener.excel_screener | ONGC: Processing 60 bars
2026-01-02 13:29:03,296 | INFO | src.screener.excel_screener | BPCL: Processing 60 bars
2026-01-02 13:29:03,303 | INFO | src.screener.excel_screener | IOC: Processing 60 bars
2026-01-02 13:29:03,308 | INFO | src.screener.excel_screener | GAIL: Processing 60 bars
2026-01-02 13:29:03,312 | INFO | src.screener.excel_screener | TATASTEEL: Processing 60 bars
2026-01-02 13:29:03,317 | INFO | src.screener.excel_screener | HINDALCO: Processing 60 bars
2026-01-02 13:29:03,323 | INFO | src.screener.excel_screener | JSWSTEEL: Processing 60 bars
2026-01-02 13:29:03,326 | INFO | src.screener.excel_screener | COALINDIA: Processing 60 bars
2026-01-02 13:29:03,331 | INFO | src.screener.excel_screener | VEDL: Processing 60 bars
2026-01-02 13:29:03,336 | INFO | src.screener.excel_screener | ULTRACEMCO: Processing 60 bars
2026-01-02 13:29:03,340 | INFO | src.screener.excel_screener | SHREECEM: Processing 58 bars
2026-01-02 13:29:03,344 | INFO | src.screener.excel_screener | AMBUJACEM: Processing 60 bars
2026-01-02 13:29:03,349 | INFO | src.screener.excel_screener | ACC: Processing 60 bars
2026-01-02 13:29:03,355 | INFO | src.screener.excel_screener | DALBHARAT: Processing 58 bars
2026-01-02 13:29:03,358 | INFO | src.screener.excel_screener | POWERGRID: Processing 60 bars
2026-01-02 13:29:03,362 | INFO | src.screener.excel_screener | NTPC: Processing 60 bars
2026-01-02 13:29:03,367 | INFO | src.screener.excel_screener | ADANIGREEN: Processing 60 bars
2026-01-02 13:29:03,372 | INFO | src.screener.excel_screener | TATAPOWER: Processing 60 bars
2026-01-02 13:29:03,376 | INFO | src.screener.excel_screener | JSWENERGY: Processing 60 bars
2026-01-02 13:29:03,380 | INFO | src.screener.excel_screener | BHARTIARTL: Processing 60 bars
2026-01-02 13:29:03,384 | INFO | src.screener.excel_screener | JIOFIN: Processing 58 bars
2026-01-02 13:29:03,389 | INFO | src.screener.excel_screener | IDEA: Processing 60 bars
2026-01-02 13:29:03,393 | INFO | src.screener.excel_screener | INDUSTOWER: Processing 60 bars
2026-01-02 13:29:03,398 | INFO | src.screener.excel_screener | TATACOMM: Processing 59 bars
2026-01-02 13:29:03,403 | INFO | src.screener.excel_screener | UPL: Processing 60 bars
2026-01-02 13:29:03,407 | INFO | src.screener.excel_screener | SRF: Processing 59 bars
2026-01-02 13:29:03,412 | INFO | src.screener.excel_screener | PIDILITIND: Processing 60 bars
2026-01-02 13:29:03,416 | INFO | src.screener.excel_screener | ASIANPAINT: Processing 60 bars
2026-01-02 13:29:03,420 | INFO | src.screener.excel_screener | AARTIIND: Processing 60 bars
2026-01-02 13:29:03,424 | INFO | src.screener.excel_screener | LT: Processing 60 bars
2026-01-02 13:29:03,428 | INFO | src.screener.excel_screener | SIEMENS: Processing 60 bars
2026-01-02 13:29:03,432 | INFO | src.screener.excel_screener | ABB: Processing 59 bars
2026-01-02 13:29:03,438 | INFO | src.screener.excel_screener | BHEL: Processing 60 bars
2026-01-02 13:29:03,443 | INFO | src.screener.excel_screener | CUMMINSIND: Processing 60 bars
2026-01-02 13:29:03,447 | INFO | src.screener.excel_screener | APOLLOHOSP: Processing 60 bars
2026-01-02 13:29:03,452 | INFO | src.screener.excel_screener | MAXHEALTH: Processing 60 bars
2026-01-02 13:29:03,456 | INFO | src.screener.excel_screener | NH: Processing 60 bars
2026-01-02 13:29:03,460 | INFO | src.screener.excel_screener | FORTIS: Processing 60 bars
2026-01-02 13:29:03,465 | INFO | src.screener.excel_screener | MEDANTA: Processing 59 bars
2026-01-02 13:29:03,470 | INFO | src.screener.excel_screener | DLF: Processing 60 bars
2026-01-02 13:29:03,475 | INFO | src.screener.excel_screener | GODREJPROP: Processing 60 bars
2026-01-02 13:29:03,479 | INFO | src.screener.excel_screener | OBEROIRLTY: Processing 59 bars
2026-01-02 13:29:03,484 | INFO | src.screener.excel_screener | PRESTIGE: Processing 60 bars
2026-01-02 13:29:03,489 | INFO | src.screener.excel_screener | BRIGADE: Processing 60 bars
2026-01-02 13:29:03,493 | INFO | src.screener.excel_screener | TITAN: Processing 60 bars
2026-01-02 13:29:03,497 | INFO | src.screener.excel_screener | HAVELLS: Processing 60 bars
2026-01-02 13:29:03,503 | INFO | src.screener.excel_screener | VOLTAS: Processing 60 bars
2026-01-02 13:29:03,508 | INFO | src.screener.excel_screener | BLUESTARCO: Processing 59 bars
2026-01-02 13:29:03,512 | INFO | src.screener.excel_screener | CROMPTON: Processing 60 bars
2026-01-02 13:29:03,517 | INFO | src.screener.excel_screener | PAGEIND: Processing 58 bars
2026-01-02 13:29:03,524 | INFO | src.screener.excel_screener | ABFRL: Processing 60 bars
2026-01-02 13:29:03,529 | INFO | src.screener.excel_screener | RAYMOND: Processing 60 bars
2026-01-02 13:29:03,539 | INFO | src.screener.excel_screener | GRASIM: Processing 60 bars
2026-01-02 13:29:03,547 | INFO | src.screener.excel_screener | TRIDENT: Processing 60 bars
2026-01-02 13:29:03,556 | INFO | src.screener.excel_screener | ZEEL: Processing 60 bars
2026-01-02 13:29:03,564 | INFO | src.screener.excel_screener | PVRINOX: Processing 58 bars
2026-01-02 13:29:03,571 | INFO | src.screener.excel_screener | SUNTV: Processing 59 bars
2026-01-02 13:29:03,579 | INFO | src.screener.excel_screener | SAREGAMA: Processing 59 bars
2026-01-02 13:29:03,587 | INFO | src.screener.excel_screener | MAHLOG: Processing 59 bars
2026-01-02 13:29:03,594 | INFO | src.screener.excel_screener | BLUEDART: Processing 58 bars
2026-01-02 13:29:03,601 | INFO | src.screener.excel_screener | VRLLOG: Processing 59 bars
2026-01-02 13:29:03,609 | INFO | src.screener.excel_screener | TCIEXP: Processing 60 bars
2026-01-02 13:29:03,618 | INFO | src.screener.excel_screener | CONCOR: Processing 60 bars
2026-01-02 13:29:03,624 | INFO | src.screener.excel_screener | DMART: Processing 60 bars
2026-01-02 13:29:03,632 | INFO | src.screener.excel_screener | TRENT: Processing 60 bars
2026-01-02 13:29:03,639 | INFO | src.screener.excel_screener | VMART: Processing 59 bars
2026-01-02 13:29:03,644 | INFO | src.screener.excel_screener | SHOPERSTOP: Processing 59 bars
2026-01-02 13:29:03,650 | INFO | src.screener.excel_screener | RELAXO: Processing 59 bars
2026-01-02 13:29:03,656 | INFO | src.screener.excel_screener | HAL: Processing 60 bars
2026-01-02 13:29:03,662 | INFO | src.screener.excel_screener | BEL: Processing 60 bars
2026-01-02 13:29:03,667 | INFO | src.screener.excel_screener | BDL: Processing 60 bars
2026-01-02 13:29:03,672 | INFO | src.screener.excel_screener | MAZDOCK: Processing 60 bars
2026-01-02 13:29:03,677 | INFO | src.screener.excel_screener | SOLARINDS: Processing 60 bars
2026-01-02 13:29:03,682 | INFO | src.screener.excel_screener | SHRIRAMFIN: Processing 60 bars
2026-01-02 13:29:03,688 | INFO | src.screener.excel_screener | TATACONSUM: Processing 60 bars
2026-01-02 13:29:03,692 | INFO | src.screener.excel_screener | 
📊 REJECTION STATISTICS:
2026-01-02 13:29:03,692 | INFO | src.screener.excel_screener |    Total Processed: 100
2026-01-02 13:29:03,693 | INFO | src.screener.excel_screener |    Passed: 20
2026-01-02 13:29:03,693 | INFO | src.screener.excel_screener |    Rejected: 80
2026-01-02 13:29:03,693 | INFO | src.screener.excel_screener | 
   Top Rejection Reasons:
2026-01-02 13:29:03,693 | INFO | src.screener.excel_screener | Metrics calculated: 100, Passed: 20, Rejected: 80, Insufficient bars: 0, Missing data: 0
2026-01-02 13:29:03,694 | INFO | src.screener.excel_screener | Max trades (adjusted for BULLISH): 8
2026-01-02 13:29:03,695 | INFO | src.screener.excel_screener | 
============================================================
2026-01-02 13:29:03,695 | INFO | src.screener.excel_screener | TOP PICKS:
2026-01-02 13:29:03,695 | INFO | src.screener.excel_screener | ============================================================
2026-01-02 13:29:03,695 | INFO | src.screener.excel_screener | INDUSTOWER | Score:  45.29 | Price: Rs. 435.80 | BULLISH_TREND,STRONG_TREND
2026-01-02 13:29:03,695 | INFO | src.screener.excel_screener | RAYMOND    | Score:  40.43 | Price: Rs. 425.60 | STRONG_TREND
2026-01-02 13:29:03,696 | INFO | src.screener.excel_screener | HINDALCO   | Score:  38.74 | Price: Rs. 894.95 | BULLISH_TREND,STRONG_TREND
2026-01-02 13:29:03,696 | INFO | src.screener.excel_screener | CUMMINSIND | Score:  36.69 | Price: Rs.4470.60 | NEAR_EMA20,BULLISH_TREND,HIGH_VOLUME
2026-01-02 13:29:03,696 | INFO | src.screener.excel_screener | SRF        | Score:  35.14 | Price: Rs.3057.30 | NEAR_EMA20,BULLISH_TREND
2026-01-02 13:29:05,528 | INFO | src.screener.excel_screener | Written 8 results to Excel: SCREENER_OUTPUT
2026-01-02 13:29:06,144 | INFO | src.screener.excel_screener | ============================================================
2026-01-02 13:29:06,145 | INFO | src.screener.excel_screener | SCREENER COMPLETE
2026-01-02 13:29:06,145 | INFO | src.screener.excel_screener | ============================================================
2026-01-02 13:29:06,147 | INFO | src.core.risk_governor | Risk Governor evaluating trade: HINDALCO x 1
2026-01-02 13:29:06,148 | INFO | src.core.risk_manager | Risk assessment for HINDALCO: REJECTED (Score: 50.0, Level: MEDIUM)
2026-01-02 13:29:06,148 | WARNING | src.core.risk_governor | Risk Governor final decision: REJECT for HINDALCO
2026-01-02 13:29:06,148 | WARNING | src.core.engine | HINDALCO: Risk Governor REJECTED - Position value exceeds limit: ₹895 > ₹500; Sector limit exceeded: Unknown exposure would be 90.3%; High correlation exposure: 90.3%
2026-01-02 13:29:06,150 | INFO | src.core.risk_governor | Risk Governor evaluating trade: INDUSTOWER x 1
2026-01-02 13:29:06,150 | INFO | src.core.risk_manager | Risk assessment for INDUSTOWER: REJECTED (Score: 60.0, Level: HIGH)
2026-01-02 13:29:06,150 | WARNING | src.core.risk_governor | Risk Governor final decision: REJECT for INDUSTOWER
2026-01-02 13:29:06,150 | WARNING | src.core.engine | INDUSTOWER: Risk Governor REJECTED - Sector limit exceeded: Unknown exposure would be 44.0%
2026-01-02 13:29:06,151 | INFO | src.core.risk_governor | Risk Governor evaluating trade: UPL x 1
2026-01-02 13:29:06,151 | INFO | src.core.risk_manager | Risk assessment for UPL: REJECTED (Score: 50.0, Level: MEDIUM)
2026-01-02 13:29:06,152 | WARNING | src.core.risk_governor | Risk Governor final decision: REJECT for UPL
2026-01-02 13:29:06,152 | WARNING | src.core.engine | UPL: Risk Governor REJECTED - Position value exceeds limit: ₹805 > ₹500; Sector limit exceeded: Unknown exposure would be 81.3%; High correlation exposure: 81.3%
2026-01-02 13:29:06,153 | INFO | src.core.risk_governor | Risk Governor evaluating trade: SRF x 1
2026-01-02 13:29:06,153 | INFO | src.core.risk_manager | Risk assessment for SRF: REJECTED (Score: 50.0, Level: MEDIUM)
2026-01-02 13:29:06,153 | WARNING | src.core.risk_governor | Risk Governor final decision: REJECT for SRF
2026-01-02 13:29:06,153 | WARNING | src.core.engine | SRF: Risk Governor REJECTED - Position value exceeds limit: ₹3,057 > ₹500; Sector limit exceeded: Unknown exposure would be 308.6%; High correlation exposure: 308.6%
2026-01-02 13:29:06,154 | INFO | src.core.risk_governor | Risk Governor evaluating trade: CUMMINSIND x 1
2026-01-02 13:29:06,154 | INFO | src.core.risk_manager | Risk assessment for CUMMINSIND: REJECTED (Score: 50.0, Level: MEDIUM)
2026-01-02 13:29:06,155 | WARNING | src.core.risk_governor | Risk Governor final decision: REJECT for CUMMINSIND
2026-01-02 13:29:06,155 | WARNING | src.core.engine | CUMMINSIND: Risk Governor REJECTED - Position value exceeds limit: ₹4,471 > ₹500; Sector limit exceeded: Unknown exposure would be 451.3%; High correlation exposure: 451.3%
2026-01-02 13:29:06,156 | INFO | src.core.risk_governor | Risk Governor evaluating trade: RAYMOND x 1
2026-01-02 13:29:06,156 | INFO | src.core.risk_manager | Risk assessment for RAYMOND: REJECTED (Score: 60.0, Level: HIGH)
2026-01-02 13:29:06,156 | WARNING | src.core.risk_governor | Risk Governor final decision: REJECT for RAYMOND
2026-01-02 13:29:06,156 | WARNING | src.core.engine | RAYMOND: Risk Governor REJECTED - Sector limit exceeded: Unknown exposure would be 43.0%
2026-01-02 13:29:06,158 | INFO | src.core.risk_governor | Risk Governor evaluating trade: BLUEDART x 1
2026-01-02 13:29:06,158 | INFO | src.core.risk_manager | Risk assessment for BLUEDART: REJECTED (Score: 50.0, Level: MEDIUM)
2026-01-02 13:29:06,158 | WARNING | src.core.risk_governor | Risk Governor final decision: REJECT for BLUEDART
2026-01-02 13:29:06,158 | WARNING | src.core.engine | BLUEDART: Risk Governor REJECTED - Position value exceeds limit: ₹5,676 > ₹500; Sector limit exceeded: Unknown exposure would be 573.0%; High correlation exposure: 573.0%
2026-01-02 13:29:06,159 | INFO | src.core.risk_governor | Risk Governor evaluating trade: TATACONSUM x 1
2026-01-02 13:29:06,159 | INFO | src.core.risk_manager | Risk assessment for TATACONSUM: REJECTED (Score: 50.0, Level: MEDIUM)
2026-01-02 13:29:06,159 | WARNING | src.core.risk_governor | Risk Governor final decision: REJECT for TATACONSUM
2026-01-02 13:29:06,160 | WARNING | src.core.engine | TATACONSUM: Risk Governor REJECTED - Position value exceeds limit: ₹1,177 > ₹500; Sector limit exceeded: Unknown exposure would be 118.8%; High correlation exposure: 118.8%
2026-01-02 13:46:31,690 | INFO | config.enhanced_config_manager | Timing config loaded: enabled=False
2026-01-02 13:46:31,692 | INFO | src.utils.sector_manager | Sector manager initialized
2026-01-02 13:46:31,692 | INFO | src.core.risk_manager | Risk Manager initialized with comprehensive risk controls
2026-01-02 13:46:31,692 | INFO | src.core.risk_governor | Added risk rule: EmergencyStop (priority: 5)
2026-01-02 13:46:31,692 | INFO | src.core.risk_governor | Added risk rule: MarketHours (priority: 10)
2026-01-02 13:46:31,693 | INFO | src.core.risk_governor | Added risk rule: DailyLossLimit (priority: 15)
2026-01-02 13:46:31,693 | INFO | src.core.risk_governor | Added risk rule: VolatilityAdjustment (priority: 25)
2026-01-02 13:46:31,693 | INFO | src.core.risk_governor | Risk Governor initialized with 4 risk rules
2026-01-02 13:46:39,972 | WARNING | src.core.engine | Failed to initialize adaptive strategies: attempted relative import beyond top-level package
2026-01-02 13:46:39,972 | INFO | src.core.engine | Trading engine initialized with timing intelligence disabled
2026-01-02 13:46:39,973 | INFO | src.core.engine | Trading engine initialized with enhanced risk management
2026-01-02 13:46:39,973 | INFO | src.execution.adapter | Initialized LIVE execution adapter
2026-01-02 13:46:39,973 | INFO | src.broker.zerodha | ZerodhaBroker initialized in LIVE mode
2026-01-02 13:46:40,888 | INFO | src.broker.zerodha | ✓ Zerodha connected: Harendra Kumar
2026-01-02 13:46:40,889 | INFO | src.execution.live | ✓ Connected to Zerodha: Harendra Kumar
2026-01-02 13:46:41,029 | INFO | src.core.reconciliation | [RECON] Broker has 0 open orders: []
2026-01-02 13:46:41,030 | INFO | src.core.reconciliation | [RECON] Local has 0 orders: []
2026-01-02 13:46:41,034 | INFO | src.execution.live | Reconciliation OK | Positions fixed=0, Ghost removed=0, Closed cleaned=0, Orders fixed=0
2026-01-02 13:46:41,097 | INFO | src.execution.live | LIVE CAPITAL OVERRIDE: total_capital set from broker data: 5,000.00 -> 990.59 (available: 842.00)
2026-01-02 13:46:41,097 | INFO | src.execution.live | ======================================================================
2026-01-02 13:46:41,097 | INFO | src.execution.live | CAPITAL BREAKDOWN AFTER RECONCILIATION
2026-01-02 13:46:41,097 | INFO | src.execution.live | ======================================================================
2026-01-02 13:46:41,097 | INFO | src.execution.live | Total Capital:        ₹      990.59
2026-01-02 13:46:41,098 | INFO | src.execution.live | - Position Exposure:  ₹        0.00
2026-01-02 13:46:41,098 | INFO | src.execution.live | - Pending Orders:     ₹        0.00
2026-01-02 13:46:41,098 | INFO | src.execution.live | - Safety Buffer (15%): ₹      148.59
2026-01-02 13:46:41,098 | INFO | src.execution.live | = AVAILABLE CAPITAL:  ₹      842.00
2026-01-02 13:46:41,098 | INFO | src.execution.live | ======================================================================
2026-01-02 13:46:41,098 | INFO | src.execution.live | No open positions
2026-01-02 13:46:41,098 | INFO | src.execution.live | No pending orders
2026-01-02 13:46:41,099 | INFO | src.execution.live | ======================================================================
2026-01-02 13:46:41,099 | INFO | src.execution.live | Live trading mode initialized
2026-01-02 13:46:41,099 | INFO | __main__ | Starting position reconciliation...
2026-01-02 13:46:41,171 | INFO | __main__ | Position reconciliation completed - no discrepancies
2026-01-02 13:46:48,091 | INFO | src.screener.excel_screener | Excel screener initialized: MiniRobo.xlsx
2026-01-02 13:46:48,091 | INFO | src.screener.excel_screener | ============================================================
2026-01-02 13:46:48,092 | INFO | src.screener.excel_screener | STARTING EXCEL-DRIVEN SCREENER
2026-01-02 13:46:48,092 | INFO | src.screener.excel_screener | ============================================================
2026-01-02 13:46:49,726 | INFO | src.screener.excel_screener | Loaded 14 screener rules
2026-01-02 13:46:50,236 | INFO | src.screener.excel_screener | 
 ACTIVE FILTER RULES:
2026-01-02 13:46:51,910 | INFO | src.screener.excel_screener | Loaded 100 enabled stocks from universe
2026-01-02 13:46:54,545 | INFO | src.screener.excel_screener | Loaded sector mapping for 100 symbols
2026-01-02 13:47:02,275 | INFO | src.screener.excel_screener | Market Trend: BULLISH
2026-01-02 13:47:02,308 | INFO | src.screener.excel_screener | Successfully fetched data for 100/100 symbols
2026-01-02 13:47:02,308 | INFO | src.screener.excel_screener | Bulk data received: 100 symbols with data
2026-01-02 13:47:02,438 | INFO | src.screener.excel_screener | Starting screening of 100 symbols. Bulk data has 100 entries
2026-01-02 13:47:02,438 | INFO | src.screener.excel_screener | HDFCBANK: Processing 60 bars
2026-01-02 13:47:02,442 | INFO | src.screener.excel_screener | ICICIBANK: Processing 60 bars
2026-01-02 13:47:02,448 | INFO | src.screener.excel_screener | KOTAKBANK: Processing 60 bars
2026-01-02 13:47:02,455 | INFO | src.screener.excel_screener | AXISBANK: Processing 60 bars
2026-01-02 13:47:02,461 | INFO | src.screener.excel_screener | SBIN: Processing 60 bars
2026-01-02 13:47:02,466 | INFO | src.screener.excel_screener | TCS: Processing 60 bars
2026-01-02 13:47:02,471 | INFO | src.screener.excel_screener | INFY: Processing 60 bars
2026-01-02 13:47:02,476 | INFO | src.screener.excel_screener | HCLTECH: Processing 60 bars
2026-01-02 13:47:02,482 | INFO | src.screener.excel_screener | WIPRO: Processing 60 bars
2026-01-02 13:47:02,488 | INFO | src.screener.excel_screener | TECHM: Processing 60 bars
2026-01-02 13:47:02,494 | INFO | src.screener.excel_screener | SUNPHARMA: Processing 60 bars
2026-01-02 13:47:02,501 | INFO | src.screener.excel_screener | CIPLA: Processing 60 bars
2026-01-02 13:47:02,507 | INFO | src.screener.excel_screener | DRREDDY: Processing 60 bars
2026-01-02 13:47:02,512 | INFO | src.screener.excel_screener | LUPIN: Processing 60 bars
2026-01-02 13:47:02,518 | INFO | src.screener.excel_screener | TORNTPHARM: Processing 60 bars
2026-01-02 13:47:02,523 | INFO | src.screener.excel_screener | HINDUNILVR: Processing 60 bars
2026-01-02 13:47:02,528 | INFO | src.screener.excel_screener | ITC: Processing 60 bars
2026-01-02 13:47:02,535 | INFO | src.screener.excel_screener | NESTLEIND: Processing 60 bars
2026-01-02 13:47:02,540 | INFO | src.screener.excel_screener | BRITANNIA: Processing 59 bars
2026-01-02 13:47:02,546 | INFO | src.screener.excel_screener | DABUR: Processing 60 bars
2026-01-02 13:47:02,553 | INFO | src.screener.excel_screener | MARUTI: Processing 60 bars
2026-01-02 13:47:02,559 | INFO | src.screener.excel_screener | M&M: Processing 60 bars
2026-01-02 13:47:02,567 | INFO | src.screener.excel_screener | BAJAJ-AUTO: Processing 60 bars
2026-01-02 13:47:02,572 | INFO | src.screener.excel_screener | EICHERMOT: Processing 60 bars
2026-01-02 13:47:02,577 | INFO | src.screener.excel_screener | RELIANCE: Processing 60 bars
2026-01-02 13:47:02,583 | INFO | src.screener.excel_screener | ONGC: Processing 60 bars
2026-01-02 13:47:02,588 | INFO | src.screener.excel_screener | BPCL: Processing 60 bars
2026-01-02 13:47:02,593 | INFO | src.screener.excel_screener | IOC: Processing 60 bars
2026-01-02 13:47:02,600 | INFO | src.screener.excel_screener | GAIL: Processing 60 bars
2026-01-02 13:47:02,604 | INFO | src.screener.excel_screener | TATASTEEL: Processing 60 bars
2026-01-02 13:47:02,608 | INFO | src.screener.excel_screener | HINDALCO: Processing 60 bars
2026-01-02 13:47:02,613 | INFO | src.screener.excel_screener | JSWSTEEL: Processing 60 bars
2026-01-02 13:47:02,618 | INFO | src.screener.excel_screener | COALINDIA: Processing 60 bars
2026-01-02 13:47:02,622 | INFO | src.screener.excel_screener | VEDL: Processing 60 bars
2026-01-02 13:47:02,626 | INFO | src.screener.excel_screener | ULTRACEMCO: Processing 60 bars
2026-01-02 13:47:02,633 | INFO | src.screener.excel_screener | SHREECEM: Processing 58 bars
2026-01-02 13:47:02,637 | INFO | src.screener.excel_screener | AMBUJACEM: Processing 60 bars
2026-01-02 13:47:02,641 | INFO | src.screener.excel_screener | ACC: Processing 60 bars
2026-01-02 13:47:02,647 | INFO | src.screener.excel_screener | DALBHARAT: Processing 58 bars
2026-01-02 13:47:02,652 | INFO | src.screener.excel_screener | POWERGRID: Processing 60 bars
2026-01-02 13:47:02,656 | INFO | src.screener.excel_screener | NTPC: Processing 60 bars
2026-01-02 13:47:02,661 | INFO | src.screener.excel_screener | ADANIGREEN: Processing 60 bars
2026-01-02 13:47:02,666 | INFO | src.screener.excel_screener | TATAPOWER: Processing 60 bars
2026-01-02 13:47:02,671 | INFO | src.screener.excel_screener | JSWENERGY: Processing 60 bars
2026-01-02 13:47:02,675 | INFO | src.screener.excel_screener | BHARTIARTL: Processing 60 bars
2026-01-02 13:47:02,682 | INFO | src.screener.excel_screener | JIOFIN: Processing 58 bars
2026-01-02 13:47:02,686 | INFO | src.screener.excel_screener | IDEA: Processing 60 bars
2026-01-02 13:47:02,693 | INFO | src.screener.excel_screener | INDUSTOWER: Processing 60 bars
2026-01-02 13:47:02,703 | INFO | src.screener.excel_screener | TATACOMM: Processing 59 bars
2026-01-02 13:47:02,708 | INFO | src.screener.excel_screener | UPL: Processing 60 bars
2026-01-02 13:47:02,714 | INFO | src.screener.excel_screener | SRF: Processing 59 bars
2026-01-02 13:47:02,718 | INFO | src.screener.excel_screener | PIDILITIND: Processing 60 bars
2026-01-02 13:47:02,723 | INFO | src.screener.excel_screener | ASIANPAINT: Processing 60 bars
2026-01-02 13:47:02,727 | INFO | src.screener.excel_screener | AARTIIND: Processing 60 bars
2026-01-02 13:47:02,732 | INFO | src.screener.excel_screener | LT: Processing 60 bars
2026-01-02 13:47:02,737 | INFO | src.screener.excel_screener | SIEMENS: Processing 60 bars
2026-01-02 13:47:02,744 | INFO | src.screener.excel_screener | ABB: Processing 59 bars
2026-01-02 13:47:02,750 | INFO | src.screener.excel_screener | BHEL: Processing 60 bars
2026-01-02 13:47:02,754 | INFO | src.screener.excel_screener | CUMMINSIND: Processing 60 bars
2026-01-02 13:47:02,759 | INFO | src.screener.excel_screener | APOLLOHOSP: Processing 60 bars
2026-01-02 13:47:02,765 | INFO | src.screener.excel_screener | MAXHEALTH: Processing 60 bars
2026-01-02 13:47:02,770 | INFO | src.screener.excel_screener | NH: Processing 60 bars
2026-01-02 13:47:02,775 | INFO | src.screener.excel_screener | FORTIS: Processing 60 bars
2026-01-02 13:47:02,781 | INFO | src.screener.excel_screener | MEDANTA: Processing 59 bars
2026-01-02 13:47:02,787 | INFO | src.screener.excel_screener | DLF: Processing 60 bars
2026-01-02 13:47:02,792 | INFO | src.screener.excel_screener | GODREJPROP: Processing 60 bars
2026-01-02 13:47:02,800 | INFO | src.screener.excel_screener | OBEROIRLTY: Processing 59 bars
2026-01-02 13:47:02,805 | INFO | src.screener.excel_screener | PRESTIGE: Processing 60 bars
2026-01-02 13:47:02,810 | INFO | src.screener.excel_screener | BRIGADE: Processing 60 bars
2026-01-02 13:47:02,816 | INFO | src.screener.excel_screener | TITAN: Processing 60 bars
2026-01-02 13:47:02,820 | INFO | src.screener.excel_screener | HAVELLS: Processing 60 bars
2026-01-02 13:47:02,825 | INFO | src.screener.excel_screener | VOLTAS: Processing 60 bars
2026-01-02 13:47:02,830 | INFO | src.screener.excel_screener | BLUESTARCO: Processing 59 bars
2026-01-02 13:47:02,835 | INFO | src.screener.excel_screener | CROMPTON: Processing 60 bars
2026-01-02 13:47:02,840 | INFO | src.screener.excel_screener | PAGEIND: Processing 58 bars
2026-01-02 13:47:02,848 | INFO | src.screener.excel_screener | ABFRL: Processing 60 bars
2026-01-02 13:47:02,854 | INFO | src.screener.excel_screener | RAYMOND: Processing 60 bars
2026-01-02 13:47:02,858 | INFO | src.screener.excel_screener | GRASIM: Processing 60 bars
2026-01-02 13:47:02,863 | INFO | src.screener.excel_screener | TRIDENT: Processing 60 bars
2026-01-02 13:47:02,868 | INFO | src.screener.excel_screener | ZEEL: Processing 60 bars
2026-01-02 13:47:02,872 | INFO | src.screener.excel_screener | PVRINOX: Processing 58 bars
2026-01-02 13:47:02,876 | INFO | src.screener.excel_screener | SUNTV: Processing 59 bars
2026-01-02 13:47:02,881 | INFO | src.screener.excel_screener | SAREGAMA: Processing 59 bars
2026-01-02 13:47:02,886 | INFO | src.screener.excel_screener | MAHLOG: Processing 59 bars
2026-01-02 13:47:02,890 | INFO | src.screener.excel_screener | BLUEDART: Processing 58 bars
2026-01-02 13:47:02,895 | INFO | src.screener.excel_screener | VRLLOG: Processing 59 bars
2026-01-02 13:47:02,900 | INFO | src.screener.excel_screener | TCIEXP: Processing 60 bars
2026-01-02 13:47:02,904 | INFO | src.screener.excel_screener | CONCOR: Processing 60 bars
2026-01-02 13:47:02,909 | INFO | src.screener.excel_screener | DMART: Processing 60 bars
2026-01-02 13:47:02,914 | INFO | src.screener.excel_screener | TRENT: Processing 60 bars
2026-01-02 13:47:02,918 | INFO | src.screener.excel_screener | VMART: Processing 59 bars
2026-01-02 13:47:02,922 | INFO | src.screener.excel_screener | SHOPERSTOP: Processing 59 bars
2026-01-02 13:47:02,928 | INFO | src.screener.excel_screener | RELAXO: Processing 59 bars
2026-01-02 13:47:02,934 | INFO | src.screener.excel_screener | HAL: Processing 60 bars
2026-01-02 13:47:02,938 | INFO | src.screener.excel_screener | BEL: Processing 60 bars
2026-01-02 13:47:02,944 | INFO | src.screener.excel_screener | BDL: Processing 60 bars
2026-01-02 13:47:02,949 | INFO | src.screener.excel_screener | MAZDOCK: Processing 60 bars
2026-01-02 13:47:02,955 | INFO | src.screener.excel_screener | SOLARINDS: Processing 60 bars
2026-01-02 13:47:02,959 | INFO | src.screener.excel_screener | SHRIRAMFIN: Processing 60 bars
2026-01-02 13:47:02,965 | INFO | src.screener.excel_screener | TATACONSUM: Processing 60 bars
2026-01-02 13:47:02,969 | INFO | src.screener.excel_screener | 
📊 REJECTION STATISTICS:
2026-01-02 13:47:02,969 | INFO | src.screener.excel_screener |    Total Processed: 100
2026-01-02 13:47:02,970 | INFO | src.screener.excel_screener |    Passed: 20
2026-01-02 13:47:02,970 | INFO | src.screener.excel_screener |    Rejected: 80
2026-01-02 13:47:02,970 | INFO | src.screener.excel_screener | 
   Top Rejection Reasons:
2026-01-02 13:47:02,970 | INFO | src.screener.excel_screener | Metrics calculated: 100, Passed: 20, Rejected: 80, Insufficient bars: 0, Missing data: 0
2026-01-02 13:47:02,971 | INFO | src.screener.excel_screener | Max trades (adjusted for BULLISH): 8
2026-01-02 13:47:02,972 | INFO | src.screener.excel_screener | 
============================================================
2026-01-02 13:47:02,972 | INFO | src.screener.excel_screener | TOP PICKS:
2026-01-02 13:47:02,972 | INFO | src.screener.excel_screener | ============================================================
2026-01-02 13:47:02,973 | INFO | src.screener.excel_screener | INDUSTOWER | Score:  45.29 | Price: Rs. 435.80 | BULLISH_TREND,STRONG_TREND
2026-01-02 13:47:02,973 | INFO | src.screener.excel_screener | RAYMOND    | Score:  40.43 | Price: Rs. 425.60 | STRONG_TREND
2026-01-02 13:47:02,973 | INFO | src.screener.excel_screener | HINDALCO   | Score:  38.74 | Price: Rs. 894.95 | BULLISH_TREND,STRONG_TREND
2026-01-02 13:47:02,974 | INFO | src.screener.excel_screener | CUMMINSIND | Score:  36.69 | Price: Rs.4470.60 | NEAR_EMA20,BULLISH_TREND,HIGH_VOLUME
2026-01-02 13:47:02,974 | INFO | src.screener.excel_screener | SRF        | Score:  35.14 | Price: Rs.3057.30 | NEAR_EMA20,BULLISH_TREND
2026-01-02 13:47:04,774 | INFO | src.screener.excel_screener | Written 8 results to Excel: SCREENER_OUTPUT
2026-01-02 13:47:05,525 | INFO | src.screener.excel_screener | ============================================================
2026-01-02 13:47:05,525 | INFO | src.screener.excel_screener | SCREENER COMPLETE
2026-01-02 13:47:05,526 | INFO | src.screener.excel_screener | ============================================================
2026-01-02 13:47:05,527 | INFO | src.core.risk_governor | Risk Governor evaluating trade: HINDALCO x 1
2026-01-02 13:47:05,528 | INFO | src.core.risk_manager | Risk assessment for HINDALCO: REJECTED (Score: 60.0, Level: MEDIUM)
2026-01-02 13:47:05,528 | WARNING | src.core.risk_governor | Risk Governor final decision: REJECT for HINDALCO
2026-01-02 13:47:05,528 | WARNING | src.core.engine | HINDALCO: Risk Governor REJECTED - Position size reduced to fit max position value (adjustment 0.84x); Sector limit exceeded: Unknown exposure would be 90.3%; High correlation exposure: 90.3%
2026-01-02 13:47:05,529 | INFO | src.core.risk_governor | Risk Governor evaluating trade: INDUSTOWER x 1
2026-01-02 13:47:05,529 | INFO | src.core.risk_manager | Risk assessment for INDUSTOWER: REJECTED (Score: 60.0, Level: HIGH)
2026-01-02 13:47:05,529 | WARNING | src.core.risk_governor | Risk Governor final decision: REJECT for INDUSTOWER
2026-01-02 13:47:05,529 | WARNING | src.core.engine | INDUSTOWER: Risk Governor REJECTED - Sector limit exceeded: Unknown exposure would be 44.0%
2026-01-02 13:47:05,530 | INFO | src.core.risk_governor | Risk Governor evaluating trade: UPL x 1
2026-01-02 13:47:05,531 | INFO | src.core.risk_manager | Risk assessment for UPL: REJECTED (Score: 60.0, Level: MEDIUM)
2026-01-02 13:47:05,531 | WARNING | src.core.risk_governor | Risk Governor final decision: REJECT for UPL
2026-01-02 13:47:05,531 | WARNING | src.core.engine | UPL: Risk Governor REJECTED - Position size reduced to fit max position value (adjustment 0.93x); Sector limit exceeded: Unknown exposure would be 81.3%; High correlation exposure: 81.3%
2026-01-02 13:47:05,532 | INFO | src.core.risk_governor | Risk Governor evaluating trade: SRF x 1
2026-01-02 13:47:05,532 | INFO | src.core.risk_manager | Risk assessment for SRF: REJECTED (Score: 60.0, Level: MEDIUM)
2026-01-02 13:47:05,532 | WARNING | src.core.risk_governor | Risk Governor final decision: REJECT for SRF
2026-01-02 13:47:05,532 | WARNING | src.core.engine | SRF: Risk Governor REJECTED - Position size reduced to fit max position value (adjustment 0.25x); Sector limit exceeded: Unknown exposure would be 308.6%; High correlation exposure: 308.6%
2026-01-02 13:47:05,533 | INFO | src.core.risk_governor | Risk Governor evaluating trade: CUMMINSIND x 1
2026-01-02 13:47:05,533 | INFO | src.core.risk_manager | Risk assessment for CUMMINSIND: REJECTED (Score: 60.0, Level: MEDIUM)
2026-01-02 13:47:05,533 | WARNING | src.core.risk_governor | Risk Governor final decision: REJECT for CUMMINSIND
2026-01-02 13:47:05,533 | WARNING | src.core.engine | CUMMINSIND: Risk Governor REJECTED - Position size reduced to fit max position value (adjustment 0.17x); Sector limit exceeded: Unknown exposure would be 451.3%; High correlation exposure: 451.3%
2026-01-02 13:47:05,534 | INFO | src.core.risk_governor | Risk Governor evaluating trade: RAYMOND x 1
2026-01-02 13:47:05,534 | INFO | src.core.risk_manager | Risk assessment for RAYMOND: REJECTED (Score: 60.0, Level: HIGH)
2026-01-02 13:47:05,534 | WARNING | src.core.risk_governor | Risk Governor final decision: REJECT for RAYMOND
2026-01-02 13:47:05,534 | WARNING | src.core.engine | RAYMOND: Risk Governor REJECTED - Sector limit exceeded: Unknown exposure would be 43.0%
2026-01-02 13:47:05,535 | INFO | src.core.risk_governor | Risk Governor evaluating trade: BLUEDART x 1
2026-01-02 13:47:05,535 | INFO | src.core.risk_manager | Risk assessment for BLUEDART: REJECTED (Score: 60.0, Level: MEDIUM)
2026-01-02 13:47:05,535 | WARNING | src.core.risk_governor | Risk Governor final decision: REJECT for BLUEDART
2026-01-02 13:47:05,536 | WARNING | src.core.engine | BLUEDART: Risk Governor REJECTED - Position size reduced to fit max position value (adjustment 0.13x); Sector limit exceeded: Unknown exposure would be 573.0%; High correlation exposure: 573.0%
2026-01-02 13:47:05,536 | INFO | src.core.risk_governor | Risk Governor evaluating trade: TATACONSUM x 1
2026-01-02 13:47:05,537 | INFO | src.core.risk_manager | Risk assessment for TATACONSUM: REJECTED (Score: 60.0, Level: MEDIUM)
2026-01-02 13:47:05,537 | WARNING | src.core.risk_governor | Risk Governor final decision: REJECT for TATACONSUM
2026-01-02 13:47:05,537 | WARNING | src.core.engine | TATACONSUM: Risk Governor REJECTED - Position size reduced to fit max position value (adjustment 0.64x); Sector limit exceeded: Unknown exposure would be 118.8%; High correlation exposure: 118.8%
2026-01-02 15:55:40,771 | INFO | config.enhanced_config_manager | Timing config loaded: enabled=False
2026-01-02 15:55:40,773 | INFO | src.utils.sector_manager | Sector manager initialized
2026-01-02 15:55:40,773 | INFO | src.core.risk_manager | Risk Manager initialized with comprehensive risk controls
2026-01-02 15:55:40,773 | INFO | src.core.risk_governor | Added risk rule: EmergencyStop (priority: 5)
2026-01-02 15:55:40,773 | INFO | src.core.risk_governor | Added risk rule: MarketHours (priority: 10)
2026-01-02 15:55:40,774 | INFO | src.core.risk_governor | Added risk rule: DailyLossLimit (priority: 15)
2026-01-02 15:55:40,774 | INFO | src.core.risk_governor | Added risk rule: VolatilityAdjustment (priority: 25)
2026-01-02 15:55:40,774 | INFO | src.core.risk_governor | Risk Governor initialized with 4 risk rules
2026-01-02 15:55:46,504 | WARNING | src.core.engine | Failed to initialize adaptive strategies: attempted relative import beyond top-level package
2026-01-02 15:55:46,504 | INFO | src.core.engine | Trading engine initialized with timing intelligence disabled
2026-01-02 15:55:46,505 | INFO | src.core.engine | Trading engine initialized with enhanced risk management
2026-01-02 15:55:46,505 | INFO | src.execution.adapter | Initialized LIVE execution adapter
2026-01-02 15:55:46,505 | INFO | src.broker.zerodha | ZerodhaBroker initialized in LIVE mode
2026-01-02 15:55:47,378 | INFO | src.broker.zerodha | ✓ Zerodha connected: Harendra Kumar
2026-01-02 15:55:47,379 | INFO | src.execution.live | ✓ Connected to Zerodha: Harendra Kumar
2026-01-02 15:55:47,507 | INFO | src.core.reconciliation | [RECON] Broker has 0 open orders: []
2026-01-02 15:55:47,509 | INFO | src.core.reconciliation | [RECON] Local has 0 orders: []
2026-01-02 15:55:47,513 | INFO | src.execution.live | Reconciliation OK | Positions fixed=0, Ghost removed=0, Closed cleaned=0, Orders fixed=0
2026-01-02 15:55:47,584 | INFO | src.execution.live | LIVE CAPITAL OVERRIDE: total_capital set from broker data: 5,000.00 -> 990.59 (available: 842.00)
2026-01-02 15:55:47,584 | INFO | src.execution.live | ======================================================================
2026-01-02 15:55:47,584 | INFO | src.execution.live | CAPITAL BREAKDOWN AFTER RECONCILIATION
2026-01-02 15:55:47,585 | INFO | src.execution.live | ======================================================================
2026-01-02 15:55:47,585 | INFO | src.execution.live | Total Capital:        ₹      990.59
2026-01-02 15:55:47,585 | INFO | src.execution.live | - Position Exposure:  ₹        0.00
2026-01-02 15:55:47,586 | INFO | src.execution.live | - Pending Orders:     ₹        0.00
2026-01-02 15:55:47,586 | INFO | src.execution.live | - Safety Buffer (15%): ₹      148.59
2026-01-02 15:55:47,586 | INFO | src.execution.live | = AVAILABLE CAPITAL:  ₹      842.00
2026-01-02 15:55:47,587 | INFO | src.execution.live | ======================================================================
2026-01-02 15:55:47,587 | INFO | src.execution.live | No open positions
2026-01-02 15:55:47,587 | INFO | src.execution.live | No pending orders
2026-01-02 15:55:47,588 | INFO | src.execution.live | ======================================================================
2026-01-02 15:55:47,588 | INFO | src.execution.live | Live trading mode initialized
2026-01-02 15:55:47,588 | INFO | __main__ | Starting position reconciliation...
2026-01-02 15:55:47,654 | INFO | __main__ | Position reconciliation completed - no discrepancies
2026-01-02 15:55:54,187 | INFO | src.screener.excel_screener | Excel screener initialized: MiniRobo.xlsx
2026-01-02 15:55:54,188 | INFO | src.screener.excel_screener | ============================================================
2026-01-02 15:55:54,189 | INFO | src.screener.excel_screener | STARTING EXCEL-DRIVEN SCREENER
2026-01-02 15:55:54,189 | INFO | src.screener.excel_screener | ============================================================
2026-01-02 15:55:55,989 | INFO | src.screener.excel_screener | Loaded 14 screener rules
2026-01-02 15:55:56,631 | INFO | src.screener.excel_screener | 
 ACTIVE FILTER RULES:
2026-01-02 15:55:58,166 | INFO | src.screener.excel_screener | Loaded 100 enabled stocks from universe
2026-01-02 15:56:00,176 | INFO | src.screener.excel_screener | Loaded sector mapping for 100 symbols
2026-01-02 15:56:06,853 | INFO | src.screener.excel_screener | Market Trend: BULLISH
2026-01-02 15:56:06,889 | INFO | src.screener.excel_screener | Successfully fetched data for 100/100 symbols
2026-01-02 15:56:06,889 | INFO | src.screener.excel_screener | Bulk data received: 100 symbols with data
2026-01-02 15:56:07,069 | INFO | src.screener.excel_screener | Starting screening of 100 symbols. Bulk data has 100 entries
2026-01-02 15:56:07,070 | INFO | src.screener.excel_screener | HDFCBANK: Processing 60 bars
2026-01-02 15:56:07,077 | INFO | src.screener.excel_screener | ICICIBANK: Processing 60 bars
2026-01-02 15:56:07,083 | INFO | src.screener.excel_screener | KOTAKBANK: Processing 60 bars
2026-01-02 15:56:07,090 | INFO | src.screener.excel_screener | AXISBANK: Processing 60 bars
2026-01-02 15:56:07,094 | INFO | src.screener.excel_screener | SBIN: Processing 60 bars
2026-01-02 15:56:07,099 | INFO | src.screener.excel_screener | TCS: Processing 60 bars
2026-01-02 15:56:07,105 | INFO | src.screener.excel_screener | INFY: Processing 60 bars
2026-01-02 15:56:07,109 | INFO | src.screener.excel_screener | HCLTECH: Processing 60 bars
2026-01-02 15:56:07,113 | INFO | src.screener.excel_screener | WIPRO: Processing 60 bars
2026-01-02 15:56:07,117 | INFO | src.screener.excel_screener | TECHM: Processing 60 bars
2026-01-02 15:56:07,124 | INFO | src.screener.excel_screener | SUNPHARMA: Processing 60 bars
2026-01-02 15:56:07,128 | INFO | src.screener.excel_screener | CIPLA: Processing 60 bars
2026-01-02 15:56:07,132 | INFO | src.screener.excel_screener | DRREDDY: Processing 60 bars
2026-01-02 15:56:07,137 | INFO | src.screener.excel_screener | LUPIN: Processing 60 bars
2026-01-02 15:56:07,142 | INFO | src.screener.excel_screener | TORNTPHARM: Processing 60 bars
2026-01-02 15:56:07,146 | INFO | src.screener.excel_screener | HINDUNILVR: Processing 60 bars
2026-01-02 15:56:07,150 | INFO | src.screener.excel_screener | ITC: Processing 60 bars
2026-01-02 15:56:07,156 | INFO | src.screener.excel_screener | NESTLEIND: Processing 60 bars
2026-01-02 15:56:07,160 | INFO | src.screener.excel_screener | BRITANNIA: Processing 59 bars
2026-01-02 15:56:07,163 | INFO | src.screener.excel_screener | DABUR: Processing 60 bars
2026-01-02 15:56:07,169 | INFO | src.screener.excel_screener | MARUTI: Processing 60 bars
2026-01-02 15:56:07,174 | INFO | src.screener.excel_screener | M&M: Processing 60 bars
2026-01-02 15:56:07,178 | INFO | src.screener.excel_screener | BAJAJ-AUTO: Processing 60 bars
2026-01-02 15:56:07,182 | INFO | src.screener.excel_screener | EICHERMOT: Processing 60 bars
2026-01-02 15:56:07,188 | INFO | src.screener.excel_screener | RELIANCE: Processing 60 bars
2026-01-02 15:56:07,192 | INFO | src.screener.excel_screener | ONGC: Processing 60 bars
2026-01-02 15:56:07,196 | INFO | src.screener.excel_screener | BPCL: Processing 60 bars
2026-01-02 15:56:07,201 | INFO | src.screener.excel_screener | IOC: Processing 60 bars
2026-01-02 15:56:07,207 | INFO | src.screener.excel_screener | GAIL: Processing 60 bars
2026-01-02 15:56:07,211 | INFO | src.screener.excel_screener | TATASTEEL: Processing 60 bars
2026-01-02 15:56:07,215 | INFO | src.screener.excel_screener | HINDALCO: Processing 60 bars
2026-01-02 15:56:07,222 | INFO | src.screener.excel_screener | JSWSTEEL: Processing 60 bars
2026-01-02 15:56:07,226 | INFO | src.screener.excel_screener | COALINDIA: Processing 60 bars
2026-01-02 15:56:07,230 | INFO | src.screener.excel_screener | VEDL: Processing 60 bars
2026-01-02 15:56:07,236 | INFO | src.screener.excel_screener | ULTRACEMCO: Processing 60 bars
2026-01-02 15:56:07,241 | INFO | src.screener.excel_screener | SHREECEM: Processing 58 bars
2026-01-02 15:56:07,248 | INFO | src.screener.excel_screener | AMBUJACEM: Processing 60 bars
2026-01-02 15:56:07,254 | INFO | src.screener.excel_screener | ACC: Processing 60 bars
2026-01-02 15:56:07,258 | INFO | src.screener.excel_screener | DALBHARAT: Processing 58 bars
2026-01-02 15:56:07,262 | INFO | src.screener.excel_screener | POWERGRID: Processing 60 bars
2026-01-02 15:56:07,267 | INFO | src.screener.excel_screener | NTPC: Processing 60 bars
2026-01-02 15:56:07,272 | INFO | src.screener.excel_screener | ADANIGREEN: Processing 60 bars
2026-01-02 15:56:07,276 | INFO | src.screener.excel_screener | TATAPOWER: Processing 60 bars
2026-01-02 15:56:07,281 | INFO | src.screener.excel_screener | JSWENERGY: Processing 60 bars
2026-01-02 15:56:07,287 | INFO | src.screener.excel_screener | BHARTIARTL: Processing 60 bars
2026-01-02 15:56:07,294 | INFO | src.screener.excel_screener | JIOFIN: Processing 58 bars
2026-01-02 15:56:07,299 | INFO | src.screener.excel_screener | IDEA: Processing 60 bars
2026-01-02 15:56:07,307 | INFO | src.screener.excel_screener | INDUSTOWER: Processing 60 bars
2026-01-02 15:56:07,315 | INFO | src.screener.excel_screener | TATACOMM: Processing 59 bars
2026-01-02 15:56:07,322 | INFO | src.screener.excel_screener | UPL: Processing 60 bars
2026-01-02 15:56:07,327 | INFO | src.screener.excel_screener | SRF: Processing 59 bars
2026-01-02 15:56:07,332 | INFO | src.screener.excel_screener | PIDILITIND: Processing 60 bars
2026-01-02 15:56:07,340 | INFO | src.screener.excel_screener | ASIANPAINT: Processing 60 bars
2026-01-02 15:56:07,346 | INFO | src.screener.excel_screener | AARTIIND: Processing 60 bars
2026-01-02 15:56:07,352 | INFO | src.screener.excel_screener | LT: Processing 60 bars
2026-01-02 15:56:07,359 | INFO | src.screener.excel_screener | SIEMENS: Processing 60 bars
2026-01-02 15:56:07,364 | INFO | src.screener.excel_screener | ABB: Processing 59 bars
2026-01-02 15:56:07,370 | INFO | src.screener.excel_screener | BHEL: Processing 60 bars
2026-01-02 15:56:07,376 | INFO | src.screener.excel_screener | CUMMINSIND: Processing 60 bars
2026-01-02 15:56:07,380 | INFO | src.screener.excel_screener | APOLLOHOSP: Processing 60 bars
2026-01-02 15:56:07,387 | INFO | src.screener.excel_screener | MAXHEALTH: Processing 60 bars
2026-01-02 15:56:07,392 | INFO | src.screener.excel_screener | NH: Processing 60 bars
2026-01-02 15:56:07,396 | INFO | src.screener.excel_screener | FORTIS: Processing 60 bars
2026-01-02 15:56:07,401 | INFO | src.screener.excel_screener | MEDANTA: Processing 59 bars
2026-01-02 15:56:07,408 | INFO | src.screener.excel_screener | DLF: Processing 60 bars
2026-01-02 15:56:07,412 | INFO | src.screener.excel_screener | GODREJPROP: Processing 60 bars
2026-01-02 15:56:07,417 | INFO | src.screener.excel_screener | OBEROIRLTY: Processing 59 bars
2026-01-02 15:56:07,423 | INFO | src.screener.excel_screener | PRESTIGE: Processing 60 bars
2026-01-02 15:56:07,427 | INFO | src.screener.excel_screener | BRIGADE: Processing 60 bars
2026-01-02 15:56:07,431 | INFO | src.screener.excel_screener | TITAN: Processing 60 bars
2026-01-02 15:56:07,436 | INFO | src.screener.excel_screener | HAVELLS: Processing 60 bars
2026-01-02 15:56:07,442 | INFO | src.screener.excel_screener | VOLTAS: Processing 60 bars
2026-01-02 15:56:07,446 | INFO | src.screener.excel_screener | BLUESTARCO: Processing 59 bars
2026-01-02 15:56:07,453 | INFO | src.screener.excel_screener | CROMPTON: Processing 60 bars
2026-01-02 15:56:07,458 | INFO | src.screener.excel_screener | PAGEIND: Processing 58 bars
2026-01-02 15:56:07,463 | INFO | src.screener.excel_screener | ABFRL: Processing 60 bars
2026-01-02 15:56:07,467 | INFO | src.screener.excel_screener | RAYMOND: Processing 60 bars
2026-01-02 15:56:07,472 | INFO | src.screener.excel_screener | GRASIM: Processing 60 bars
2026-01-02 15:56:07,477 | INFO | src.screener.excel_screener | TRIDENT: Processing 60 bars
2026-01-02 15:56:07,481 | INFO | src.screener.excel_screener | ZEEL: Processing 60 bars
2026-01-02 15:56:07,485 | INFO | src.screener.excel_screener | PVRINOX: Processing 58 bars
2026-01-02 15:56:07,491 | INFO | src.screener.excel_screener | SUNTV: Processing 59 bars
2026-01-02 15:56:07,495 | INFO | src.screener.excel_screener | SAREGAMA: Processing 59 bars
2026-01-02 15:56:07,498 | INFO | src.screener.excel_screener | MAHLOG: Processing 59 bars
2026-01-02 15:56:07,503 | INFO | src.screener.excel_screener | BLUEDART: Processing 58 bars
2026-01-02 15:56:07,508 | INFO | src.screener.excel_screener | VRLLOG: Processing 59 bars
2026-01-02 15:56:07,512 | INFO | src.screener.excel_screener | TCIEXP: Processing 60 bars
2026-01-02 15:56:07,516 | INFO | src.screener.excel_screener | CONCOR: Processing 60 bars
2026-01-02 15:56:07,522 | INFO | src.screener.excel_screener | DMART: Processing 60 bars
2026-01-02 15:56:07,527 | INFO | src.screener.excel_screener | TRENT: Processing 60 bars
2026-01-02 15:56:07,531 | INFO | src.screener.excel_screener | VMART: Processing 59 bars
2026-01-02 15:56:07,537 | INFO | src.screener.excel_screener | SHOPERSTOP: Processing 59 bars
2026-01-02 15:56:07,542 | INFO | src.screener.excel_screener | RELAXO: Processing 59 bars
2026-01-02 15:56:07,546 | INFO | src.screener.excel_screener | HAL: Processing 60 bars
2026-01-02 15:56:07,550 | INFO | src.screener.excel_screener | BEL: Processing 60 bars
2026-01-02 15:56:07,555 | INFO | src.screener.excel_screener | BDL: Processing 60 bars
2026-01-02 15:56:07,559 | INFO | src.screener.excel_screener | MAZDOCK: Processing 60 bars
2026-01-02 15:56:07,563 | INFO | src.screener.excel_screener | SOLARINDS: Processing 60 bars
2026-01-02 15:56:07,568 | INFO | src.screener.excel_screener | SHRIRAMFIN: Processing 60 bars
2026-01-02 15:56:07,573 | INFO | src.screener.excel_screener | TATACONSUM: Processing 60 bars
2026-01-02 15:56:07,577 | INFO | src.screener.excel_screener | 
📊 REJECTION STATISTICS:
2026-01-02 15:56:07,577 | INFO | src.screener.excel_screener |    Total Processed: 100
2026-01-02 15:56:07,578 | INFO | src.screener.excel_screener |    Passed: 20
2026-01-02 15:56:07,578 | INFO | src.screener.excel_screener |    Rejected: 80
2026-01-02 15:56:07,578 | INFO | src.screener.excel_screener | 
   Top Rejection Reasons:
2026-01-02 15:56:07,578 | INFO | src.screener.excel_screener | Metrics calculated: 100, Passed: 20, Rejected: 80, Insufficient bars: 0, Missing data: 0
2026-01-02 15:56:07,589 | INFO | src.screener.excel_screener | Max trades (adjusted for BULLISH): 8
2026-01-02 15:56:07,589 | INFO | src.screener.excel_screener | 
============================================================
2026-01-02 15:56:07,589 | INFO | src.screener.excel_screener | TOP PICKS:
2026-01-02 15:56:07,590 | INFO | src.screener.excel_screener | ============================================================
2026-01-02 15:56:07,590 | INFO | src.screener.excel_screener | INDUSTOWER | Score:  45.29 | Price: Rs. 435.80 | BULLISH_TREND,STRONG_TREND
2026-01-02 15:56:07,591 | INFO | src.screener.excel_screener | RAYMOND    | Score:  40.43 | Price: Rs. 425.60 | STRONG_TREND
2026-01-02 15:56:07,592 | INFO | src.screener.excel_screener | HINDALCO   | Score:  38.74 | Price: Rs. 894.95 | BULLISH_TREND,STRONG_TREND
2026-01-02 15:56:07,592 | INFO | src.screener.excel_screener | CUMMINSIND | Score:  36.69 | Price: Rs.4470.60 | NEAR_EMA20,BULLISH_TREND,HIGH_VOLUME
2026-01-02 15:56:07,593 | INFO | src.screener.excel_screener | SRF        | Score:  35.14 | Price: Rs.3057.30 | NEAR_EMA20,BULLISH_TREND
2026-01-02 15:56:09,158 | INFO | src.screener.excel_screener | Written 8 results to Excel: SCREENER_OUTPUT
2026-01-02 15:56:09,722 | INFO | src.screener.excel_screener | ============================================================
2026-01-02 15:56:09,723 | INFO | src.screener.excel_screener | SCREENER COMPLETE
2026-01-02 15:56:09,723 | INFO | src.screener.excel_screener | ============================================================
2026-01-02 15:56:09,725 | INFO | src.core.risk_governor | Risk Governor evaluating trade: HINDALCO x 1
2026-01-02 15:56:09,725 | WARNING | src.core.risk_governor | Trade REJECTED by MarketHours: HINDALCO
2026-01-02 15:56:09,725 | WARNING | src.core.engine | HINDALCO: Risk Governor REJECTED - [MarketHours] Market closed - Current time: 15:56
2026-01-02 15:56:09,726 | INFO | src.core.risk_governor | Risk Governor evaluating trade: INDUSTOWER x 1
2026-01-02 15:56:09,726 | WARNING | src.core.risk_governor | Trade REJECTED by MarketHours: INDUSTOWER
2026-01-02 15:56:09,726 | WARNING | src.core.engine | INDUSTOWER: Risk Governor REJECTED - [MarketHours] Market closed - Current time: 15:56
2026-01-02 15:56:09,727 | INFO | src.core.risk_governor | Risk Governor evaluating trade: UPL x 1
2026-01-02 15:56:09,727 | WARNING | src.core.risk_governor | Trade REJECTED by MarketHours: UPL
2026-01-02 15:56:09,727 | WARNING | src.core.engine | UPL: Risk Governor REJECTED - [MarketHours] Market closed - Current time: 15:56
2026-01-02 15:56:09,728 | INFO | src.core.risk_governor | Risk Governor evaluating trade: SRF x 1
2026-01-02 15:56:09,728 | WARNING | src.core.risk_governor | Trade REJECTED by MarketHours: SRF
2026-01-02 15:56:09,728 | WARNING | src.core.engine | SRF: Risk Governor REJECTED - [MarketHours] Market closed - Current time: 15:56
2026-01-02 15:56:09,729 | INFO | src.core.risk_governor | Risk Governor evaluating trade: CUMMINSIND x 1
2026-01-02 15:56:09,729 | WARNING | src.core.risk_governor | Trade REJECTED by MarketHours: CUMMINSIND
2026-01-02 15:56:09,729 | WARNING | src.core.engine | CUMMINSIND: Risk Governor REJECTED - [MarketHours] Market closed - Current time: 15:56
2026-01-02 15:56:09,730 | INFO | src.core.risk_governor | Risk Governor evaluating trade: RAYMOND x 1
2026-01-02 15:56:09,730 | WARNING | src.core.risk_governor | Trade REJECTED by MarketHours: RAYMOND
2026-01-02 15:56:09,730 | WARNING | src.core.engine | RAYMOND: Risk Governor REJECTED - [MarketHours] Market closed - Current time: 15:56
2026-01-02 15:56:09,731 | INFO | src.core.risk_governor | Risk Governor evaluating trade: BLUEDART x 1
2026-01-02 15:56:09,731 | WARNING | src.core.risk_governor | Trade REJECTED by MarketHours: BLUEDART
2026-01-02 15:56:09,731 | WARNING | src.core.engine | BLUEDART: Risk Governor REJECTED - [MarketHours] Market closed - Current time: 15:56
2026-01-02 15:56:09,732 | INFO | src.core.risk_governor | Risk Governor evaluating trade: TATACONSUM x 1
2026-01-02 15:56:09,732 | WARNING | src.core.risk_governor | Trade REJECTED by MarketHours: TATACONSUM
2026-01-02 15:56:09,732 | WARNING | src.core.engine | TATACONSUM: Risk Governor REJECTED - [MarketHours] Market closed - Current time: 15:56
2026-01-02 15:59:05,146 | INFO | config.enhanced_config_manager | Timing config loaded: enabled=False
2026-01-02 15:59:05,148 | INFO | src.core.risk_manager | Risk Manager initialized with comprehensive risk controls
2026-01-02 15:59:05,149 | INFO | src.screener.excel_screener | Excel screener initialized: MiniRobo.xlsx
2026-01-02 15:59:06,440 | INFO | src.screener.excel_screener | Loaded 100 enabled stocks from universe
2026-01-02 15:59:06,961 | INFO | src.core.warmup_manager | WarmupManager initialized for 10 symbols with 60 days lookback
2026-01-02 15:59:06,961 | INFO | src.core.warmup_manager | 🔥 Starting system warmup sequence...
2026-01-02 15:59:06,961 | INFO | src.core.warmup_manager |   🔄 Executing: load_market_data
2026-01-02 15:59:07,962 | ERROR | yfinance | $HDFCBANK: possibly delisted; no timezone found
2026-01-02 15:59:07,963 | WARNING | src.core.warmup_manager | Insufficient data for HDFCBANK: 0 days
2026-01-02 15:59:08,936 | ERROR | yfinance | HTTP Error 404: {"quoteSummary":{"result":null,"error":{"code":"Not Found","description":"Quote not found for symbol: ICICIBANK"}}}
2026-01-02 15:59:09,163 | ERROR | yfinance | $ICICIBANK: possibly delisted; no timezone found
2026-01-02 15:59:09,164 | WARNING | src.core.warmup_manager | Insufficient data for ICICIBANK: 0 days
2026-01-02 15:59:09,512 | ERROR | yfinance | $KOTAKBANK: possibly delisted; no timezone found
2026-01-02 15:59:09,513 | WARNING | src.core.warmup_manager | Insufficient data for KOTAKBANK: 0 days
2026-01-02 15:59:09,859 | ERROR | yfinance | $AXISBANK: possibly delisted; no timezone found
2026-01-02 15:59:09,860 | WARNING | src.core.warmup_manager | Insufficient data for AXISBANK: 0 days
2026-01-02 15:59:10,237 | ERROR | yfinance | $SBIN: possibly delisted; no timezone found
2026-01-02 15:59:10,238 | WARNING | src.core.warmup_manager | Insufficient data for SBIN: 0 days
2026-01-02 15:59:10,869 | ERROR | yfinance | $TCS: possibly delisted; no timezone found
2026-01-02 15:59:10,869 | WARNING | src.core.warmup_manager | Insufficient data for TCS: 0 days
2026-01-02 15:59:11,556 | ERROR | yfinance | $HCLTECH: possibly delisted; no timezone found
2026-01-02 15:59:11,557 | WARNING | src.core.warmup_manager | Insufficient data for HCLTECH: 0 days
2026-01-02 15:59:12,119 | ERROR | yfinance | $WIPRO: possibly delisted; no timezone found
2026-01-02 15:59:12,120 | WARNING | src.core.warmup_manager | Insufficient data for WIPRO: 0 days
2026-01-02 15:59:12,684 | ERROR | yfinance | $TECHM: possibly delisted; no timezone found
2026-01-02 15:59:12,685 | WARNING | src.core.warmup_manager | Insufficient data for TECHM: 0 days
2026-01-02 15:59:12,686 | INFO | src.core.warmup_manager | Market data loaded: 1/10 symbols, 41 total data points
2026-01-02 15:59:12,687 | INFO | src.core.warmup_manager |   ✅ Completed: load_market_data (5.73s, 41 data points)
2026-01-02 15:59:12,687 | INFO | src.core.warmup_manager |   🔄 Executing: calculate_indicators
2026-01-02 15:59:12,709 | INFO | src.core.warmup_manager | Technical indicators calculated: 13 total indicators
2026-01-02 15:59:12,709 | INFO | src.core.warmup_manager |   ✅ Completed: calculate_indicators (0.02s, 13 data points)
2026-01-02 15:59:12,709 | INFO | src.core.warmup_manager |   🔄 Executing: warmup_timing
2026-01-02 15:59:12,712 | INFO | src.timing.market_regime | Market regime manager initialized for ^NSEI
2026-01-02 15:59:12,842 | INFO | src.timing.market_regime | Market regime: SIDEWAYS (confidence: 0.60) | Price vs MA20: 1.23%, Volatility: 0.46%
2026-01-02 15:59:12,843 | INFO | src.core.warmup_manager | Timing components warmed up - Current regime: (<MarketRegime.SIDEWAYS: 'SIDEWAYS'>, 0.6)
2026-01-02 15:59:12,843 | INFO | src.core.warmup_manager |   ✅ Completed: warmup_timing (0.13s, 1 data points)
2026-01-02 15:59:12,843 | INFO | src.core.warmup_manager |   🔄 Executing: warmup_regime
2026-01-02 15:59:12,845 | INFO | src.core.warmup_manager | Market regime detection warmed up for 1 symbols
2026-01-02 15:59:12,845 | INFO | src.core.warmup_manager |   ✅ Completed: warmup_regime (0.00s, 1 data points)
2026-01-02 15:59:12,845 | INFO | src.core.warmup_manager |   🔄 Executing: warmup_strategies
2026-01-02 15:59:13,463 | INFO | src.core.warmup_manager | Adaptive strategy manager not available for warmup
2026-01-02 15:59:13,463 | INFO | src.core.warmup_manager | Strategy managers warmed up for 0 symbols
2026-01-02 15:59:13,464 | INFO | src.core.warmup_manager |   ✅ Completed: warmup_strategies (0.62s, 0 data points)
2026-01-02 15:59:13,464 | INFO | src.core.warmup_manager |   🔄 Executing: validate_warmup
2026-01-02 15:59:13,464 | ERROR | src.core.warmup_manager | Warmup validation failed: Only 1/10 symbols warmed
2026-01-02 15:59:13,464 | ERROR | src.core.warmup_manager |   ❌ Failed: validate_warmup (0.00s) - Only 1/10 symbols warmed
2026-01-02 15:59:13,464 | ERROR | src.core.warmup_manager | ❌ Warmup FAILED with 1 task failures
2026-01-02 15:59:13,465 | INFO | src.core.warmup_manager | ============================================================
2026-01-02 15:59:13,465 | INFO | src.core.warmup_manager | WARMUP SUMMARY
2026-01-02 15:59:13,465 | INFO | src.core.warmup_manager | ============================================================
2026-01-02 15:59:13,465 | INFO | src.core.warmup_manager | Status: FAILED
2026-01-02 15:59:13,465 | INFO | src.core.warmup_manager | Duration: 6.50 seconds
2026-01-02 15:59:13,465 | INFO | src.core.warmup_manager | Symbols warmed: 1/10
2026-01-02 15:59:13,465 | INFO | src.core.warmup_manager | Tasks completed: 5/6
2026-01-02 15:59:13,465 | INFO | src.core.warmup_manager | Failed tasks: 1
2026-01-02 15:59:13,466 | ERROR | src.core.warmup_manager |   - validate_warmup: Only 1/10 symbols warmed
2026-01-02 15:59:13,466 | INFO | src.core.warmup_manager | Indicator Status:
2026-01-02 15:59:13,466 | INFO | src.core.warmup_manager |   ❌ SMA_20
2026-01-02 15:59:13,466 | INFO | src.core.warmup_manager |   ❌ SMA_50
2026-01-02 15:59:13,466 | INFO | src.core.warmup_manager |   ❌ EMA_12
2026-01-02 15:59:13,466 | INFO | src.core.warmup_manager |   ❌ EMA_26
2026-01-02 15:59:13,466 | INFO | src.core.warmup_manager |   ❌ RSI_14
2026-01-02 15:59:13,466 | INFO | src.core.warmup_manager |   ❌ MACD
2026-01-02 15:59:13,466 | INFO | src.core.warmup_manager |   ❌ ATR_14
2026-01-02 15:59:13,467 | INFO | src.core.warmup_manager |   ❌ BOLLINGER_BANDS
2026-01-02 15:59:13,467 | INFO | src.core.warmup_manager | ============================================================
2026-01-02 15:59:13,468 | INFO | src.utils.sector_manager | Sector manager initialized
2026-01-02 15:59:13,468 | INFO | src.core.risk_manager | Risk Manager initialized with comprehensive risk controls
2026-01-02 15:59:13,468 | INFO | src.core.risk_governor | Added risk rule: EmergencyStop (priority: 5)
2026-01-02 15:59:13,468 | INFO | src.core.risk_governor | Added risk rule: MarketHours (priority: 10)
2026-01-02 15:59:13,468 | INFO | src.core.risk_governor | Added risk rule: DailyLossLimit (priority: 15)
2026-01-02 15:59:13,468 | INFO | src.core.risk_governor | Added risk rule: VolatilityAdjustment (priority: 25)
2026-01-02 15:59:13,468 | INFO | src.core.risk_governor | Risk Governor initialized with 4 risk rules
2026-01-02 15:59:13,468 | INFO | src.core.warmup_manager | WarmupManager initialized for 100 symbols with 60 days lookback
2026-01-02 15:59:13,471 | WARNING | src.core.engine | Failed to initialize adaptive strategies: attempted relative import beyond top-level package
2026-01-02 15:59:13,472 | INFO | src.core.engine | Trading engine initialized with timing intelligence disabled
2026-01-02 15:59:13,472 | INFO | src.core.engine | Trading engine initialized with enhanced risk management
2026-01-02 15:59:13,472 | INFO | src.execution.adapter | Initialized PAPER execution adapter
2026-01-02 15:59:13,472 | INFO | src.broker.zerodha | ZerodhaBroker initialized in PAPER mode
2026-01-02 15:59:13,472 | INFO | src.broker.zerodha | Paper trading: No real connection required
2026-01-02 15:59:13,472 | INFO | src.execution.paper | Paper trading initialized
2026-01-02 15:59:13,473 | INFO | src.execution.paper | Paper trading mode initialized
2026-01-02 15:59:13,475 | INFO | src.core.system_arming | Added kill switch: emergency_file (Critical)
2026-01-02 15:59:13,476 | INFO | src.core.system_arming | Added kill switch: daily_loss_limit (Critical)
2026-01-02 15:59:13,476 | INFO | src.core.system_arming | Added kill switch: capital_availability (Critical)
2026-01-02 15:59:13,476 | INFO | src.core.system_arming | Added kill switch: market_hours (Non-critical)
2026-01-02 15:59:13,477 | INFO | src.core.system_arming | Added kill switch: system_health (Critical)
2026-01-02 15:59:13,477 | INFO | src.core.system_arming | Added kill switch: config_integrity (Critical)
2026-01-02 15:59:13,477 | INFO | src.core.system_arming | Added kill switch: state_integrity (Critical)
2026-01-02 15:59:13,477 | INFO | src.core.system_arming | System Arming initialized with 7 kill switches
2026-01-02 15:59:13,477 | INFO | src.core.system_arming | Starting system arming sequence...
2026-01-02 15:59:13,480 | ERROR | src.core.system_arming | Capital availability check failed: 'CapitalParameters' object has no attribute 'max_position_value'
2026-01-02 15:59:13,480 | ERROR | src.core.system_arming | Critical safety check failed: capital_availability
2026-01-02 15:59:18,253 | INFO | src.core.system_arming | Starting system arming sequence...
2026-01-02 15:59:18,256 | ERROR | src.core.system_arming | Capital availability check failed: 'CapitalParameters' object has no attribute 'max_position_value'
2026-01-02 15:59:18,260 | INFO | src.core.system_arming | 🔒 SYSTEM ARMED at 15:59:18
2026-01-02 15:59:18,260 | WARNING | src.core.system_arming | ⚠️  FORCE ARMED with 1 critical failures!
2026-01-02 15:59:18,262 | WARNING | src.core.engine | No regime manager available
2026-01-02 15:59:18,262 | INFO | src.screener.excel_screener | ============================================================
2026-01-02 15:59:18,262 | INFO | src.screener.excel_screener | STARTING EXCEL-DRIVEN SCREENER
2026-01-02 15:59:18,263 | INFO | src.screener.excel_screener | ============================================================
2026-01-02 15:59:19,571 | INFO | src.screener.excel_screener | Loaded 14 screener rules
2026-01-02 15:59:20,143 | INFO | src.screener.excel_screener | 
 ACTIVE FILTER RULES:
2026-01-02 15:59:21,541 | INFO | src.screener.excel_screener | Loaded 100 enabled stocks from universe
2026-01-02 15:59:23,421 | INFO | src.screener.excel_screener | Loaded sector mapping for 100 symbols
2026-01-02 15:59:24,089 | INFO | src.screener.excel_screener | Market Trend: BULLISH
2026-01-02 15:59:24,131 | INFO | src.screener.excel_screener | Successfully fetched data for 100/100 symbols
2026-01-02 15:59:24,131 | INFO | src.screener.excel_screener | Bulk data received: 100 symbols with data
2026-01-02 15:59:24,262 | INFO | src.screener.excel_screener | Starting screening of 100 symbols. Bulk data has 100 entries
2026-01-02 15:59:24,262 | INFO | src.screener.excel_screener | HDFCBANK: Processing 60 bars
2026-01-02 15:59:24,268 | INFO | src.screener.excel_screener | ICICIBANK: Processing 60 bars
2026-01-02 15:59:24,275 | INFO | src.screener.excel_screener | KOTAKBANK: Processing 60 bars
2026-01-02 15:59:24,280 | INFO | src.screener.excel_screener | AXISBANK: Processing 60 bars
2026-01-02 15:59:24,286 | INFO | src.screener.excel_screener | SBIN: Processing 60 bars
2026-01-02 15:59:24,292 | INFO | src.screener.excel_screener | TCS: Processing 60 bars
2026-01-02 15:59:24,296 | INFO | src.screener.excel_screener | INFY: Processing 60 bars
2026-01-02 15:59:24,300 | INFO | src.screener.excel_screener | HCLTECH: Processing 60 bars
2026-01-02 15:59:24,304 | INFO | src.screener.excel_screener | WIPRO: Processing 60 bars
2026-01-02 15:59:24,311 | INFO | src.screener.excel_screener | TECHM: Processing 60 bars
2026-01-02 15:59:24,315 | INFO | src.screener.excel_screener | SUNPHARMA: Processing 60 bars
2026-01-02 15:59:24,319 | INFO | src.screener.excel_screener | CIPLA: Processing 60 bars
2026-01-02 15:59:24,328 | INFO | src.screener.excel_screener | DRREDDY: Processing 60 bars
2026-01-02 15:59:24,332 | INFO | src.screener.excel_screener | LUPIN: Processing 60 bars
2026-01-02 15:59:24,337 | INFO | src.screener.excel_screener | TORNTPHARM: Processing 60 bars
2026-01-02 15:59:24,345 | INFO | src.screener.excel_screener | HINDUNILVR: Processing 60 bars
2026-01-02 15:59:24,350 | INFO | src.screener.excel_screener | ITC: Processing 60 bars
2026-01-02 15:59:24,357 | INFO | src.screener.excel_screener | NESTLEIND: Processing 60 bars
2026-01-02 15:59:24,365 | INFO | src.screener.excel_screener | BRITANNIA: Processing 59 bars
2026-01-02 15:59:24,369 | INFO | src.screener.excel_screener | DABUR: Processing 60 bars
2026-01-02 15:59:24,377 | INFO | src.screener.excel_screener | MARUTI: Processing 60 bars
2026-01-02 15:59:24,381 | INFO | src.screener.excel_screener | M&M: Processing 60 bars
2026-01-02 15:59:24,385 | INFO | src.screener.excel_screener | BAJAJ-AUTO: Processing 60 bars
2026-01-02 15:59:24,390 | INFO | src.screener.excel_screener | EICHERMOT: Processing 60 bars
2026-01-02 15:59:24,395 | INFO | src.screener.excel_screener | RELIANCE: Processing 60 bars
2026-01-02 15:59:24,399 | INFO | src.screener.excel_screener | ONGC: Processing 60 bars
2026-01-02 15:59:24,404 | INFO | src.screener.excel_screener | BPCL: Processing 60 bars
2026-01-02 15:59:24,412 | INFO | src.screener.excel_screener | IOC: Processing 60 bars
2026-01-02 15:59:24,417 | INFO | src.screener.excel_screener | GAIL: Processing 60 bars
2026-01-02 15:59:24,423 | INFO | src.screener.excel_screener | TATASTEEL: Processing 60 bars
2026-01-02 15:59:24,430 | INFO | src.screener.excel_screener | HINDALCO: Processing 60 bars
2026-01-02 15:59:24,435 | INFO | src.screener.excel_screener | JSWSTEEL: Processing 60 bars
2026-01-02 15:59:24,442 | INFO | src.screener.excel_screener | COALINDIA: Processing 60 bars
2026-01-02 15:59:24,447 | INFO | src.screener.excel_screener | VEDL: Processing 60 bars
2026-01-02 15:59:24,451 | INFO | src.screener.excel_screener | ULTRACEMCO: Processing 60 bars
2026-01-02 15:59:24,457 | INFO | src.screener.excel_screener | SHREECEM: Processing 58 bars
2026-01-02 15:59:24,463 | INFO | src.screener.excel_screener | AMBUJACEM: Processing 60 bars
2026-01-02 15:59:24,468 | INFO | src.screener.excel_screener | ACC: Processing 60 bars
2026-01-02 15:59:24,475 | INFO | src.screener.excel_screener | DALBHARAT: Processing 58 bars
2026-01-02 15:59:24,482 | INFO | src.screener.excel_screener | POWERGRID: Processing 60 bars
2026-01-02 15:59:24,486 | INFO | src.screener.excel_screener | NTPC: Processing 60 bars
2026-01-02 15:59:24,495 | INFO | src.screener.excel_screener | ADANIGREEN: Processing 60 bars
2026-01-02 15:59:24,500 | INFO | src.screener.excel_screener | TATAPOWER: Processing 60 bars
2026-01-02 15:59:24,504 | INFO | src.screener.excel_screener | JSWENERGY: Processing 60 bars
2026-01-02 15:59:24,512 | INFO | src.screener.excel_screener | BHARTIARTL: Processing 60 bars
2026-01-02 15:59:24,516 | INFO | src.screener.excel_screener | JIOFIN: Processing 58 bars
2026-01-02 15:59:24,520 | INFO | src.screener.excel_screener | IDEA: Processing 60 bars
2026-01-02 15:59:24,527 | INFO | src.screener.excel_screener | INDUSTOWER: Processing 60 bars
2026-01-02 15:59:24,531 | INFO | src.screener.excel_screener | TATACOMM: Processing 59 bars
2026-01-02 15:59:24,536 | INFO | src.screener.excel_screener | UPL: Processing 60 bars
2026-01-02 15:59:24,544 | INFO | src.screener.excel_screener | SRF: Processing 59 bars
2026-01-02 15:59:24,549 | INFO | src.screener.excel_screener | PIDILITIND: Processing 60 bars
2026-01-02 15:59:24,553 | INFO | src.screener.excel_screener | ASIANPAINT: Processing 60 bars
2026-01-02 15:59:24,561 | INFO | src.screener.excel_screener | AARTIIND: Processing 60 bars
2026-01-02 15:59:24,565 | INFO | src.screener.excel_screener | LT: Processing 60 bars
2026-01-02 15:59:24,570 | INFO | src.screener.excel_screener | SIEMENS: Processing 60 bars
2026-01-02 15:59:24,577 | INFO | src.screener.excel_screener | ABB: Processing 59 bars
2026-01-02 15:59:24,581 | INFO | src.screener.excel_screener | BHEL: Processing 60 bars
2026-01-02 15:59:24,586 | INFO | src.screener.excel_screener | CUMMINSIND: Processing 60 bars
2026-01-02 15:59:24,593 | INFO | src.screener.excel_screener | APOLLOHOSP: Processing 60 bars
2026-01-02 15:59:24,598 | INFO | src.screener.excel_screener | MAXHEALTH: Processing 60 bars
2026-01-02 15:59:24,603 | INFO | src.screener.excel_screener | NH: Processing 60 bars
2026-01-02 15:59:24,610 | INFO | src.screener.excel_screener | FORTIS: Processing 60 bars
2026-01-02 15:59:24,615 | INFO | src.screener.excel_screener | MEDANTA: Processing 59 bars
2026-01-02 15:59:24,620 | INFO | src.screener.excel_screener | DLF: Processing 60 bars
2026-01-02 15:59:24,627 | INFO | src.screener.excel_screener | GODREJPROP: Processing 60 bars
2026-01-02 15:59:24,632 | INFO | src.screener.excel_screener | OBEROIRLTY: Processing 59 bars
2026-01-02 15:59:24,637 | INFO | src.screener.excel_screener | PRESTIGE: Processing 60 bars
2026-01-02 15:59:24,645 | INFO | src.screener.excel_screener | BRIGADE: Processing 60 bars
2026-01-02 15:59:24,651 | INFO | src.screener.excel_screener | TITAN: Processing 60 bars
2026-01-02 15:59:24,658 | INFO | src.screener.excel_screener | HAVELLS: Processing 60 bars
2026-01-02 15:59:24,663 | INFO | src.screener.excel_screener | VOLTAS: Processing 60 bars
2026-01-02 15:59:24,668 | INFO | src.screener.excel_screener | BLUESTARCO: Processing 59 bars
2026-01-02 15:59:24,675 | INFO | src.screener.excel_screener | CROMPTON: Processing 60 bars
2026-01-02 15:59:24,680 | INFO | src.screener.excel_screener | PAGEIND: Processing 58 bars
2026-01-02 15:59:24,684 | INFO | src.screener.excel_screener | ABFRL: Processing 60 bars
2026-01-02 15:59:24,690 | INFO | src.screener.excel_screener | RAYMOND: Processing 60 bars
2026-01-02 15:59:24,696 | INFO | src.screener.excel_screener | GRASIM: Processing 60 bars
2026-01-02 15:59:24,700 | INFO | src.screener.excel_screener | TRIDENT: Processing 60 bars
2026-01-02 15:59:24,706 | INFO | src.screener.excel_screener | ZEEL: Processing 60 bars
2026-01-02 15:59:24,712 | INFO | src.screener.excel_screener | PVRINOX: Processing 58 bars
2026-01-02 15:59:24,716 | INFO | src.screener.excel_screener | SUNTV: Processing 59 bars
2026-01-02 15:59:24,721 | INFO | src.screener.excel_screener | SAREGAMA: Processing 59 bars
2026-01-02 15:59:24,729 | INFO | src.screener.excel_screener | MAHLOG: Processing 59 bars
2026-01-02 15:59:24,733 | INFO | src.screener.excel_screener | BLUEDART: Processing 58 bars
2026-01-02 15:59:24,740 | INFO | src.screener.excel_screener | VRLLOG: Processing 59 bars
2026-01-02 15:59:24,747 | INFO | src.screener.excel_screener | TCIEXP: Processing 60 bars
2026-01-02 15:59:24,752 | INFO | src.screener.excel_screener | CONCOR: Processing 60 bars
2026-01-02 15:59:24,759 | INFO | src.screener.excel_screener | DMART: Processing 60 bars
2026-01-02 15:59:24,764 | INFO | src.screener.excel_screener | TRENT: Processing 60 bars
2026-01-02 15:59:24,768 | INFO | src.screener.excel_screener | VMART: Processing 59 bars
2026-01-02 15:59:24,776 | INFO | src.screener.excel_screener | SHOPERSTOP: Processing 59 bars
2026-01-02 15:59:24,781 | INFO | src.screener.excel_screener | RELAXO: Processing 59 bars
2026-01-02 15:59:24,785 | INFO | src.screener.excel_screener | HAL: Processing 60 bars
2026-01-02 15:59:24,791 | INFO | src.screener.excel_screener | BEL: Processing 60 bars
2026-01-02 15:59:24,796 | INFO | src.screener.excel_screener | BDL: Processing 60 bars
2026-01-02 15:59:24,800 | INFO | src.screener.excel_screener | MAZDOCK: Processing 60 bars
2026-01-02 15:59:24,807 | INFO | src.screener.excel_screener | SOLARINDS: Processing 60 bars
2026-01-02 15:59:24,813 | INFO | src.screener.excel_screener | SHRIRAMFIN: Processing 60 bars
2026-01-02 15:59:24,818 | INFO | src.screener.excel_screener | TATACONSUM: Processing 60 bars
2026-01-02 15:59:24,825 | INFO | src.screener.excel_screener | 
📊 REJECTION STATISTICS:
2026-01-02 15:59:24,825 | INFO | src.screener.excel_screener |    Total Processed: 100
2026-01-02 15:59:24,826 | INFO | src.screener.excel_screener |    Passed: 20
2026-01-02 15:59:24,826 | INFO | src.screener.excel_screener |    Rejected: 80
2026-01-02 15:59:24,826 | INFO | src.screener.excel_screener | 
   Top Rejection Reasons:
2026-01-02 15:59:24,826 | INFO | src.screener.excel_screener | Metrics calculated: 100, Passed: 20, Rejected: 80, Insufficient bars: 0, Missing data: 0
2026-01-02 15:59:24,828 | INFO | src.screener.excel_screener | Max trades (adjusted for BULLISH): 8
2026-01-02 15:59:24,828 | INFO | src.screener.excel_screener | 
============================================================
2026-01-02 15:59:24,828 | INFO | src.screener.excel_screener | TOP PICKS:
2026-01-02 15:59:24,828 | INFO | src.screener.excel_screener | ============================================================
2026-01-02 15:59:24,829 | INFO | src.screener.excel_screener | INDUSTOWER | Score:  45.29 | Price: Rs. 435.80 | BULLISH_TREND,STRONG_TREND
2026-01-02 15:59:24,829 | INFO | src.screener.excel_screener | RAYMOND    | Score:  40.43 | Price: Rs. 425.60 | STRONG_TREND
2026-01-02 15:59:24,830 | INFO | src.screener.excel_screener | HINDALCO   | Score:  38.74 | Price: Rs. 894.95 | BULLISH_TREND,STRONG_TREND
2026-01-02 15:59:24,830 | INFO | src.screener.excel_screener | CUMMINSIND | Score:  36.69 | Price: Rs.4470.60 | NEAR_EMA20,BULLISH_TREND,HIGH_VOLUME
2026-01-02 15:59:24,830 | INFO | src.screener.excel_screener | SRF        | Score:  35.14 | Price: Rs.3057.30 | NEAR_EMA20,BULLISH_TREND
2026-01-02 15:59:26,483 | INFO | src.screener.excel_screener | Written 8 results to Excel: SCREENER_OUTPUT
2026-01-02 15:59:27,074 | INFO | src.screener.excel_screener | ============================================================
2026-01-02 15:59:27,074 | INFO | src.screener.excel_screener | SCREENER COMPLETE
2026-01-02 15:59:27,074 | INFO | src.screener.excel_screener | ============================================================
2026-01-02 15:59:27,077 | WARNING | src.core.engine | DUPLICATE PREVENTED: HINDALCO has pending order | order_id: ORD_HINDALCO_1767147605717 | qty: 2
2026-01-02 15:59:27,079 | INFO | src.core.risk_governor | Risk Governor evaluating trade: INDUSTOWER x 2
2026-01-02 15:59:27,080 | WARNING | src.core.risk_governor | Trade REJECTED by MarketHours: INDUSTOWER
2026-01-02 15:59:27,080 | WARNING | src.core.engine | INDUSTOWER: Risk Governor REJECTED - [MarketHours] Market closed - Current time: 15:59
2026-01-02 15:59:27,082 | INFO | src.core.risk_governor | Risk Governor evaluating trade: UPL x 2
2026-01-02 15:59:27,082 | WARNING | src.core.risk_governor | Trade REJECTED by MarketHours: UPL
2026-01-02 15:59:27,083 | WARNING | src.core.engine | UPL: Risk Governor REJECTED - [MarketHours] Market closed - Current time: 15:59
2026-01-02 15:59:27,084 | INFO | src.core.risk_governor | Risk Governor evaluating trade: SRF x 1
2026-01-02 15:59:27,084 | WARNING | src.core.risk_governor | Trade REJECTED by MarketHours: SRF
2026-01-02 15:59:27,084 | WARNING | src.core.engine | SRF: Risk Governor REJECTED - [MarketHours] Market closed - Current time: 15:59
2026-01-02 15:59:27,086 | INFO | src.core.risk_governor | Risk Governor evaluating trade: CUMMINSIND x 1
2026-01-02 15:59:27,088 | WARNING | src.core.risk_governor | Trade REJECTED by MarketHours: CUMMINSIND
2026-01-02 15:59:27,088 | WARNING | src.core.engine | CUMMINSIND: Risk Governor REJECTED - [MarketHours] Market closed - Current time: 15:59
2026-01-02 15:59:27,091 | INFO | src.core.risk_governor | Risk Governor evaluating trade: RAYMOND x 2
2026-01-02 15:59:27,091 | WARNING | src.core.risk_governor | Trade REJECTED by MarketHours: RAYMOND
2026-01-02 15:59:27,091 | WARNING | src.core.engine | RAYMOND: Risk Governor REJECTED - [MarketHours] Market closed - Current time: 15:59
2026-01-02 15:59:27,096 | INFO | src.core.risk_governor | Risk Governor evaluating trade: BLUEDART x 1
2026-01-02 15:59:27,096 | WARNING | src.core.risk_governor | Trade REJECTED by MarketHours: BLUEDART
2026-01-02 15:59:27,096 | WARNING | src.core.engine | BLUEDART: Risk Governor REJECTED - [MarketHours] Market closed - Current time: 15:59
2026-01-02 15:59:27,098 | INFO | src.core.risk_governor | Risk Governor evaluating trade: TATACONSUM x 1
2026-01-02 15:59:27,099 | WARNING | src.core.risk_governor | Trade REJECTED by MarketHours: TATACONSUM
2026-01-02 15:59:27,099 | WARNING | src.core.engine | TATACONSUM: Risk Governor REJECTED - [MarketHours] Market closed - Current time: 15:59
2026-01-02 16:01:15,744 | INFO | config.enhanced_config_manager | Timing config loaded: enabled=False
2026-01-02 16:01:15,745 | INFO | src.core.risk_manager | Risk Manager initialized with comprehensive risk controls
2026-01-02 16:01:15,746 | INFO | src.screener.excel_screener | Excel screener initialized: MiniRobo.xlsx
2026-01-02 16:01:17,025 | INFO | src.screener.excel_screener | Loaded 100 enabled stocks from universe
2026-01-02 16:01:17,554 | INFO | src.core.warmup_manager | WarmupManager initialized for 10 symbols with 60 days lookback
2026-01-02 16:01:17,554 | INFO | src.core.warmup_manager | 🔥 Starting system warmup sequence...
2026-01-02 16:01:17,554 | INFO | src.core.warmup_manager |   🔄 Executing: load_market_data
2026-01-02 16:01:18,520 | ERROR | yfinance | $HDFCBANK: possibly delisted; no timezone found
2026-01-02 16:01:18,521 | WARNING | src.core.warmup_manager | Insufficient data for HDFCBANK: 0 days
2026-01-02 16:01:19,537 | ERROR | yfinance | HTTP Error 404: {"quoteSummary":{"result":null,"error":{"code":"Not Found","description":"Quote not found for symbol: ICICIBANK"}}}
2026-01-02 16:01:19,695 | ERROR | yfinance | $ICICIBANK: possibly delisted; no timezone found
2026-01-02 16:01:19,696 | WARNING | src.core.warmup_manager | Insufficient data for ICICIBANK: 0 days
2026-01-02 16:01:20,115 | ERROR | yfinance | $KOTAKBANK: possibly delisted; no timezone found
2026-01-02 16:01:20,117 | WARNING | src.core.warmup_manager | Insufficient data for KOTAKBANK: 0 days
2026-01-02 16:01:20,746 | ERROR | yfinance | $AXISBANK: possibly delisted; no timezone found
2026-01-02 16:01:20,747 | WARNING | src.core.warmup_manager | Insufficient data for AXISBANK: 0 days
2026-01-02 16:01:21,219 | ERROR | yfinance | $SBIN: possibly delisted; no timezone found
2026-01-02 16:01:21,220 | WARNING | src.core.warmup_manager | Insufficient data for SBIN: 0 days
2026-01-02 16:01:21,664 | ERROR | yfinance | $TCS: possibly delisted; no timezone found
2026-01-02 16:01:21,665 | WARNING | src.core.warmup_manager | Insufficient data for TCS: 0 days
2026-01-02 16:01:22,353 | ERROR | yfinance | $HCLTECH: possibly delisted; no timezone found
2026-01-02 16:01:22,354 | WARNING | src.core.warmup_manager | Insufficient data for HCLTECH: 0 days
2026-01-02 16:01:22,806 | ERROR | yfinance | $WIPRO: possibly delisted; no timezone found
2026-01-02 16:01:22,807 | WARNING | src.core.warmup_manager | Insufficient data for WIPRO: 0 days
2026-01-02 16:01:23,268 | ERROR | yfinance | $TECHM: possibly delisted; no timezone found
2026-01-02 16:01:23,269 | WARNING | src.core.warmup_manager | Insufficient data for TECHM: 0 days
2026-01-02 16:01:23,269 | INFO | src.core.warmup_manager | Market data loaded: 1/10 symbols, 41 total data points
2026-01-02 16:01:23,270 | INFO | src.core.warmup_manager |   ✅ Completed: load_market_data (5.72s, 41 data points)
2026-01-02 16:01:23,270 | INFO | src.core.warmup_manager |   🔄 Executing: calculate_indicators
2026-01-02 16:01:23,279 | INFO | src.core.warmup_manager | Technical indicators calculated: 13 total indicators
2026-01-02 16:01:23,280 | INFO | src.core.warmup_manager |   ✅ Completed: calculate_indicators (0.01s, 13 data points)
2026-01-02 16:01:23,280 | INFO | src.core.warmup_manager |   🔄 Executing: warmup_timing
2026-01-02 16:01:23,283 | INFO | src.timing.market_regime | Market regime manager initialized for ^NSEI
2026-01-02 16:01:23,428 | INFO | src.timing.market_regime | Market regime: SIDEWAYS (confidence: 0.60) | Price vs MA20: 1.23%, Volatility: 0.46%
2026-01-02 16:01:23,429 | INFO | src.core.warmup_manager | Timing components warmed up - Current regime: (<MarketRegime.SIDEWAYS: 'SIDEWAYS'>, 0.6)
2026-01-02 16:01:23,429 | INFO | src.core.warmup_manager |   ✅ Completed: warmup_timing (0.15s, 1 data points)
2026-01-02 16:01:23,429 | INFO | src.core.warmup_manager |   🔄 Executing: warmup_regime
2026-01-02 16:01:23,430 | INFO | src.core.warmup_manager | Market regime detection warmed up for 1 symbols
2026-01-02 16:01:23,431 | INFO | src.core.warmup_manager |   ✅ Completed: warmup_regime (0.00s, 1 data points)
2026-01-02 16:01:23,431 | INFO | src.core.warmup_manager |   🔄 Executing: warmup_strategies
2026-01-02 16:01:24,057 | INFO | src.core.warmup_manager | Adaptive strategy manager not available for warmup
2026-01-02 16:01:24,058 | INFO | src.core.warmup_manager | Strategy managers warmed up for 0 symbols
2026-01-02 16:01:24,058 | INFO | src.core.warmup_manager |   ✅ Completed: warmup_strategies (0.63s, 0 data points)
2026-01-02 16:01:24,058 | INFO | src.core.warmup_manager |   🔄 Executing: validate_warmup
2026-01-02 16:01:24,058 | ERROR | src.core.warmup_manager | Warmup validation failed: Only 1/10 symbols warmed
2026-01-02 16:01:24,058 | ERROR | src.core.warmup_manager |   ❌ Failed: validate_warmup (0.00s) - Only 1/10 symbols warmed
2026-01-02 16:01:24,059 | ERROR | src.core.warmup_manager | ❌ Warmup FAILED with 1 task failures
2026-01-02 16:01:24,059 | INFO | src.core.warmup_manager | ============================================================
2026-01-02 16:01:24,059 | INFO | src.core.warmup_manager | WARMUP SUMMARY
2026-01-02 16:01:24,059 | INFO | src.core.warmup_manager | ============================================================
2026-01-02 16:01:24,059 | INFO | src.core.warmup_manager | Status: FAILED
2026-01-02 16:01:24,059 | INFO | src.core.warmup_manager | Duration: 6.50 seconds
2026-01-02 16:01:24,059 | INFO | src.core.warmup_manager | Symbols warmed: 1/10
2026-01-02 16:01:24,059 | INFO | src.core.warmup_manager | Tasks completed: 5/6
2026-01-02 16:01:24,059 | INFO | src.core.warmup_manager | Failed tasks: 1
2026-01-02 16:01:24,060 | ERROR | src.core.warmup_manager |   - validate_warmup: Only 1/10 symbols warmed
2026-01-02 16:01:24,060 | INFO | src.core.warmup_manager | Indicator Status:
2026-01-02 16:01:24,060 | INFO | src.core.warmup_manager |   ❌ SMA_20
2026-01-02 16:01:24,060 | INFO | src.core.warmup_manager |   ❌ SMA_50
2026-01-02 16:01:24,060 | INFO | src.core.warmup_manager |   ❌ EMA_12
2026-01-02 16:01:24,060 | INFO | src.core.warmup_manager |   ❌ EMA_26
2026-01-02 16:01:24,060 | INFO | src.core.warmup_manager |   ❌ RSI_14
2026-01-02 16:01:24,061 | INFO | src.core.warmup_manager |   ❌ MACD
2026-01-02 16:01:24,061 | INFO | src.core.warmup_manager |   ❌ ATR_14
2026-01-02 16:01:24,061 | INFO | src.core.warmup_manager |   ❌ BOLLINGER_BANDS
2026-01-02 16:01:24,061 | INFO | src.core.warmup_manager | ============================================================
2026-01-02 16:01:24,062 | INFO | src.utils.sector_manager | Sector manager initialized
2026-01-02 16:01:24,063 | INFO | src.core.risk_manager | Risk Manager initialized with comprehensive risk controls
2026-01-02 16:01:24,063 | INFO | src.core.risk_governor | Added risk rule: EmergencyStop (priority: 5)
2026-01-02 16:01:24,063 | INFO | src.core.risk_governor | Added risk rule: MarketHours (priority: 10)
2026-01-02 16:01:24,063 | INFO | src.core.risk_governor | Added risk rule: DailyLossLimit (priority: 15)
2026-01-02 16:01:24,063 | INFO | src.core.risk_governor | Added risk rule: VolatilityAdjustment (priority: 25)
2026-01-02 16:01:24,063 | INFO | src.core.risk_governor | Risk Governor initialized with 4 risk rules
2026-01-02 16:01:24,063 | INFO | src.core.warmup_manager | WarmupManager initialized for 100 symbols with 60 days lookback
2026-01-02 16:01:24,067 | WARNING | src.core.engine | Failed to initialize adaptive strategies: attempted relative import beyond top-level package
2026-01-02 16:01:24,067 | INFO | src.core.engine | Trading engine initialized with timing intelligence disabled
2026-01-02 16:01:24,067 | INFO | src.core.engine | Trading engine initialized with enhanced risk management
2026-01-02 16:01:24,067 | INFO | src.execution.adapter | Initialized PAPER execution adapter
2026-01-02 16:01:24,068 | INFO | src.broker.zerodha | ZerodhaBroker initialized in PAPER mode
2026-01-02 16:01:24,068 | INFO | src.broker.zerodha | Paper trading: No real connection required
2026-01-02 16:01:24,068 | INFO | src.execution.paper | Paper trading initialized
2026-01-02 16:01:24,068 | INFO | src.execution.paper | Paper trading mode initialized
2026-01-02 16:01:24,071 | INFO | src.core.system_arming | Added kill switch: emergency_file (Critical)
2026-01-02 16:01:24,071 | INFO | src.core.system_arming | Added kill switch: daily_loss_limit (Critical)
2026-01-02 16:01:24,071 | INFO | src.core.system_arming | Added kill switch: capital_availability (Critical)
2026-01-02 16:01:24,072 | INFO | src.core.system_arming | Added kill switch: market_hours (Non-critical)
2026-01-02 16:01:24,072 | INFO | src.core.system_arming | Added kill switch: system_health (Critical)
2026-01-02 16:01:24,072 | INFO | src.core.system_arming | Added kill switch: config_integrity (Critical)
2026-01-02 16:01:24,072 | INFO | src.core.system_arming | Added kill switch: state_integrity (Critical)
2026-01-02 16:01:24,072 | INFO | src.core.system_arming | System Arming initialized with 7 kill switches
2026-01-02 16:01:24,072 | INFO | src.core.system_arming | Starting system arming sequence...
2026-01-02 16:01:24,075 | ERROR | src.core.system_arming | Capital availability check failed: 'CapitalParameters' object has no attribute 'max_position_value'
2026-01-02 16:01:24,075 | ERROR | src.core.system_arming | Critical safety check failed: capital_availability
2026-01-02 16:01:32,220 | INFO | src.core.system_arming | Starting system arming sequence...
2026-01-02 16:01:32,224 | ERROR | src.core.system_arming | Capital availability check failed: 'CapitalParameters' object has no attribute 'max_position_value'
2026-01-02 16:01:32,228 | INFO | src.core.system_arming | 🔒 SYSTEM ARMED at 16:01:32
2026-01-02 16:01:32,228 | WARNING | src.core.system_arming | ⚠️  FORCE ARMED with 1 critical failures!
2026-01-02 16:01:32,229 | WARNING | src.core.engine | No regime manager available
2026-01-02 16:01:32,230 | INFO | src.screener.excel_screener | ============================================================
2026-01-02 16:01:32,230 | INFO | src.screener.excel_screener | STARTING EXCEL-DRIVEN SCREENER
2026-01-02 16:01:32,230 | INFO | src.screener.excel_screener | ============================================================
2026-01-02 16:01:33,532 | INFO | src.screener.excel_screener | Loaded 14 screener rules
2026-01-02 16:01:34,088 | INFO | src.screener.excel_screener | 
 ACTIVE FILTER RULES:
2026-01-02 16:01:35,413 | INFO | src.screener.excel_screener | Loaded 100 enabled stocks from universe
2026-01-02 16:01:37,300 | INFO | src.screener.excel_screener | Loaded sector mapping for 100 symbols
2026-01-02 16:01:37,970 | INFO | src.screener.excel_screener | Market Trend: BULLISH
2026-01-02 16:01:38,008 | INFO | src.screener.excel_screener | Successfully fetched data for 100/100 symbols
2026-01-02 16:01:38,009 | INFO | src.screener.excel_screener | Bulk data received: 100 symbols with data
2026-01-02 16:01:38,168 | INFO | src.screener.excel_screener | Starting screening of 100 symbols. Bulk data has 100 entries
2026-01-02 16:01:38,168 | INFO | src.screener.excel_screener | HDFCBANK: Processing 60 bars
2026-01-02 16:01:38,172 | INFO | src.screener.excel_screener | ICICIBANK: Processing 60 bars
2026-01-02 16:01:38,178 | INFO | src.screener.excel_screener | KOTAKBANK: Processing 60 bars
2026-01-02 16:01:38,184 | INFO | src.screener.excel_screener | AXISBANK: Processing 60 bars
2026-01-02 16:01:38,188 | INFO | src.screener.excel_screener | SBIN: Processing 60 bars
2026-01-02 16:01:38,196 | INFO | src.screener.excel_screener | TCS: Processing 60 bars
2026-01-02 16:01:38,229 | INFO | src.screener.excel_screener | INFY: Processing 60 bars
2026-01-02 16:01:38,235 | INFO | src.screener.excel_screener | HCLTECH: Processing 60 bars
2026-01-02 16:01:38,241 | INFO | src.screener.excel_screener | WIPRO: Processing 60 bars
2026-01-02 16:01:38,250 | INFO | src.screener.excel_screener | TECHM: Processing 60 bars
2026-01-02 16:01:38,256 | INFO | src.screener.excel_screener | SUNPHARMA: Processing 60 bars
2026-01-02 16:01:38,264 | INFO | src.screener.excel_screener | CIPLA: Processing 60 bars
2026-01-02 16:01:38,269 | INFO | src.screener.excel_screener | DRREDDY: Processing 60 bars
2026-01-02 16:01:38,275 | INFO | src.screener.excel_screener | LUPIN: Processing 60 bars
2026-01-02 16:01:38,282 | INFO | src.screener.excel_screener | TORNTPHARM: Processing 60 bars
2026-01-02 16:01:38,288 | INFO | src.screener.excel_screener | HINDUNILVR: Processing 60 bars
2026-01-02 16:01:38,293 | INFO | src.screener.excel_screener | ITC: Processing 60 bars
2026-01-02 16:01:38,299 | INFO | src.screener.excel_screener | NESTLEIND: Processing 60 bars
2026-01-02 16:01:38,304 | INFO | src.screener.excel_screener | BRITANNIA: Processing 59 bars
2026-01-02 16:01:38,308 | INFO | src.screener.excel_screener | DABUR: Processing 60 bars
2026-01-02 16:01:38,315 | INFO | src.screener.excel_screener | MARUTI: Processing 60 bars
2026-01-02 16:01:38,319 | INFO | src.screener.excel_screener | M&M: Processing 60 bars
2026-01-02 16:01:38,323 | INFO | src.screener.excel_screener | BAJAJ-AUTO: Processing 60 bars
2026-01-02 16:01:38,330 | INFO | src.screener.excel_screener | EICHERMOT: Processing 60 bars
2026-01-02 16:01:38,334 | INFO | src.screener.excel_screener | RELIANCE: Processing 60 bars
2026-01-02 16:01:38,338 | INFO | src.screener.excel_screener | ONGC: Processing 60 bars
2026-01-02 16:01:38,343 | INFO | src.screener.excel_screener | BPCL: Processing 60 bars
2026-01-02 16:01:38,347 | INFO | src.screener.excel_screener | IOC: Processing 60 bars
2026-01-02 16:01:38,352 | INFO | src.screener.excel_screener | GAIL: Processing 60 bars
2026-01-02 16:01:38,355 | INFO | src.screener.excel_screener | TATASTEEL: Processing 60 bars
2026-01-02 16:01:38,362 | INFO | src.screener.excel_screener | HINDALCO: Processing 60 bars
2026-01-02 16:01:38,366 | INFO | src.screener.excel_screener | JSWSTEEL: Processing 60 bars
2026-01-02 16:01:38,370 | INFO | src.screener.excel_screener | COALINDIA: Processing 60 bars
2026-01-02 16:01:38,375 | INFO | src.screener.excel_screener | VEDL: Processing 60 bars
2026-01-02 16:01:38,381 | INFO | src.screener.excel_screener | ULTRACEMCO: Processing 60 bars
2026-01-02 16:01:38,385 | INFO | src.screener.excel_screener | SHREECEM: Processing 58 bars
2026-01-02 16:01:38,389 | INFO | src.screener.excel_screener | AMBUJACEM: Processing 60 bars
2026-01-02 16:01:38,394 | INFO | src.screener.excel_screener | ACC: Processing 60 bars
2026-01-02 16:01:38,399 | INFO | src.screener.excel_screener | DALBHARAT: Processing 58 bars
2026-01-02 16:01:38,403 | INFO | src.screener.excel_screener | POWERGRID: Processing 60 bars
2026-01-02 16:01:38,409 | INFO | src.screener.excel_screener | NTPC: Processing 60 bars
2026-01-02 16:01:38,415 | INFO | src.screener.excel_screener | ADANIGREEN: Processing 60 bars
2026-01-02 16:01:38,419 | INFO | src.screener.excel_screener | TATAPOWER: Processing 60 bars
2026-01-02 16:01:38,429 | INFO | src.screener.excel_screener | JSWENERGY: Processing 60 bars
2026-01-02 16:01:38,434 | INFO | src.screener.excel_screener | BHARTIARTL: Processing 60 bars
2026-01-02 16:01:38,437 | INFO | src.screener.excel_screener | JIOFIN: Processing 58 bars
2026-01-02 16:01:38,444 | INFO | src.screener.excel_screener | IDEA: Processing 60 bars
2026-01-02 16:01:38,448 | INFO | src.screener.excel_screener | INDUSTOWER: Processing 60 bars
2026-01-02 16:01:38,453 | INFO | src.screener.excel_screener | TATACOMM: Processing 59 bars
2026-01-02 16:01:38,456 | INFO | src.screener.excel_screener | UPL: Processing 60 bars
2026-01-02 16:01:38,464 | INFO | src.screener.excel_screener | SRF: Processing 59 bars
2026-01-02 16:01:38,469 | INFO | src.screener.excel_screener | PIDILITIND: Processing 60 bars
2026-01-02 16:01:38,473 | INFO | src.screener.excel_screener | ASIANPAINT: Processing 60 bars
2026-01-02 16:01:38,479 | INFO | src.screener.excel_screener | AARTIIND: Processing 60 bars
2026-01-02 16:01:38,483 | INFO | src.screener.excel_screener | LT: Processing 60 bars
2026-01-02 16:01:38,487 | INFO | src.screener.excel_screener | SIEMENS: Processing 60 bars
2026-01-02 16:01:38,491 | INFO | src.screener.excel_screener | ABB: Processing 59 bars
2026-01-02 16:01:38,496 | INFO | src.screener.excel_screener | BHEL: Processing 60 bars
2026-01-02 16:01:38,501 | INFO | src.screener.excel_screener | CUMMINSIND: Processing 60 bars
2026-01-02 16:01:38,504 | INFO | src.screener.excel_screener | APOLLOHOSP: Processing 60 bars
2026-01-02 16:01:38,510 | INFO | src.screener.excel_screener | MAXHEALTH: Processing 60 bars
2026-01-02 16:01:38,515 | INFO | src.screener.excel_screener | NH: Processing 60 bars
2026-01-02 16:01:38,519 | INFO | src.screener.excel_screener | FORTIS: Processing 60 bars
2026-01-02 16:01:38,522 | INFO | src.screener.excel_screener | MEDANTA: Processing 59 bars
2026-01-02 16:01:38,529 | INFO | src.screener.excel_screener | DLF: Processing 60 bars
2026-01-02 16:01:38,533 | INFO | src.screener.excel_screener | GODREJPROP: Processing 60 bars
2026-01-02 16:01:38,537 | INFO | src.screener.excel_screener | OBEROIRLTY: Processing 59 bars
2026-01-02 16:01:38,542 | INFO | src.screener.excel_screener | PRESTIGE: Processing 60 bars
2026-01-02 16:01:38,547 | INFO | src.screener.excel_screener | BRIGADE: Processing 60 bars
2026-01-02 16:01:38,551 | INFO | src.screener.excel_screener | TITAN: Processing 60 bars
2026-01-02 16:01:38,555 | INFO | src.screener.excel_screener | HAVELLS: Processing 60 bars
2026-01-02 16:01:38,560 | INFO | src.screener.excel_screener | VOLTAS: Processing 60 bars
2026-01-02 16:01:38,565 | INFO | src.screener.excel_screener | BLUESTARCO: Processing 59 bars
2026-01-02 16:01:38,569 | INFO | src.screener.excel_screener | CROMPTON: Processing 60 bars
2026-01-02 16:01:38,573 | INFO | src.screener.excel_screener | PAGEIND: Processing 58 bars
2026-01-02 16:01:38,580 | INFO | src.screener.excel_screener | ABFRL: Processing 60 bars
2026-01-02 16:01:38,584 | INFO | src.screener.excel_screener | RAYMOND: Processing 60 bars
2026-01-02 16:01:38,588 | INFO | src.screener.excel_screener | GRASIM: Processing 60 bars
2026-01-02 16:01:38,594 | INFO | src.screener.excel_screener | TRIDENT: Processing 60 bars
2026-01-02 16:01:38,599 | INFO | src.screener.excel_screener | ZEEL: Processing 60 bars
2026-01-02 16:01:38,603 | INFO | src.screener.excel_screener | PVRINOX: Processing 58 bars
2026-01-02 16:01:38,607 | INFO | src.screener.excel_screener | SUNTV: Processing 59 bars
2026-01-02 16:01:38,613 | INFO | src.screener.excel_screener | SAREGAMA: Processing 59 bars
2026-01-02 16:01:38,617 | INFO | src.screener.excel_screener | MAHLOG: Processing 59 bars
2026-01-02 16:01:38,620 | INFO | src.screener.excel_screener | BLUEDART: Processing 58 bars
2026-01-02 16:01:38,625 | INFO | src.screener.excel_screener | VRLLOG: Processing 59 bars
2026-01-02 16:01:38,630 | INFO | src.screener.excel_screener | TCIEXP: Processing 60 bars
2026-01-02 16:01:38,634 | INFO | src.screener.excel_screener | CONCOR: Processing 60 bars
2026-01-02 16:01:38,638 | INFO | src.screener.excel_screener | DMART: Processing 60 bars
2026-01-02 16:01:38,644 | INFO | src.screener.excel_screener | TRENT: Processing 60 bars
2026-01-02 16:01:38,649 | INFO | src.screener.excel_screener | VMART: Processing 59 bars
2026-01-02 16:01:38,653 | INFO | src.screener.excel_screener | SHOPERSTOP: Processing 59 bars
2026-01-02 16:01:38,658 | INFO | src.screener.excel_screener | RELAXO: Processing 59 bars
2026-01-02 16:01:38,665 | INFO | src.screener.excel_screener | HAL: Processing 60 bars
2026-01-02 16:01:38,669 | INFO | src.screener.excel_screener | BEL: Processing 60 bars
2026-01-02 16:01:38,674 | INFO | src.screener.excel_screener | BDL: Processing 60 bars
2026-01-02 16:01:38,680 | INFO | src.screener.excel_screener | MAZDOCK: Processing 60 bars
2026-01-02 16:01:38,684 | INFO | src.screener.excel_screener | SOLARINDS: Processing 60 bars
2026-01-02 16:01:38,688 | INFO | src.screener.excel_screener | SHRIRAMFIN: Processing 60 bars
2026-01-02 16:01:38,693 | INFO | src.screener.excel_screener | TATACONSUM: Processing 60 bars
2026-01-02 16:01:38,698 | INFO | src.screener.excel_screener | 
📊 REJECTION STATISTICS:
2026-01-02 16:01:38,698 | INFO | src.screener.excel_screener |    Total Processed: 100
2026-01-02 16:01:38,699 | INFO | src.screener.excel_screener |    Passed: 20
2026-01-02 16:01:38,699 | INFO | src.screener.excel_screener |    Rejected: 80
2026-01-02 16:01:38,699 | INFO | src.screener.excel_screener | 
   Top Rejection Reasons:
2026-01-02 16:01:38,699 | INFO | src.screener.excel_screener | Metrics calculated: 100, Passed: 20, Rejected: 80, Insufficient bars: 0, Missing data: 0
2026-01-02 16:01:38,700 | INFO | src.screener.excel_screener | Max trades (adjusted for BULLISH): 8
2026-01-02 16:01:38,700 | INFO | src.screener.excel_screener | 
============================================================
2026-01-02 16:01:38,700 | INFO | src.screener.excel_screener | TOP PICKS:
2026-01-02 16:01:38,700 | INFO | src.screener.excel_screener | ============================================================
2026-01-02 16:01:38,701 | INFO | src.screener.excel_screener | INDUSTOWER | Score:  45.29 | Price: Rs. 435.80 | BULLISH_TREND,STRONG_TREND
2026-01-02 16:01:38,701 | INFO | src.screener.excel_screener | RAYMOND    | Score:  40.43 | Price: Rs. 425.60 | STRONG_TREND
2026-01-02 16:01:38,701 | INFO | src.screener.excel_screener | HINDALCO   | Score:  38.74 | Price: Rs. 894.95 | BULLISH_TREND,STRONG_TREND
2026-01-02 16:01:38,702 | INFO | src.screener.excel_screener | CUMMINSIND | Score:  36.69 | Price: Rs.4470.60 | NEAR_EMA20,BULLISH_TREND,HIGH_VOLUME
2026-01-02 16:01:38,702 | INFO | src.screener.excel_screener | SRF        | Score:  35.14 | Price: Rs.3057.30 | NEAR_EMA20,BULLISH_TREND
2026-01-02 16:01:40,224 | INFO | src.screener.excel_screener | Written 8 results to Excel: SCREENER_OUTPUT
2026-01-02 16:01:40,754 | INFO | src.screener.excel_screener | ============================================================
2026-01-02 16:01:40,754 | INFO | src.screener.excel_screener | SCREENER COMPLETE
2026-01-02 16:01:40,754 | INFO | src.screener.excel_screener | ============================================================
2026-01-02 16:01:40,757 | WARNING | src.core.engine | DUPLICATE PREVENTED: HINDALCO has pending order | order_id: ORD_HINDALCO_1767147605717 | qty: 2
2026-01-02 16:01:40,759 | INFO | src.core.risk_governor | Risk Governor evaluating trade: INDUSTOWER x 2
2026-01-02 16:01:40,760 | WARNING | src.core.risk_governor | Trade REJECTED by MarketHours: INDUSTOWER
2026-01-02 16:01:40,760 | WARNING | src.core.engine | INDUSTOWER: Risk Governor REJECTED - [MarketHours] Market closed - Current time: 16:01
2026-01-02 16:01:40,762 | INFO | src.core.risk_governor | Risk Governor evaluating trade: UPL x 2
2026-01-02 16:01:40,762 | WARNING | src.core.risk_governor | Trade REJECTED by MarketHours: UPL
2026-01-02 16:01:40,762 | WARNING | src.core.engine | UPL: Risk Governor REJECTED - [MarketHours] Market closed - Current time: 16:01
2026-01-02 16:01:40,764 | INFO | src.core.risk_governor | Risk Governor evaluating trade: SRF x 1
2026-01-02 16:01:40,764 | WARNING | src.core.risk_governor | Trade REJECTED by MarketHours: SRF
2026-01-02 16:01:40,764 | WARNING | src.core.engine | SRF: Risk Governor REJECTED - [MarketHours] Market closed - Current time: 16:01
2026-01-02 16:01:40,768 | INFO | src.core.risk_governor | Risk Governor evaluating trade: CUMMINSIND x 1
2026-01-02 16:01:40,769 | WARNING | src.core.risk_governor | Trade REJECTED by MarketHours: CUMMINSIND
2026-01-02 16:01:40,769 | WARNING | src.core.engine | CUMMINSIND: Risk Governor REJECTED - [MarketHours] Market closed - Current time: 16:01
2026-01-02 16:01:40,771 | INFO | src.core.risk_governor | Risk Governor evaluating trade: RAYMOND x 2
2026-01-02 16:01:40,771 | WARNING | src.core.risk_governor | Trade REJECTED by MarketHours: RAYMOND
2026-01-02 16:01:40,771 | WARNING | src.core.engine | RAYMOND: Risk Governor REJECTED - [MarketHours] Market closed - Current time: 16:01
2026-01-02 16:01:40,773 | INFO | src.core.risk_governor | Risk Governor evaluating trade: BLUEDART x 1
2026-01-02 16:01:40,773 | WARNING | src.core.risk_governor | Trade REJECTED by MarketHours: BLUEDART
2026-01-02 16:01:40,773 | WARNING | src.core.engine | BLUEDART: Risk Governor REJECTED - [MarketHours] Market closed - Current time: 16:01
2026-01-02 16:01:40,776 | INFO | src.core.risk_governor | Risk Governor evaluating trade: TATACONSUM x 1
2026-01-02 16:01:40,776 | WARNING | src.core.risk_governor | Trade REJECTED by MarketHours: TATACONSUM
2026-01-02 16:01:40,776 | WARNING | src.core.engine | TATACONSUM: Risk Governor REJECTED - [MarketHours] Market closed - Current time: 16:01
2026-01-02 16:03:41,965 | INFO | config.enhanced_config_manager | Timing config loaded: enabled=False
2026-01-02 16:03:41,966 | INFO | src.utils.sector_manager | Sector manager initialized
2026-01-02 16:03:41,966 | INFO | src.core.risk_manager | Risk Manager initialized with comprehensive risk controls
2026-01-02 16:03:41,967 | INFO | src.core.risk_governor | Added risk rule: EmergencyStop (priority: 5)
2026-01-02 16:03:41,967 | INFO | src.core.risk_governor | Added risk rule: MarketHours (priority: 10)
2026-01-02 16:03:41,967 | INFO | src.core.risk_governor | Added risk rule: DailyLossLimit (priority: 15)
2026-01-02 16:03:41,967 | INFO | src.core.risk_governor | Added risk rule: VolatilityAdjustment (priority: 25)
2026-01-02 16:03:41,967 | INFO | src.core.risk_governor | Risk Governor initialized with 4 risk rules
2026-01-02 16:03:42,586 | WARNING | src.core.engine | Failed to initialize adaptive strategies: attempted relative import beyond top-level package
2026-01-02 16:03:42,586 | INFO | src.core.engine | Trading engine initialized with timing intelligence disabled
2026-01-02 16:03:42,587 | INFO | src.core.engine | Trading engine initialized with enhanced risk management
2026-01-02 16:03:42,587 | INFO | src.execution.adapter | Initialized LIVE execution adapter
2026-01-02 16:03:42,587 | INFO | src.broker.zerodha | ZerodhaBroker initialized in LIVE mode
2026-01-02 16:03:43,271 | INFO | src.broker.zerodha | ✓ Zerodha connected: Harendra Kumar
2026-01-02 16:03:43,271 | INFO | src.execution.live | ✓ Connected to Zerodha: Harendra Kumar
2026-01-02 16:03:43,404 | INFO | src.core.reconciliation | [RECON] Broker has 0 open orders: []
2026-01-02 16:03:43,405 | INFO | src.core.reconciliation | [RECON] Local has 0 orders: []
2026-01-02 16:03:43,408 | INFO | src.execution.live | Reconciliation OK | Positions fixed=0, Ghost removed=0, Closed cleaned=0, Orders fixed=0
2026-01-02 16:03:43,483 | INFO | src.execution.live | LIVE CAPITAL OVERRIDE: total_capital set from broker data: 5,000.00 -> 990.59 (available: 842.00)
2026-01-02 16:03:43,484 | INFO | src.execution.live | ======================================================================
2026-01-02 16:03:43,484 | INFO | src.execution.live | CAPITAL BREAKDOWN AFTER RECONCILIATION
2026-01-02 16:03:43,484 | INFO | src.execution.live | ======================================================================
2026-01-02 16:03:43,485 | INFO | src.execution.live | Total Capital:        ₹      990.59
2026-01-02 16:03:43,485 | INFO | src.execution.live | - Position Exposure:  ₹        0.00
2026-01-02 16:03:43,485 | INFO | src.execution.live | - Pending Orders:     ₹        0.00
2026-01-02 16:03:43,485 | INFO | src.execution.live | - Safety Buffer (15%): ₹      148.59
2026-01-02 16:03:43,485 | INFO | src.execution.live | = AVAILABLE CAPITAL:  ₹      842.00
2026-01-02 16:03:43,486 | INFO | src.execution.live | ======================================================================
2026-01-02 16:03:43,486 | INFO | src.execution.live | No open positions
2026-01-02 16:03:43,486 | INFO | src.execution.live | No pending orders
2026-01-02 16:03:43,486 | INFO | src.execution.live | ======================================================================
2026-01-02 16:03:43,486 | INFO | src.execution.live | Live trading mode initialized
2026-01-02 16:03:43,487 | INFO | __main__ | Starting position reconciliation...
2026-01-02 16:03:43,571 | INFO | __main__ | Position reconciliation completed - no discrepancies
2026-01-02 16:03:50,793 | INFO | src.screener.excel_screener | Excel screener initialized: MiniRobo.xlsx
2026-01-02 16:03:50,794 | INFO | src.screener.excel_screener | ============================================================
2026-01-02 16:03:50,795 | INFO | src.screener.excel_screener | STARTING EXCEL-DRIVEN SCREENER
2026-01-02 16:03:50,795 | INFO | src.screener.excel_screener | ============================================================
2026-01-02 16:03:52,233 | INFO | src.screener.excel_screener | Loaded 14 screener rules
2026-01-02 16:03:52,773 | INFO | src.screener.excel_screener | 
 ACTIVE FILTER RULES:
2026-01-02 16:03:54,224 | INFO | src.screener.excel_screener | Loaded 100 enabled stocks from universe
2026-01-02 16:03:56,098 | INFO | src.screener.excel_screener | Loaded sector mapping for 100 symbols
2026-01-02 16:03:57,085 | INFO | src.screener.excel_screener | Market Trend: BULLISH
2026-01-02 16:03:57,125 | INFO | src.screener.excel_screener | Successfully fetched data for 100/100 symbols
2026-01-02 16:03:57,125 | INFO | src.screener.excel_screener | Bulk data received: 100 symbols with data
2026-01-02 16:03:57,248 | INFO | src.screener.excel_screener | Starting screening of 100 symbols. Bulk data has 100 entries
2026-01-02 16:03:57,248 | INFO | src.screener.excel_screener | HDFCBANK: Processing 60 bars
2026-01-02 16:03:57,253 | INFO | src.screener.excel_screener | ICICIBANK: Processing 60 bars
2026-01-02 16:03:57,258 | INFO | src.screener.excel_screener | KOTAKBANK: Processing 60 bars
2026-01-02 16:03:57,266 | INFO | src.screener.excel_screener | AXISBANK: Processing 60 bars
2026-01-02 16:03:57,270 | INFO | src.screener.excel_screener | SBIN: Processing 60 bars
2026-01-02 16:03:57,275 | INFO | src.screener.excel_screener | TCS: Processing 60 bars
2026-01-02 16:03:57,279 | INFO | src.screener.excel_screener | INFY: Processing 60 bars
2026-01-02 16:03:57,285 | INFO | src.screener.excel_screener | HCLTECH: Processing 60 bars
2026-01-02 16:03:57,290 | INFO | src.screener.excel_screener | WIPRO: Processing 60 bars
2026-01-02 16:03:57,295 | INFO | src.screener.excel_screener | TECHM: Processing 60 bars
2026-01-02 16:03:57,301 | INFO | src.screener.excel_screener | SUNPHARMA: Processing 60 bars
2026-01-02 16:03:57,306 | INFO | src.screener.excel_screener | CIPLA: Processing 60 bars
2026-01-02 16:03:57,311 | INFO | src.screener.excel_screener | DRREDDY: Processing 60 bars
2026-01-02 16:03:57,316 | INFO | src.screener.excel_screener | LUPIN: Processing 60 bars
2026-01-02 16:03:57,321 | INFO | src.screener.excel_screener | TORNTPHARM: Processing 60 bars
2026-01-02 16:03:57,325 | INFO | src.screener.excel_screener | HINDUNILVR: Processing 60 bars
2026-01-02 16:03:57,330 | INFO | src.screener.excel_screener | ITC: Processing 60 bars
2026-01-02 16:03:57,336 | INFO | src.screener.excel_screener | NESTLEIND: Processing 60 bars
2026-01-02 16:03:57,340 | INFO | src.screener.excel_screener | BRITANNIA: Processing 59 bars
2026-01-02 16:03:57,345 | INFO | src.screener.excel_screener | DABUR: Processing 60 bars
2026-01-02 16:03:57,353 | INFO | src.screener.excel_screener | MARUTI: Processing 60 bars
2026-01-02 16:03:57,358 | INFO | src.screener.excel_screener | M&M: Processing 60 bars
2026-01-02 16:03:57,365 | INFO | src.screener.excel_screener | BAJAJ-AUTO: Processing 60 bars
2026-01-02 16:03:57,373 | INFO | src.screener.excel_screener | EICHERMOT: Processing 60 bars
2026-01-02 16:03:57,380 | INFO | src.screener.excel_screener | RELIANCE: Processing 60 bars
2026-01-02 16:03:57,387 | INFO | src.screener.excel_screener | ONGC: Processing 60 bars
2026-01-02 16:03:57,392 | INFO | src.screener.excel_screener | BPCL: Processing 60 bars
2026-01-02 16:03:57,398 | INFO | src.screener.excel_screener | IOC: Processing 60 bars
2026-01-02 16:03:57,403 | INFO | src.screener.excel_screener | GAIL: Processing 60 bars
2026-01-02 16:03:57,408 | INFO | src.screener.excel_screener | TATASTEEL: Processing 60 bars
2026-01-02 16:03:57,415 | INFO | src.screener.excel_screener | HINDALCO: Processing 60 bars
2026-01-02 16:03:57,420 | INFO | src.screener.excel_screener | JSWSTEEL: Processing 60 bars
2026-01-02 16:03:57,425 | INFO | src.screener.excel_screener | COALINDIA: Processing 60 bars
2026-01-02 16:03:57,432 | INFO | src.screener.excel_screener | VEDL: Processing 60 bars
2026-01-02 16:03:57,438 | INFO | src.screener.excel_screener | ULTRACEMCO: Processing 60 bars
2026-01-02 16:03:57,443 | INFO | src.screener.excel_screener | SHREECEM: Processing 58 bars
2026-01-02 16:03:57,451 | INFO | src.screener.excel_screener | AMBUJACEM: Processing 60 bars
2026-01-02 16:03:57,456 | INFO | src.screener.excel_screener | ACC: Processing 60 bars
2026-01-02 16:03:57,464 | INFO | src.screener.excel_screener | DALBHARAT: Processing 58 bars
2026-01-02 16:03:57,474 | INFO | src.screener.excel_screener | POWERGRID: Processing 60 bars
2026-01-02 16:03:57,483 | INFO | src.screener.excel_screener | NTPC: Processing 60 bars
2026-01-02 16:03:57,494 | INFO | src.screener.excel_screener | ADANIGREEN: Processing 60 bars
2026-01-02 16:03:57,507 | INFO | src.screener.excel_screener | TATAPOWER: Processing 60 bars
2026-01-02 16:03:57,521 | INFO | src.screener.excel_screener | JSWENERGY: Processing 60 bars
2026-01-02 16:03:57,534 | INFO | src.screener.excel_screener | BHARTIARTL: Processing 60 bars
2026-01-02 16:03:57,543 | INFO | src.screener.excel_screener | JIOFIN: Processing 58 bars
2026-01-02 16:03:57,552 | INFO | src.screener.excel_screener | IDEA: Processing 60 bars
2026-01-02 16:03:57,562 | INFO | src.screener.excel_screener | INDUSTOWER: Processing 60 bars
2026-01-02 16:03:57,572 | INFO | src.screener.excel_screener | TATACOMM: Processing 59 bars
2026-01-02 16:03:57,582 | INFO | src.screener.excel_screener | UPL: Processing 60 bars
2026-01-02 16:03:57,591 | INFO | src.screener.excel_screener | SRF: Processing 59 bars
2026-01-02 16:03:57,600 | INFO | src.screener.excel_screener | PIDILITIND: Processing 60 bars
2026-01-02 16:03:57,609 | INFO | src.screener.excel_screener | ASIANPAINT: Processing 60 bars
2026-01-02 16:03:57,618 | INFO | src.screener.excel_screener | AARTIIND: Processing 60 bars
2026-01-02 16:03:57,628 | INFO | src.screener.excel_screener | LT: Processing 60 bars
2026-01-02 16:03:57,638 | INFO | src.screener.excel_screener | SIEMENS: Processing 60 bars
2026-01-02 16:03:57,649 | INFO | src.screener.excel_screener | ABB: Processing 59 bars
2026-01-02 16:03:57,659 | INFO | src.screener.excel_screener | BHEL: Processing 60 bars
2026-01-02 16:03:57,668 | INFO | src.screener.excel_screener | CUMMINSIND: Processing 60 bars
2026-01-02 16:03:57,679 | INFO | src.screener.excel_screener | APOLLOHOSP: Processing 60 bars
2026-01-02 16:03:57,689 | INFO | src.screener.excel_screener | MAXHEALTH: Processing 60 bars
2026-01-02 16:03:57,698 | INFO | src.screener.excel_screener | NH: Processing 60 bars
2026-01-02 16:03:57,706 | INFO | src.screener.excel_screener | FORTIS: Processing 60 bars
2026-01-02 16:03:57,714 | INFO | src.screener.excel_screener | MEDANTA: Processing 59 bars
2026-01-02 16:03:57,721 | INFO | src.screener.excel_screener | DLF: Processing 60 bars
2026-01-02 16:03:57,726 | INFO | src.screener.excel_screener | GODREJPROP: Processing 60 bars
2026-01-02 16:03:57,735 | INFO | src.screener.excel_screener | OBEROIRLTY: Processing 59 bars
2026-01-02 16:03:57,742 | INFO | src.screener.excel_screener | PRESTIGE: Processing 60 bars
2026-01-02 16:03:57,749 | INFO | src.screener.excel_screener | BRIGADE: Processing 60 bars
2026-01-02 16:03:57,757 | INFO | src.screener.excel_screener | TITAN: Processing 60 bars
2026-01-02 16:03:57,769 | INFO | src.screener.excel_screener | HAVELLS: Processing 60 bars
2026-01-02 16:03:57,781 | INFO | src.screener.excel_screener | VOLTAS: Processing 60 bars
2026-01-02 16:03:57,799 | INFO | src.screener.excel_screener | BLUESTARCO: Processing 59 bars
2026-01-02 16:03:57,808 | INFO | src.screener.excel_screener | CROMPTON: Processing 60 bars
2026-01-02 16:03:57,819 | INFO | src.screener.excel_screener | PAGEIND: Processing 58 bars
2026-01-02 16:03:57,831 | INFO | src.screener.excel_screener | ABFRL: Processing 60 bars
2026-01-02 16:03:57,838 | INFO | src.screener.excel_screener | RAYMOND: Processing 60 bars
2026-01-02 16:03:57,847 | INFO | src.screener.excel_screener | GRASIM: Processing 60 bars
2026-01-02 16:03:57,855 | INFO | src.screener.excel_screener | TRIDENT: Processing 60 bars
2026-01-02 16:03:57,864 | INFO | src.screener.excel_screener | ZEEL: Processing 60 bars
2026-01-02 16:03:57,872 | INFO | src.screener.excel_screener | PVRINOX: Processing 58 bars
2026-01-02 16:03:57,879 | INFO | src.screener.excel_screener | SUNTV: Processing 59 bars
2026-01-02 16:03:57,888 | INFO | src.screener.excel_screener | SAREGAMA: Processing 59 bars
2026-01-02 16:03:57,895 | INFO | src.screener.excel_screener | MAHLOG: Processing 59 bars
2026-01-02 16:03:57,902 | INFO | src.screener.excel_screener | BLUEDART: Processing 58 bars
2026-01-02 16:03:57,908 | INFO | src.screener.excel_screener | VRLLOG: Processing 59 bars
2026-01-02 16:03:57,913 | INFO | src.screener.excel_screener | TCIEXP: Processing 60 bars
2026-01-02 16:03:57,920 | INFO | src.screener.excel_screener | CONCOR: Processing 60 bars
2026-01-02 16:03:57,929 | INFO | src.screener.excel_screener | DMART: Processing 60 bars
2026-01-02 16:03:57,936 | INFO | src.screener.excel_screener | TRENT: Processing 60 bars
2026-01-02 16:03:57,942 | INFO | src.screener.excel_screener | VMART: Processing 59 bars
2026-01-02 16:03:57,950 | INFO | src.screener.excel_screener | SHOPERSTOP: Processing 59 bars
2026-01-02 16:03:57,955 | INFO | src.screener.excel_screener | RELAXO: Processing 59 bars
2026-01-02 16:03:57,962 | INFO | src.screener.excel_screener | HAL: Processing 60 bars
2026-01-02 16:03:57,970 | INFO | src.screener.excel_screener | BEL: Processing 60 bars
2026-01-02 16:03:57,977 | INFO | src.screener.excel_screener | BDL: Processing 60 bars
2026-01-02 16:03:57,983 | INFO | src.screener.excel_screener | MAZDOCK: Processing 60 bars
2026-01-02 16:03:57,989 | INFO | src.screener.excel_screener | SOLARINDS: Processing 60 bars
2026-01-02 16:03:57,995 | INFO | src.screener.excel_screener | SHRIRAMFIN: Processing 60 bars
2026-01-02 16:03:58,002 | INFO | src.screener.excel_screener | TATACONSUM: Processing 60 bars
2026-01-02 16:03:58,008 | INFO | src.screener.excel_screener | 
📊 REJECTION STATISTICS:
2026-01-02 16:03:58,008 | INFO | src.screener.excel_screener |    Total Processed: 100
2026-01-02 16:03:58,008 | INFO | src.screener.excel_screener |    Passed: 20
2026-01-02 16:03:58,008 | INFO | src.screener.excel_screener |    Rejected: 80
2026-01-02 16:03:58,008 | INFO | src.screener.excel_screener | 
   Top Rejection Reasons:
2026-01-02 16:03:58,008 | INFO | src.screener.excel_screener | Metrics calculated: 100, Passed: 20, Rejected: 80, Insufficient bars: 0, Missing data: 0
2026-01-02 16:03:58,010 | INFO | src.screener.excel_screener | Max trades (adjusted for BULLISH): 8
2026-01-02 16:03:58,010 | INFO | src.screener.excel_screener | 
============================================================
2026-01-02 16:03:58,010 | INFO | src.screener.excel_screener | TOP PICKS:
2026-01-02 16:03:58,011 | INFO | src.screener.excel_screener | ============================================================
2026-01-02 16:03:58,012 | INFO | src.screener.excel_screener | INDUSTOWER | Score:  45.29 | Price: Rs. 435.80 | BULLISH_TREND,STRONG_TREND
2026-01-02 16:03:58,012 | INFO | src.screener.excel_screener | RAYMOND    | Score:  40.43 | Price: Rs. 425.60 | STRONG_TREND
2026-01-02 16:03:58,013 | INFO | src.screener.excel_screener | HINDALCO   | Score:  38.74 | Price: Rs. 894.95 | BULLISH_TREND,STRONG_TREND
2026-01-02 16:03:58,013 | INFO | src.screener.excel_screener | CUMMINSIND | Score:  36.69 | Price: Rs.4470.60 | NEAR_EMA20,BULLISH_TREND,HIGH_VOLUME
2026-01-02 16:03:58,013 | INFO | src.screener.excel_screener | SRF        | Score:  35.14 | Price: Rs.3057.30 | NEAR_EMA20,BULLISH_TREND
2026-01-02 16:03:59,883 | INFO | src.screener.excel_screener | Written 8 results to Excel: SCREENER_OUTPUT
2026-01-02 16:04:00,578 | INFO | src.screener.excel_screener | ============================================================
2026-01-02 16:04:00,579 | INFO | src.screener.excel_screener | SCREENER COMPLETE
2026-01-02 16:04:00,579 | INFO | src.screener.excel_screener | ============================================================
2026-01-02 16:04:00,581 | INFO | src.core.risk_governor | Risk Governor evaluating trade: HINDALCO x 1
2026-01-02 16:04:00,583 | WARNING | src.core.risk_governor | Trade REJECTED by MarketHours: HINDALCO
2026-01-02 16:04:00,584 | WARNING | src.core.engine | HINDALCO: Risk Governor REJECTED - [MarketHours] Market closed - Current time: 16:04
2026-01-02 16:04:00,585 | INFO | src.core.risk_governor | Risk Governor evaluating trade: INDUSTOWER x 1
2026-01-02 16:04:00,586 | WARNING | src.core.risk_governor | Trade REJECTED by MarketHours: INDUSTOWER
2026-01-02 16:04:00,586 | WARNING | src.core.engine | INDUSTOWER: Risk Governor REJECTED - [MarketHours] Market closed - Current time: 16:04
2026-01-02 16:04:00,588 | INFO | src.core.risk_governor | Risk Governor evaluating trade: UPL x 1
2026-01-02 16:04:00,588 | WARNING | src.core.risk_governor | Trade REJECTED by MarketHours: UPL
2026-01-02 16:04:00,588 | WARNING | src.core.engine | UPL: Risk Governor REJECTED - [MarketHours] Market closed - Current time: 16:04
2026-01-02 16:04:00,590 | INFO | src.core.risk_governor | Risk Governor evaluating trade: SRF x 1
2026-01-02 16:04:00,590 | WARNING | src.core.risk_governor | Trade REJECTED by MarketHours: SRF
2026-01-02 16:04:00,591 | WARNING | src.core.engine | SRF: Risk Governor REJECTED - [MarketHours] Market closed - Current time: 16:04
2026-01-02 16:04:00,592 | INFO | src.core.risk_governor | Risk Governor evaluating trade: CUMMINSIND x 1
2026-01-02 16:04:00,592 | WARNING | src.core.risk_governor | Trade REJECTED by MarketHours: CUMMINSIND
2026-01-02 16:04:00,592 | WARNING | src.core.engine | CUMMINSIND: Risk Governor REJECTED - [MarketHours] Market closed - Current time: 16:04
2026-01-02 16:04:00,594 | INFO | src.core.risk_governor | Risk Governor evaluating trade: RAYMOND x 1
2026-01-02 16:04:00,594 | WARNING | src.core.risk_governor | Trade REJECTED by MarketHours: RAYMOND
2026-01-02 16:04:00,596 | WARNING | src.core.engine | RAYMOND: Risk Governor REJECTED - [MarketHours] Market closed - Current time: 16:04
2026-01-02 16:04:00,597 | INFO | src.core.risk_governor | Risk Governor evaluating trade: BLUEDART x 1
2026-01-02 16:04:00,597 | WARNING | src.core.risk_governor | Trade REJECTED by MarketHours: BLUEDART
2026-01-02 16:04:00,597 | WARNING | src.core.engine | BLUEDART: Risk Governor REJECTED - [MarketHours] Market closed - Current time: 16:04
2026-01-02 16:04:00,598 | INFO | src.core.risk_governor | Risk Governor evaluating trade: TATACONSUM x 1
2026-01-02 16:04:00,598 | WARNING | src.core.risk_governor | Trade REJECTED by MarketHours: TATACONSUM
2026-01-02 16:04:00,599 | WARNING | src.core.engine | TATACONSUM: Risk Governor REJECTED - [MarketHours] Market closed - Current time: 16:04
2026-01-02 18:49:49,549 | INFO | config.enhanced_config_manager | Timing config loaded: enabled=False
2026-01-02 18:49:49,551 | INFO | src.utils.sector_manager | Sector manager initialized
2026-01-02 18:49:49,551 | INFO | src.core.risk_manager | Risk Manager initialized with comprehensive risk controls
2026-01-02 18:49:49,551 | INFO | src.core.risk_governor | Added risk rule: EmergencyStop (priority: 5)
2026-01-02 18:49:49,552 | INFO | src.core.risk_governor | Added risk rule: MarketHours (priority: 10)
2026-01-02 18:49:49,552 | INFO | src.core.risk_governor | Added risk rule: DailyLossLimit (priority: 15)
2026-01-02 18:49:49,552 | INFO | src.core.risk_governor | Added risk rule: VolatilityAdjustment (priority: 25)
2026-01-02 18:49:49,552 | INFO | src.core.risk_governor | Risk Governor initialized with 4 risk rules
2026-01-02 18:49:55,459 | WARNING | src.core.engine | Failed to initialize adaptive strategies: attempted relative import beyond top-level package
2026-01-02 18:49:55,460 | INFO | src.core.engine | Trading engine initialized with timing intelligence disabled
2026-01-02 18:49:55,460 | INFO | src.core.engine | Trading engine initialized with enhanced risk management
2026-01-02 18:49:55,460 | INFO | src.execution.adapter | Initialized LIVE execution adapter
2026-01-02 18:49:55,460 | INFO | src.broker.zerodha | ZerodhaBroker initialized in LIVE mode
2026-01-02 18:49:56,371 | INFO | src.broker.zerodha | ✓ Zerodha connected: Harendra Kumar
2026-01-02 18:49:56,372 | INFO | src.execution.live | ✓ Connected to Zerodha: Harendra Kumar
2026-01-02 18:49:56,498 | INFO | src.core.reconciliation | [RECON] Broker has 0 open orders: []
2026-01-02 18:49:56,501 | INFO | src.core.reconciliation | [RECON] Local has 0 orders: []
2026-01-02 18:49:56,508 | INFO | src.execution.live | Reconciliation OK | Positions fixed=0, Ghost removed=0, Closed cleaned=0, Orders fixed=0
2026-01-02 18:49:56,578 | INFO | src.execution.live | LIVE CAPITAL OVERRIDE: total_capital set from broker data: 5,000.00 -> 990.59 (available: 842.00)
2026-01-02 18:49:56,578 | INFO | src.execution.live | ======================================================================
2026-01-02 18:49:56,578 | INFO | src.execution.live | CAPITAL BREAKDOWN AFTER RECONCILIATION
2026-01-02 18:49:56,578 | INFO | src.execution.live | ======================================================================
2026-01-02 18:49:56,579 | INFO | src.execution.live | Total Capital:        ₹      990.59
2026-01-02 18:49:56,579 | INFO | src.execution.live | - Position Exposure:  ₹        0.00
2026-01-02 18:49:56,579 | INFO | src.execution.live | - Pending Orders:     ₹        0.00
2026-01-02 18:49:56,579 | INFO | src.execution.live | - Safety Buffer (15%): ₹      148.59
2026-01-02 18:49:56,580 | INFO | src.execution.live | = AVAILABLE CAPITAL:  ₹      842.00
2026-01-02 18:49:56,580 | INFO | src.execution.live | ======================================================================
2026-01-02 18:49:56,580 | INFO | src.execution.live | No open positions
2026-01-02 18:49:56,580 | INFO | src.execution.live | No pending orders
2026-01-02 18:49:56,581 | INFO | src.execution.live | ======================================================================
2026-01-02 18:49:56,581 | INFO | src.execution.live | Live trading mode initialized
2026-01-02 18:49:56,581 | INFO | __main__ | Starting position reconciliation...
2026-01-02 18:49:56,677 | INFO | __main__ | Position reconciliation completed - no discrepancies
2026-01-02 18:50:03,949 | INFO | src.screener.excel_screener | Excel screener initialized: MiniRobo.xlsx
2026-01-02 18:50:03,950 | INFO | src.screener.excel_screener | ============================================================
2026-01-02 18:50:03,950 | INFO | src.screener.excel_screener | STARTING EXCEL-DRIVEN SCREENER
2026-01-02 18:50:03,950 | INFO | src.screener.excel_screener | ============================================================
2026-01-02 18:50:06,049 | INFO | src.screener.excel_screener | Loaded 14 screener rules
2026-01-02 18:50:06,652 | INFO | src.screener.excel_screener | 
 ACTIVE FILTER RULES:
2026-01-02 18:50:08,156 | INFO | src.screener.excel_screener | Loaded 100 enabled stocks from universe
2026-01-02 18:50:10,117 | INFO | src.screener.excel_screener | Loaded sector mapping for 100 symbols
2026-01-02 18:50:17,013 | INFO | src.screener.excel_screener | Market Trend: BULLISH
2026-01-02 18:50:19,029 | INFO | src.screener.excel_screener | Successfully fetched data for 100/100 symbols
2026-01-02 18:50:19,029 | INFO | src.screener.excel_screener | Bulk data received: 100 symbols with data
2026-01-02 18:50:19,154 | INFO | src.screener.excel_screener | Starting screening of 100 symbols. Bulk data has 100 entries
2026-01-02 18:50:19,154 | INFO | src.screener.excel_screener | HDFCBANK: Processing 60 bars
2026-01-02 18:50:19,171 | INFO | src.screener.excel_screener | ICICIBANK: Processing 60 bars
2026-01-02 18:50:19,178 | INFO | src.screener.excel_screener | KOTAKBANK: Processing 60 bars
2026-01-02 18:50:19,187 | INFO | src.screener.excel_screener | AXISBANK: Processing 60 bars
2026-01-02 18:50:19,192 | INFO | src.screener.excel_screener | SBIN: Processing 60 bars
2026-01-02 18:50:19,197 | INFO | src.screener.excel_screener | TCS: Processing 60 bars
2026-01-02 18:50:19,200 | INFO | src.screener.excel_screener | INFY: Processing 60 bars
2026-01-02 18:50:19,204 | INFO | src.screener.excel_screener | HCLTECH: Processing 60 bars
2026-01-02 18:50:19,208 | INFO | src.screener.excel_screener | WIPRO: Processing 60 bars
2026-01-02 18:50:19,214 | INFO | src.screener.excel_screener | TECHM: Processing 60 bars
2026-01-02 18:50:19,218 | INFO | src.screener.excel_screener | SUNPHARMA: Processing 60 bars
2026-01-02 18:50:19,222 | INFO | src.screener.excel_screener | CIPLA: Processing 60 bars
2026-01-02 18:50:19,228 | INFO | src.screener.excel_screener | DRREDDY: Processing 60 bars
2026-01-02 18:50:19,235 | INFO | src.screener.excel_screener | LUPIN: Processing 60 bars
2026-01-02 18:50:19,239 | INFO | src.screener.excel_screener | TORNTPHARM: Processing 60 bars
2026-01-02 18:50:19,244 | INFO | src.screener.excel_screener | HINDUNILVR: Processing 60 bars
2026-01-02 18:50:19,249 | INFO | src.screener.excel_screener | ITC: Processing 60 bars
2026-01-02 18:50:19,254 | INFO | src.screener.excel_screener | NESTLEIND: Processing 60 bars
2026-01-02 18:50:19,260 | INFO | src.screener.excel_screener | BRITANNIA: Processing 59 bars
2026-01-02 18:50:19,267 | INFO | src.screener.excel_screener | DABUR: Processing 60 bars
2026-01-02 18:50:19,271 | INFO | src.screener.excel_screener | MARUTI: Processing 60 bars
2026-01-02 18:50:19,275 | INFO | src.screener.excel_screener | M&M: Processing 60 bars
2026-01-02 18:50:19,281 | INFO | src.screener.excel_screener | BAJAJ-AUTO: Processing 60 bars
2026-01-02 18:50:19,286 | INFO | src.screener.excel_screener | EICHERMOT: Processing 60 bars
2026-01-02 18:50:19,290 | INFO | src.screener.excel_screener | RELIANCE: Processing 60 bars
2026-01-02 18:50:19,296 | INFO | src.screener.excel_screener | ONGC: Processing 60 bars
2026-01-02 18:50:19,301 | INFO | src.screener.excel_screener | BPCL: Processing 60 bars
2026-01-02 18:50:19,305 | INFO | src.screener.excel_screener | IOC: Processing 60 bars
2026-01-02 18:50:19,312 | INFO | src.screener.excel_screener | GAIL: Processing 60 bars
2026-01-02 18:50:19,317 | INFO | src.screener.excel_screener | TATASTEEL: Processing 60 bars
2026-01-02 18:50:19,321 | INFO | src.screener.excel_screener | HINDALCO: Processing 60 bars
2026-01-02 18:50:19,325 | INFO | src.screener.excel_screener | JSWSTEEL: Processing 60 bars
2026-01-02 18:50:19,331 | INFO | src.screener.excel_screener | COALINDIA: Processing 60 bars
2026-01-02 18:50:19,336 | INFO | src.screener.excel_screener | VEDL: Processing 60 bars
2026-01-02 18:50:19,340 | INFO | src.screener.excel_screener | ULTRACEMCO: Processing 60 bars
2026-01-02 18:50:19,348 | INFO | src.screener.excel_screener | SHREECEM: Processing 58 bars
2026-01-02 18:50:19,352 | INFO | src.screener.excel_screener | AMBUJACEM: Processing 60 bars
2026-01-02 18:50:19,356 | INFO | src.screener.excel_screener | ACC: Processing 60 bars
2026-01-02 18:50:19,363 | INFO | src.screener.excel_screener | DALBHARAT: Processing 58 bars
2026-01-02 18:50:19,367 | INFO | src.screener.excel_screener | POWERGRID: Processing 60 bars
2026-01-02 18:50:19,372 | INFO | src.screener.excel_screener | NTPC: Processing 60 bars
2026-01-02 18:50:19,377 | INFO | src.screener.excel_screener | ADANIGREEN: Processing 60 bars
2026-01-02 18:50:19,384 | INFO | src.screener.excel_screener | TATAPOWER: Processing 60 bars
2026-01-02 18:50:19,389 | INFO | src.screener.excel_screener | JSWENERGY: Processing 60 bars
2026-01-02 18:50:19,394 | INFO | src.screener.excel_screener | BHARTIARTL: Processing 60 bars
2026-01-02 18:50:19,400 | INFO | src.screener.excel_screener | JIOFIN: Processing 58 bars
2026-01-02 18:50:19,404 | INFO | src.screener.excel_screener | IDEA: Processing 60 bars
2026-01-02 18:50:19,409 | INFO | src.screener.excel_screener | INDUSTOWER: Processing 60 bars
2026-01-02 18:50:19,416 | INFO | src.screener.excel_screener | TATACOMM: Processing 59 bars
2026-01-02 18:50:19,420 | INFO | src.screener.excel_screener | UPL: Processing 60 bars
2026-01-02 18:50:19,424 | INFO | src.screener.excel_screener | SRF: Processing 59 bars
2026-01-02 18:50:19,430 | INFO | src.screener.excel_screener | PIDILITIND: Processing 60 bars
2026-01-02 18:50:19,435 | INFO | src.screener.excel_screener | ASIANPAINT: Processing 60 bars
2026-01-02 18:50:19,440 | INFO | src.screener.excel_screener | AARTIIND: Processing 60 bars
2026-01-02 18:50:19,446 | INFO | src.screener.excel_screener | LT: Processing 60 bars
2026-01-02 18:50:19,450 | INFO | src.screener.excel_screener | SIEMENS: Processing 60 bars
2026-01-02 18:50:19,454 | INFO | src.screener.excel_screener | ABB: Processing 59 bars
2026-01-02 18:50:19,459 | INFO | src.screener.excel_screener | BHEL: Processing 60 bars
2026-01-02 18:50:19,465 | INFO | src.screener.excel_screener | CUMMINSIND: Processing 60 bars
2026-01-02 18:50:19,469 | INFO | src.screener.excel_screener | APOLLOHOSP: Processing 60 bars
2026-01-02 18:50:19,474 | INFO | src.screener.excel_screener | MAXHEALTH: Processing 60 bars
2026-01-02 18:50:19,482 | INFO | src.screener.excel_screener | NH: Processing 60 bars
2026-01-02 18:50:19,486 | INFO | src.screener.excel_screener | FORTIS: Processing 60 bars
2026-01-02 18:50:19,491 | INFO | src.screener.excel_screener | MEDANTA: Processing 59 bars
2026-01-02 18:50:19,497 | INFO | src.screener.excel_screener | DLF: Processing 60 bars
2026-01-02 18:50:19,501 | INFO | src.screener.excel_screener | GODREJPROP: Processing 60 bars
2026-01-02 18:50:19,505 | INFO | src.screener.excel_screener | OBEROIRLTY: Processing 59 bars
2026-01-02 18:50:19,510 | INFO | src.screener.excel_screener | PRESTIGE: Processing 60 bars
2026-01-02 18:50:19,516 | INFO | src.screener.excel_screener | BRIGADE: Processing 60 bars
2026-01-02 18:50:19,521 | INFO | src.screener.excel_screener | TITAN: Processing 60 bars
2026-01-02 18:50:19,525 | INFO | src.screener.excel_screener | HAVELLS: Processing 60 bars
2026-01-02 18:50:19,531 | INFO | src.screener.excel_screener | VOLTAS: Processing 60 bars
2026-01-02 18:50:19,536 | INFO | src.screener.excel_screener | BLUESTARCO: Processing 59 bars
2026-01-02 18:50:19,540 | INFO | src.screener.excel_screener | CROMPTON: Processing 60 bars
2026-01-02 18:50:19,546 | INFO | src.screener.excel_screener | PAGEIND: Processing 58 bars
2026-01-02 18:50:19,551 | INFO | src.screener.excel_screener | ABFRL: Processing 60 bars
2026-01-02 18:50:19,555 | INFO | src.screener.excel_screener | RAYMOND: Processing 60 bars
2026-01-02 18:50:19,561 | INFO | src.screener.excel_screener | GRASIM: Processing 60 bars
2026-01-02 18:50:19,567 | INFO | src.screener.excel_screener | TRIDENT: Processing 60 bars
2026-01-02 18:50:19,571 | INFO | src.screener.excel_screener | ZEEL: Processing 60 bars
2026-01-02 18:50:19,574 | INFO | src.screener.excel_screener | PVRINOX: Processing 58 bars
2026-01-02 18:50:19,580 | INFO | src.screener.excel_screener | SUNTV: Processing 59 bars
2026-01-02 18:50:19,585 | INFO | src.screener.excel_screener | SAREGAMA: Processing 59 bars
2026-01-02 18:50:19,589 | INFO | src.screener.excel_screener | MAHLOG: Processing 59 bars
2026-01-02 18:50:19,594 | INFO | src.screener.excel_screener | BLUEDART: Processing 58 bars
2026-01-02 18:50:19,600 | INFO | src.screener.excel_screener | VRLLOG: Processing 59 bars
2026-01-02 18:50:19,604 | INFO | src.screener.excel_screener | TCIEXP: Processing 60 bars
2026-01-02 18:50:19,609 | INFO | src.screener.excel_screener | CONCOR: Processing 60 bars
2026-01-02 18:50:19,615 | INFO | src.screener.excel_screener | DMART: Processing 60 bars
2026-01-02 18:50:19,619 | INFO | src.screener.excel_screener | TRENT: Processing 60 bars
2026-01-02 18:50:19,623 | INFO | src.screener.excel_screener | VMART: Processing 59 bars
2026-01-02 18:50:19,630 | INFO | src.screener.excel_screener | SHOPERSTOP: Processing 59 bars
2026-01-02 18:50:19,635 | INFO | src.screener.excel_screener | RELAXO: Processing 59 bars
2026-01-02 18:50:19,638 | INFO | src.screener.excel_screener | HAL: Processing 60 bars
2026-01-02 18:50:19,643 | INFO | src.screener.excel_screener | BEL: Processing 60 bars
2026-01-02 18:50:19,649 | INFO | src.screener.excel_screener | BDL: Processing 60 bars
2026-01-02 18:50:19,653 | INFO | src.screener.excel_screener | MAZDOCK: Processing 60 bars
2026-01-02 18:50:19,658 | INFO | src.screener.excel_screener | SOLARINDS: Processing 60 bars
2026-01-02 18:50:19,664 | INFO | src.screener.excel_screener | SHRIRAMFIN: Processing 60 bars
2026-01-02 18:50:19,668 | INFO | src.screener.excel_screener | TATACONSUM: Processing 60 bars
2026-01-02 18:50:19,673 | INFO | src.screener.excel_screener | 
📊 REJECTION STATISTICS:
2026-01-02 18:50:19,673 | INFO | src.screener.excel_screener |    Total Processed: 100
2026-01-02 18:50:19,673 | INFO | src.screener.excel_screener |    Passed: 20
2026-01-02 18:50:19,673 | INFO | src.screener.excel_screener |    Rejected: 80
2026-01-02 18:50:19,674 | INFO | src.screener.excel_screener | 
   Top Rejection Reasons:
2026-01-02 18:50:19,674 | INFO | src.screener.excel_screener | Metrics calculated: 100, Passed: 20, Rejected: 80, Insufficient bars: 0, Missing data: 0
2026-01-02 18:50:19,676 | INFO | src.screener.excel_screener | Max trades (adjusted for BULLISH): 8
2026-01-02 18:50:19,677 | INFO | src.screener.excel_screener | 
============================================================
2026-01-02 18:50:19,677 | INFO | src.screener.excel_screener | TOP PICKS:
2026-01-02 18:50:19,677 | INFO | src.screener.excel_screener | ============================================================
2026-01-02 18:50:19,678 | INFO | src.screener.excel_screener | INDUSTOWER | Score:  45.29 | Price: Rs. 435.80 | BULLISH_TREND,STRONG_TREND
2026-01-02 18:50:19,679 | INFO | src.screener.excel_screener | RAYMOND    | Score:  40.43 | Price: Rs. 425.60 | STRONG_TREND
2026-01-02 18:50:19,679 | INFO | src.screener.excel_screener | HINDALCO   | Score:  38.74 | Price: Rs. 894.95 | BULLISH_TREND,STRONG_TREND
2026-01-02 18:50:19,679 | INFO | src.screener.excel_screener | CUMMINSIND | Score:  36.69 | Price: Rs.4470.60 | NEAR_EMA20,BULLISH_TREND,HIGH_VOLUME
2026-01-02 18:50:19,680 | INFO | src.screener.excel_screener | SRF        | Score:  35.14 | Price: Rs.3057.30 | NEAR_EMA20,BULLISH_TREND
2026-01-02 18:50:21,176 | INFO | src.screener.excel_screener | Written 8 results to Excel: SCREENER_OUTPUT
2026-01-02 18:50:21,812 | INFO | src.screener.excel_screener | ============================================================
2026-01-02 18:50:21,813 | INFO | src.screener.excel_screener | SCREENER COMPLETE
2026-01-02 18:50:21,813 | INFO | src.screener.excel_screener | ============================================================
2026-01-02 18:50:21,816 | INFO | src.core.risk_governor | Risk Governor evaluating trade: HINDALCO x 1
2026-01-02 18:50:21,816 | WARNING | src.core.risk_governor | Trade REJECTED by MarketHours: HINDALCO
2026-01-02 18:50:21,816 | WARNING | src.core.engine | HINDALCO: Risk Governor REJECTED - [MarketHours] Market closed - Current time: 18:50
2026-01-02 18:50:21,818 | INFO | src.core.risk_governor | Risk Governor evaluating trade: INDUSTOWER x 1
2026-01-02 18:50:21,818 | WARNING | src.core.risk_governor | Trade REJECTED by MarketHours: INDUSTOWER
2026-01-02 18:50:21,818 | WARNING | src.core.engine | INDUSTOWER: Risk Governor REJECTED - [MarketHours] Market closed - Current time: 18:50
2026-01-02 18:50:21,820 | INFO | src.core.risk_governor | Risk Governor evaluating trade: UPL x 1
2026-01-02 18:50:21,820 | WARNING | src.core.risk_governor | Trade REJECTED by MarketHours: UPL
2026-01-02 18:50:21,820 | WARNING | src.core.engine | UPL: Risk Governor REJECTED - [MarketHours] Market closed - Current time: 18:50
2026-01-02 18:50:21,822 | INFO | src.core.risk_governor | Risk Governor evaluating trade: SRF x 1
2026-01-02 18:50:21,822 | WARNING | src.core.risk_governor | Trade REJECTED by MarketHours: SRF
2026-01-02 18:50:21,822 | WARNING | src.core.engine | SRF: Risk Governor REJECTED - [MarketHours] Market closed - Current time: 18:50
2026-01-02 18:50:21,824 | INFO | src.core.risk_governor | Risk Governor evaluating trade: CUMMINSIND x 1
2026-01-02 18:50:21,824 | WARNING | src.core.risk_governor | Trade REJECTED by MarketHours: CUMMINSIND
2026-01-02 18:50:21,824 | WARNING | src.core.engine | CUMMINSIND: Risk Governor REJECTED - [MarketHours] Market closed - Current time: 18:50
2026-01-02 18:50:21,826 | INFO | src.core.risk_governor | Risk Governor evaluating trade: RAYMOND x 1
2026-01-02 18:50:21,826 | WARNING | src.core.risk_governor | Trade REJECTED by MarketHours: RAYMOND
2026-01-02 18:50:21,826 | WARNING | src.core.engine | RAYMOND: Risk Governor REJECTED - [MarketHours] Market closed - Current time: 18:50
2026-01-02 18:50:21,830 | INFO | src.core.risk_governor | Risk Governor evaluating trade: BLUEDART x 1
2026-01-02 18:50:21,830 | WARNING | src.core.risk_governor | Trade REJECTED by MarketHours: BLUEDART
2026-01-02 18:50:21,830 | WARNING | src.core.engine | BLUEDART: Risk Governor REJECTED - [MarketHours] Market closed - Current time: 18:50
2026-01-02 18:50:21,832 | INFO | src.core.risk_governor | Risk Governor evaluating trade: TATACONSUM x 1
2026-01-02 18:50:21,832 | WARNING | src.core.risk_governor | Trade REJECTED by MarketHours: TATACONSUM
2026-01-02 18:50:21,833 | WARNING | src.core.engine | TATACONSUM: Risk Governor REJECTED - [MarketHours] Market closed - Current time: 18:50
2026-01-02 18:53:05,253 | INFO | config.enhanced_config_manager | Timing config loaded: enabled=False
2026-01-02 18:53:05,255 | INFO | src.utils.sector_manager | Sector manager initialized
2026-01-02 18:53:05,255 | INFO | src.core.risk_manager | Risk Manager initialized with comprehensive risk controls
2026-01-02 18:53:05,255 | INFO | src.core.risk_governor | Added risk rule: EmergencyStop (priority: 5)
2026-01-02 18:53:05,256 | INFO | src.core.risk_governor | Added risk rule: MarketHours (priority: 10)
2026-01-02 18:53:05,256 | INFO | src.core.risk_governor | Added risk rule: DailyLossLimit (priority: 15)
2026-01-02 18:53:05,256 | INFO | src.core.risk_governor | Added risk rule: VolatilityAdjustment (priority: 25)
2026-01-02 18:53:05,256 | INFO | src.core.risk_governor | Risk Governor initialized with 4 risk rules
2026-01-02 18:53:05,872 | WARNING | src.core.engine | Failed to initialize adaptive strategies: attempted relative import beyond top-level package
2026-01-02 18:53:05,872 | INFO | src.core.engine | Trading engine initialized with timing intelligence disabled
2026-01-02 18:53:05,873 | INFO | src.core.engine | Trading engine initialized with enhanced risk management
2026-01-02 18:53:05,873 | INFO | src.execution.adapter | Initialized LIVE execution adapter
2026-01-02 18:53:05,873 | INFO | src.broker.zerodha | ZerodhaBroker initialized in LIVE mode
2026-01-02 18:53:06,583 | INFO | src.broker.zerodha | ✓ Zerodha connected: Harendra Kumar
2026-01-02 18:53:06,584 | INFO | src.execution.live | ✓ Connected to Zerodha: Harendra Kumar
2026-01-02 18:53:06,709 | INFO | src.core.reconciliation | [RECON] Broker has 0 open orders: []
2026-01-02 18:53:06,711 | INFO | src.core.reconciliation | [RECON] Local has 0 orders: []
2026-01-02 18:53:06,717 | INFO | src.execution.live | Reconciliation OK | Positions fixed=0, Ghost removed=0, Closed cleaned=0, Orders fixed=0
2026-01-02 18:53:06,786 | INFO | src.execution.live | LIVE CAPITAL OVERRIDE: total_capital set from broker data: 5,000.00 -> 990.59 (available: 842.00)
2026-01-02 18:53:06,786 | INFO | src.execution.live | ======================================================================
2026-01-02 18:53:06,786 | INFO | src.execution.live | CAPITAL BREAKDOWN AFTER RECONCILIATION
2026-01-02 18:53:06,787 | INFO | src.execution.live | ======================================================================
2026-01-02 18:53:06,787 | INFO | src.execution.live | Total Capital:        ₹      990.59
2026-01-02 18:53:06,787 | INFO | src.execution.live | - Position Exposure:  ₹        0.00
2026-01-02 18:53:06,787 | INFO | src.execution.live | - Pending Orders:     ₹        0.00
2026-01-02 18:53:06,788 | INFO | src.execution.live | - Safety Buffer (15%): ₹      148.59
2026-01-02 18:53:06,788 | INFO | src.execution.live | = AVAILABLE CAPITAL:  ₹      842.00
2026-01-02 18:53:06,788 | INFO | src.execution.live | ======================================================================
2026-01-02 18:53:06,788 | INFO | src.execution.live | No open positions
2026-01-02 18:53:06,788 | INFO | src.execution.live | No pending orders
2026-01-02 18:53:06,789 | INFO | src.execution.live | ======================================================================
2026-01-02 18:53:06,789 | INFO | src.execution.live | Live trading mode initialized
2026-01-02 18:53:06,789 | INFO | __main__ | Starting position reconciliation...
2026-01-02 18:53:06,855 | INFO | __main__ | Position reconciliation completed - no discrepancies
2026-01-02 18:53:17,742 | INFO | src.screener.excel_screener | Excel screener initialized: MiniRobo.xlsx
2026-01-02 18:53:17,742 | INFO | src.screener.excel_screener | ============================================================
2026-01-02 18:53:17,743 | INFO | src.screener.excel_screener | STARTING EXCEL-DRIVEN SCREENER
2026-01-02 18:53:17,743 | INFO | src.screener.excel_screener | ============================================================
2026-01-02 18:53:19,257 | INFO | src.screener.excel_screener | Loaded 14 screener rules
2026-01-02 18:53:19,817 | INFO | src.screener.excel_screener | 
 ACTIVE FILTER RULES:
2026-01-02 18:53:21,227 | INFO | src.screener.excel_screener | Loaded 100 enabled stocks from universe
2026-01-02 18:53:23,220 | INFO | src.screener.excel_screener | Loaded sector mapping for 100 symbols
2026-01-02 18:53:24,257 | INFO | src.screener.excel_screener | Market Trend: BULLISH
2026-01-02 18:53:24,293 | INFO | src.screener.excel_screener | Successfully fetched data for 100/100 symbols
2026-01-02 18:53:24,294 | INFO | src.screener.excel_screener | Bulk data received: 100 symbols with data
2026-01-02 18:53:24,467 | INFO | src.screener.excel_screener | Starting screening of 100 symbols. Bulk data has 100 entries
2026-01-02 18:53:24,467 | INFO | src.screener.excel_screener | HDFCBANK: Processing 60 bars
2026-01-02 18:53:24,472 | INFO | src.screener.excel_screener | ICICIBANK: Processing 60 bars
2026-01-02 18:53:24,475 | INFO | src.screener.excel_screener | KOTAKBANK: Processing 60 bars
2026-01-02 18:53:24,484 | INFO | src.screener.excel_screener | AXISBANK: Processing 60 bars
2026-01-02 18:53:24,488 | INFO | src.screener.excel_screener | SBIN: Processing 60 bars
2026-01-02 18:53:24,492 | INFO | src.screener.excel_screener | TCS: Processing 60 bars
2026-01-02 18:53:24,496 | INFO | src.screener.excel_screener | INFY: Processing 60 bars
2026-01-02 18:53:24,501 | INFO | src.screener.excel_screener | HCLTECH: Processing 60 bars
2026-01-02 18:53:24,505 | INFO | src.screener.excel_screener | WIPRO: Processing 60 bars
2026-01-02 18:53:24,509 | INFO | src.screener.excel_screener | TECHM: Processing 60 bars
2026-01-02 18:53:24,512 | INFO | src.screener.excel_screener | SUNPHARMA: Processing 60 bars
2026-01-02 18:53:24,518 | INFO | src.screener.excel_screener | CIPLA: Processing 60 bars
2026-01-02 18:53:24,522 | INFO | src.screener.excel_screener | DRREDDY: Processing 60 bars
2026-01-02 18:53:24,526 | INFO | src.screener.excel_screener | LUPIN: Processing 60 bars
2026-01-02 18:53:24,533 | INFO | src.screener.excel_screener | TORNTPHARM: Processing 60 bars
2026-01-02 18:53:24,539 | INFO | src.screener.excel_screener | HINDUNILVR: Processing 60 bars
2026-01-02 18:53:24,543 | INFO | src.screener.excel_screener | ITC: Processing 60 bars
2026-01-02 18:53:24,549 | INFO | src.screener.excel_screener | NESTLEIND: Processing 60 bars
2026-01-02 18:53:24,554 | INFO | src.screener.excel_screener | BRITANNIA: Processing 59 bars
2026-01-02 18:53:24,558 | INFO | src.screener.excel_screener | DABUR: Processing 60 bars
2026-01-02 18:53:24,562 | INFO | src.screener.excel_screener | MARUTI: Processing 60 bars
2026-01-02 18:53:24,568 | INFO | src.screener.excel_screener | M&M: Processing 60 bars
2026-01-02 18:53:24,572 | INFO | src.screener.excel_screener | BAJAJ-AUTO: Processing 60 bars
2026-01-02 18:53:24,577 | INFO | src.screener.excel_screener | EICHERMOT: Processing 60 bars
2026-01-02 18:53:24,583 | INFO | src.screener.excel_screener | RELIANCE: Processing 60 bars
2026-01-02 18:53:24,588 | INFO | src.screener.excel_screener | ONGC: Processing 60 bars
2026-01-02 18:53:24,592 | INFO | src.screener.excel_screener | BPCL: Processing 60 bars
2026-01-02 18:53:24,597 | INFO | src.screener.excel_screener | IOC: Processing 60 bars
2026-01-02 18:53:24,603 | INFO | src.screener.excel_screener | GAIL: Processing 60 bars
2026-01-02 18:53:24,608 | INFO | src.screener.excel_screener | TATASTEEL: Processing 60 bars
2026-01-02 18:53:24,612 | INFO | src.screener.excel_screener | HINDALCO: Processing 60 bars
2026-01-02 18:53:24,618 | INFO | src.screener.excel_screener | JSWSTEEL: Processing 60 bars
2026-01-02 18:53:24,623 | INFO | src.screener.excel_screener | COALINDIA: Processing 60 bars
2026-01-02 18:53:24,627 | INFO | src.screener.excel_screener | VEDL: Processing 60 bars
2026-01-02 18:53:24,634 | INFO | src.screener.excel_screener | ULTRACEMCO: Processing 60 bars
2026-01-02 18:53:24,639 | INFO | src.screener.excel_screener | SHREECEM: Processing 58 bars
2026-01-02 18:53:24,644 | INFO | src.screener.excel_screener | AMBUJACEM: Processing 60 bars
2026-01-02 18:53:24,650 | INFO | src.screener.excel_screener | ACC: Processing 60 bars
2026-01-02 18:53:24,655 | INFO | src.screener.excel_screener | DALBHARAT: Processing 58 bars
2026-01-02 18:53:24,659 | INFO | src.screener.excel_screener | POWERGRID: Processing 60 bars
2026-01-02 18:53:24,665 | INFO | src.screener.excel_screener | NTPC: Processing 60 bars
2026-01-02 18:53:24,670 | INFO | src.screener.excel_screener | ADANIGREEN: Processing 60 bars
2026-01-02 18:53:24,674 | INFO | src.screener.excel_screener | TATAPOWER: Processing 60 bars
2026-01-02 18:53:24,678 | INFO | src.screener.excel_screener | JSWENERGY: Processing 60 bars
2026-01-02 18:53:24,684 | INFO | src.screener.excel_screener | BHARTIARTL: Processing 60 bars
2026-01-02 18:53:24,688 | INFO | src.screener.excel_screener | JIOFIN: Processing 58 bars
2026-01-02 18:53:24,692 | INFO | src.screener.excel_screener | IDEA: Processing 60 bars
2026-01-02 18:53:24,697 | INFO | src.screener.excel_screener | INDUSTOWER: Processing 60 bars
2026-01-02 18:53:24,703 | INFO | src.screener.excel_screener | TATACOMM: Processing 59 bars
2026-01-02 18:53:24,707 | INFO | src.screener.excel_screener | UPL: Processing 60 bars
2026-01-02 18:53:24,712 | INFO | src.screener.excel_screener | SRF: Processing 59 bars
2026-01-02 18:53:24,718 | INFO | src.screener.excel_screener | PIDILITIND: Processing 60 bars
2026-01-02 18:53:24,722 | INFO | src.screener.excel_screener | ASIANPAINT: Processing 60 bars
2026-01-02 18:53:24,727 | INFO | src.screener.excel_screener | AARTIIND: Processing 60 bars
2026-01-02 18:53:24,733 | INFO | src.screener.excel_screener | LT: Processing 60 bars
2026-01-02 18:53:24,738 | INFO | src.screener.excel_screener | SIEMENS: Processing 60 bars
2026-01-02 18:53:24,742 | INFO | src.screener.excel_screener | ABB: Processing 59 bars
2026-01-02 18:53:24,747 | INFO | src.screener.excel_screener | BHEL: Processing 60 bars
2026-01-02 18:53:24,754 | INFO | src.screener.excel_screener | CUMMINSIND: Processing 60 bars
2026-01-02 18:53:24,758 | INFO | src.screener.excel_screener | APOLLOHOSP: Processing 60 bars
2026-01-02 18:53:24,762 | INFO | src.screener.excel_screener | MAXHEALTH: Processing 60 bars
2026-01-02 18:53:24,768 | INFO | src.screener.excel_screener | NH: Processing 60 bars
2026-01-02 18:53:24,772 | INFO | src.screener.excel_screener | FORTIS: Processing 60 bars
2026-01-02 18:53:24,776 | INFO | src.screener.excel_screener | MEDANTA: Processing 59 bars
2026-01-02 18:53:24,782 | INFO | src.screener.excel_screener | DLF: Processing 60 bars
2026-01-02 18:53:24,786 | INFO | src.screener.excel_screener | GODREJPROP: Processing 60 bars
2026-01-02 18:53:24,790 | INFO | src.screener.excel_screener | OBEROIRLTY: Processing 59 bars
2026-01-02 18:53:24,795 | INFO | src.screener.excel_screener | PRESTIGE: Processing 60 bars
2026-01-02 18:53:24,801 | INFO | src.screener.excel_screener | BRIGADE: Processing 60 bars
2026-01-02 18:53:24,805 | INFO | src.screener.excel_screener | TITAN: Processing 60 bars
2026-01-02 18:53:24,810 | INFO | src.screener.excel_screener | HAVELLS: Processing 60 bars
2026-01-02 18:53:24,815 | INFO | src.screener.excel_screener | VOLTAS: Processing 60 bars
2026-01-02 18:53:24,820 | INFO | src.screener.excel_screener | BLUESTARCO: Processing 59 bars
2026-01-02 18:53:24,825 | INFO | src.screener.excel_screener | CROMPTON: Processing 60 bars
2026-01-02 18:53:24,830 | INFO | src.screener.excel_screener | PAGEIND: Processing 58 bars
2026-01-02 18:53:24,835 | INFO | src.screener.excel_screener | ABFRL: Processing 60 bars
2026-01-02 18:53:24,840 | INFO | src.screener.excel_screener | RAYMOND: Processing 60 bars
2026-01-02 18:53:24,845 | INFO | src.screener.excel_screener | GRASIM: Processing 60 bars
2026-01-02 18:53:24,851 | INFO | src.screener.excel_screener | TRIDENT: Processing 60 bars
2026-01-02 18:53:24,855 | INFO | src.screener.excel_screener | ZEEL: Processing 60 bars
2026-01-02 18:53:24,860 | INFO | src.screener.excel_screener | PVRINOX: Processing 58 bars
2026-01-02 18:53:24,865 | INFO | src.screener.excel_screener | SUNTV: Processing 59 bars
2026-01-02 18:53:24,870 | INFO | src.screener.excel_screener | SAREGAMA: Processing 59 bars
2026-01-02 18:53:24,875 | INFO | src.screener.excel_screener | MAHLOG: Processing 59 bars
2026-01-02 18:53:24,881 | INFO | src.screener.excel_screener | BLUEDART: Processing 58 bars
2026-01-02 18:53:24,888 | INFO | src.screener.excel_screener | VRLLOG: Processing 59 bars
2026-01-02 18:53:24,893 | INFO | src.screener.excel_screener | TCIEXP: Processing 60 bars
2026-01-02 18:53:24,900 | INFO | src.screener.excel_screener | CONCOR: Processing 60 bars
2026-01-02 18:53:24,905 | INFO | src.screener.excel_screener | DMART: Processing 60 bars
2026-01-02 18:53:24,910 | INFO | src.screener.excel_screener | TRENT: Processing 60 bars
2026-01-02 18:53:24,917 | INFO | src.screener.excel_screener | VMART: Processing 59 bars
2026-01-02 18:53:24,923 | INFO | src.screener.excel_screener | SHOPERSTOP: Processing 59 bars
2026-01-02 18:53:24,927 | INFO | src.screener.excel_screener | RELAXO: Processing 59 bars
2026-01-02 18:53:24,933 | INFO | src.screener.excel_screener | HAL: Processing 60 bars
2026-01-02 18:53:24,938 | INFO | src.screener.excel_screener | BEL: Processing 60 bars
2026-01-02 18:53:24,943 | INFO | src.screener.excel_screener | BDL: Processing 60 bars
2026-01-02 18:53:24,948 | INFO | src.screener.excel_screener | MAZDOCK: Processing 60 bars
2026-01-02 18:53:24,953 | INFO | src.screener.excel_screener | SOLARINDS: Processing 60 bars
2026-01-02 18:53:24,958 | INFO | src.screener.excel_screener | SHRIRAMFIN: Processing 60 bars
2026-01-02 18:53:24,962 | INFO | src.screener.excel_screener | TATACONSUM: Processing 60 bars
2026-01-02 18:53:24,968 | INFO | src.screener.excel_screener | 
📊 REJECTION STATISTICS:
2026-01-02 18:53:24,969 | INFO | src.screener.excel_screener |    Total Processed: 100
2026-01-02 18:53:24,969 | INFO | src.screener.excel_screener |    Passed: 20
2026-01-02 18:53:24,969 | INFO | src.screener.excel_screener |    Rejected: 80
2026-01-02 18:53:24,969 | INFO | src.screener.excel_screener | 
   Top Rejection Reasons:
2026-01-02 18:53:24,970 | INFO | src.screener.excel_screener | Metrics calculated: 100, Passed: 20, Rejected: 80, Insufficient bars: 0, Missing data: 0
2026-01-02 18:53:24,971 | INFO | src.screener.excel_screener | Max trades (adjusted for BULLISH): 8
2026-01-02 18:53:24,971 | INFO | src.screener.excel_screener | 
============================================================
2026-01-02 18:53:24,972 | INFO | src.screener.excel_screener | TOP PICKS:
2026-01-02 18:53:24,972 | INFO | src.screener.excel_screener | ============================================================
2026-01-02 18:53:24,972 | INFO | src.screener.excel_screener | INDUSTOWER | Score:  45.29 | Price: Rs. 435.80 | BULLISH_TREND,STRONG_TREND
2026-01-02 18:53:24,973 | INFO | src.screener.excel_screener | RAYMOND    | Score:  40.43 | Price: Rs. 425.60 | STRONG_TREND
2026-01-02 18:53:24,973 | INFO | src.screener.excel_screener | HINDALCO   | Score:  38.74 | Price: Rs. 894.95 | BULLISH_TREND,STRONG_TREND
2026-01-02 18:53:24,973 | INFO | src.screener.excel_screener | CUMMINSIND | Score:  36.69 | Price: Rs.4470.60 | NEAR_EMA20,BULLISH_TREND,HIGH_VOLUME
2026-01-02 18:53:24,973 | INFO | src.screener.excel_screener | SRF        | Score:  35.14 | Price: Rs.3057.30 | NEAR_EMA20,BULLISH_TREND
2026-01-02 18:53:26,420 | INFO | src.screener.excel_screener | Written 8 results to Excel: SCREENER_OUTPUT
2026-01-02 18:53:27,008 | INFO | src.screener.excel_screener | ============================================================
2026-01-02 18:53:27,008 | INFO | src.screener.excel_screener | SCREENER COMPLETE
2026-01-02 18:53:27,009 | INFO | src.screener.excel_screener | ============================================================
2026-01-02 18:53:27,014 | INFO | src.core.risk_governor | Risk Governor evaluating trade: HINDALCO x 1
2026-01-02 18:53:27,014 | INFO | src.core.risk_manager | Risk assessment for HINDALCO: APPROVED (Score: 60.0, Level: MEDIUM)
2026-01-02 18:53:27,015 | INFO | src.core.risk_governor | Risk Governor final decision: APPROVE for HINDALCO
2026-01-02 18:53:27,015 | INFO | src.core.engine | HINDALCO: Risk Governor APPROVED
2026-01-02 18:53:27,017 | INFO | src.core.risk_governor | Risk Governor evaluating trade: INDUSTOWER x 1
2026-01-02 18:53:27,018 | INFO | src.core.risk_manager | Risk assessment for INDUSTOWER: APPROVED (Score: 10.0, Level: LOW)
2026-01-02 18:53:27,018 | INFO | src.core.risk_governor | Risk Governor final decision: APPROVE for INDUSTOWER
2026-01-02 18:53:27,018 | INFO | src.core.engine | INDUSTOWER: Risk Governor APPROVED
2026-01-02 18:53:27,021 | INFO | src.core.engine | INDUSTOWER: Order created | BUY 1 @ Rs.435.80 | SL: Rs.427.35, Target: Rs.462.20
2026-01-02 18:53:27,091 | WARNING | src.broker.zerodha | Order attempt 1 failed: Your order could not be converted to a After Market Order (AMO).. Retrying in 1s...
2026-01-02 18:53:28,163 | WARNING | src.broker.zerodha | Order attempt 2 failed: Your order could not be converted to a After Market Order (AMO).. Retrying in 2s...
2026-01-02 18:53:30,247 | ERROR | src.broker.zerodha | Order failed after 3 attempts
2026-01-02 18:53:30,251 | INFO | src.core.risk_governor | Risk Governor evaluating trade: UPL x 1
2026-01-02 18:53:30,252 | INFO | src.core.risk_manager | Risk assessment for UPL: APPROVED (Score: 60.0, Level: MEDIUM)
2026-01-02 18:53:30,252 | INFO | src.core.risk_governor | Risk Governor final decision: APPROVE for UPL
2026-01-02 18:53:30,252 | INFO | src.core.engine | UPL: Risk Governor APPROVED
2026-01-02 18:53:30,255 | INFO | src.core.engine | UPL: Order created | BUY 1 @ Rs.805.35 | SL: Rs.793.00, Target: Rs.844.00
2026-01-02 18:53:30,342 | WARNING | src.broker.zerodha | Order attempt 1 failed: Your order could not be converted to a After Market Order (AMO).. Retrying in 1s...
2026-01-02 18:53:31,422 | WARNING | src.broker.zerodha | Order attempt 2 failed: Your order could not be converted to a After Market Order (AMO).. Retrying in 2s...
2026-01-02 20:11:34,614 | INFO | config.enhanced_config_manager | Timing config loaded: enabled=False
2026-01-02 20:11:34,616 | INFO | src.core.risk_manager | Risk Manager initialized with comprehensive risk controls
2026-01-02 20:11:34,617 | INFO | src.screener.excel_screener | Excel screener initialized: MiniRobo.xlsx
2026-01-02 20:11:36,810 | INFO | src.screener.excel_screener | Loaded 100 enabled stocks from universe
2026-01-02 20:11:37,401 | INFO | src.core.warmup_manager | WarmupManager initialized for 10 symbols with 60 days lookback
2026-01-02 20:11:37,402 | INFO | src.core.warmup_manager | 🔥 Starting system warmup sequence...
2026-01-02 20:11:37,402 | INFO | src.core.warmup_manager |   🔄 Executing: load_market_data
2026-01-02 20:11:38,433 | ERROR | yfinance | $HDFCBANK: possibly delisted; no timezone found
2026-01-02 20:11:38,433 | WARNING | src.core.warmup_manager | Insufficient data for HDFCBANK: 0 days
2026-01-02 20:11:39,291 | ERROR | yfinance | HTTP Error 404: {"quoteSummary":{"result":null,"error":{"code":"Not Found","description":"Quote not found for symbol: ICICIBANK"}}}
2026-01-02 20:11:39,515 | ERROR | yfinance | $ICICIBANK: possibly delisted; no timezone found
2026-01-02 20:11:39,515 | WARNING | src.core.warmup_manager | Insufficient data for ICICIBANK: 0 days
2026-01-02 20:11:39,888 | ERROR | yfinance | $KOTAKBANK: possibly delisted; no timezone found
2026-01-02 20:11:39,889 | WARNING | src.core.warmup_manager | Insufficient data for KOTAKBANK: 0 days
2026-01-02 20:11:40,341 | ERROR | yfinance | $AXISBANK: possibly delisted; no timezone found
2026-01-02 20:11:40,342 | WARNING | src.core.warmup_manager | Insufficient data for AXISBANK: 0 days
2026-01-02 20:11:40,715 | ERROR | yfinance | $SBIN: possibly delisted; no timezone found
2026-01-02 20:11:40,716 | WARNING | src.core.warmup_manager | Insufficient data for SBIN: 0 days
2026-01-02 20:11:41,112 | ERROR | yfinance | $TCS: possibly delisted; no timezone found
2026-01-02 20:11:41,113 | WARNING | src.core.warmup_manager | Insufficient data for TCS: 0 days
2026-01-02 20:11:48,611 | ERROR | yfinance | $HCLTECH: possibly delisted; no timezone found
2026-01-02 20:11:48,612 | WARNING | src.core.warmup_manager | Insufficient data for HCLTECH: 0 days
2026-01-02 20:11:49,169 | ERROR | yfinance | $WIPRO: possibly delisted; no timezone found
2026-01-02 20:11:49,170 | WARNING | src.core.warmup_manager | Insufficient data for WIPRO: 0 days
2026-01-02 20:11:49,527 | ERROR | yfinance | $TECHM: possibly delisted; no timezone found
2026-01-02 20:11:49,529 | WARNING | src.core.warmup_manager | Insufficient data for TECHM: 0 days
2026-01-02 20:11:49,529 | INFO | src.core.warmup_manager | Market data loaded: 1/10 symbols, 41 total data points
2026-01-02 20:11:49,530 | INFO | src.core.warmup_manager |   ✅ Completed: load_market_data (12.13s, 41 data points)
2026-01-02 20:11:49,530 | INFO | src.core.warmup_manager |   🔄 Executing: calculate_indicators
2026-01-02 20:11:49,580 | INFO | src.core.warmup_manager | Technical indicators calculated: 13 total indicators
2026-01-02 20:11:49,580 | INFO | src.core.warmup_manager |   ✅ Completed: calculate_indicators (0.05s, 13 data points)
2026-01-02 20:11:49,580 | INFO | src.core.warmup_manager |   🔄 Executing: warmup_timing
2026-01-02 20:11:55,766 | ERROR | src.core.warmup_manager | Timing warmup failed: attempted relative import beyond top-level package
2026-01-02 20:11:55,766 | ERROR | src.core.warmup_manager |   ❌ Failed: warmup_timing (6.19s) - attempted relative import beyond top-level package
2026-01-02 20:11:55,767 | INFO | src.core.warmup_manager |   🔄 Executing: warmup_regime
2026-01-02 20:11:55,769 | INFO | src.core.warmup_manager | Market regime detection warmed up for 1 symbols
2026-01-02 20:11:55,769 | INFO | src.core.warmup_manager |   ✅ Completed: warmup_regime (0.00s, 1 data points)
2026-01-02 20:11:55,769 | INFO | src.core.warmup_manager |   🔄 Executing: warmup_strategies
2026-01-02 20:11:55,774 | INFO | src.core.warmup_manager | Adaptive strategy manager not available for warmup
2026-01-02 20:11:55,775 | INFO | src.core.warmup_manager | Strategy managers warmed up for 0 symbols
2026-01-02 20:11:55,775 | INFO | src.core.warmup_manager |   ✅ Completed: warmup_strategies (0.01s, 0 data points)
2026-01-02 20:11:55,775 | INFO | src.core.warmup_manager |   🔄 Executing: validate_warmup
2026-01-02 20:11:55,775 | ERROR | src.core.warmup_manager | Warmup validation failed: Only 1/10 symbols warmed
2026-01-02 20:11:55,776 | ERROR | src.core.warmup_manager |   ❌ Failed: validate_warmup (0.00s) - Only 1/10 symbols warmed
2026-01-02 20:11:55,776 | ERROR | src.core.warmup_manager | ❌ Warmup FAILED with 2 task failures
2026-01-02 20:11:55,776 | INFO | src.core.warmup_manager | ============================================================
2026-01-02 20:11:55,776 | INFO | src.core.warmup_manager | WARMUP SUMMARY
2026-01-02 20:11:55,776 | INFO | src.core.warmup_manager | ============================================================
2026-01-02 20:11:55,776 | INFO | src.core.warmup_manager | Status: FAILED
2026-01-02 20:11:55,777 | INFO | src.core.warmup_manager | Duration: 18.37 seconds
2026-01-02 20:11:55,777 | INFO | src.core.warmup_manager | Symbols warmed: 1/10
2026-01-02 20:11:55,777 | INFO | src.core.warmup_manager | Tasks completed: 4/6
2026-01-02 20:11:55,777 | INFO | src.core.warmup_manager | Failed tasks: 2
2026-01-02 20:11:55,777 | ERROR | src.core.warmup_manager |   - warmup_timing: attempted relative import beyond top-level package
2026-01-02 20:11:55,777 | ERROR | src.core.warmup_manager |   - validate_warmup: Only 1/10 symbols warmed
2026-01-02 20:11:55,777 | INFO | src.core.warmup_manager | Indicator Status:
2026-01-02 20:11:55,777 | INFO | src.core.warmup_manager |   ❌ SMA_20
2026-01-02 20:11:55,778 | INFO | src.core.warmup_manager |   ❌ SMA_50
2026-01-02 20:11:55,778 | INFO | src.core.warmup_manager |   ❌ EMA_12
2026-01-02 20:11:55,778 | INFO | src.core.warmup_manager |   ❌ EMA_26
2026-01-02 20:11:55,778 | INFO | src.core.warmup_manager |   ❌ RSI_14
2026-01-02 20:11:55,778 | INFO | src.core.warmup_manager |   ❌ MACD
2026-01-02 20:11:55,778 | INFO | src.core.warmup_manager |   ❌ ATR_14
2026-01-02 20:11:55,778 | INFO | src.core.warmup_manager |   ❌ BOLLINGER_BANDS
2026-01-02 20:11:55,778 | INFO | src.core.warmup_manager | ============================================================
2026-01-02 20:11:55,780 | INFO | src.utils.sector_manager | Sector manager initialized
2026-01-02 20:11:55,780 | INFO | src.core.risk_manager | Risk Manager initialized with comprehensive risk controls
2026-01-02 20:11:55,780 | INFO | src.core.risk_governor | Added risk rule: EmergencyStop (priority: 5)
2026-01-02 20:11:55,780 | INFO | src.core.risk_governor | Added risk rule: MarketHours (priority: 10)
2026-01-02 20:11:55,780 | INFO | src.core.risk_governor | Added risk rule: DailyLossLimit (priority: 15)
2026-01-02 20:11:55,781 | INFO | src.core.risk_governor | Added risk rule: VolatilityAdjustment (priority: 25)
2026-01-02 20:11:55,781 | INFO | src.core.risk_governor | Risk Governor initialized with 4 risk rules
2026-01-02 20:11:55,781 | INFO | src.core.warmup_manager | WarmupManager initialized for 100 symbols with 60 days lookback
2026-01-02 20:11:55,786 | WARNING | src.core.engine | Failed to initialize adaptive strategies: attempted relative import beyond top-level package
2026-01-02 20:11:55,786 | INFO | src.core.engine | Trading engine initialized with timing intelligence disabled
2026-01-02 20:11:55,787 | INFO | src.core.engine | Trading engine initialized with enhanced risk management
2026-01-02 20:11:55,787 | INFO | src.execution.adapter | Initialized PAPER execution adapter
2026-01-02 20:11:55,787 | INFO | src.broker.zerodha | ZerodhaBroker initialized in PAPER mode
2026-01-02 20:11:55,787 | INFO | src.broker.zerodha | Paper trading: No real connection required
2026-01-02 20:11:55,787 | INFO | src.execution.paper | Paper trading initialized
2026-01-02 20:11:55,787 | INFO | src.execution.paper | Paper trading mode initialized
2026-01-02 20:11:55,790 | INFO | src.core.system_arming | Added kill switch: emergency_file (Critical)
2026-01-02 20:11:55,790 | INFO | src.core.system_arming | Added kill switch: daily_loss_limit (Critical)
2026-01-02 20:11:55,791 | INFO | src.core.system_arming | Added kill switch: capital_availability (Critical)
2026-01-02 20:11:55,791 | INFO | src.core.system_arming | Added kill switch: market_hours (Non-critical)
2026-01-02 20:11:55,791 | INFO | src.core.system_arming | Added kill switch: system_health (Critical)
2026-01-02 20:11:55,791 | INFO | src.core.system_arming | Added kill switch: config_integrity (Critical)
2026-01-02 20:11:55,791 | INFO | src.core.system_arming | Added kill switch: state_integrity (Critical)
2026-01-02 20:11:55,791 | INFO | src.core.system_arming | System Arming initialized with 7 kill switches
2026-01-02 20:11:55,791 | INFO | src.core.system_arming | Starting system arming sequence...
2026-01-02 20:11:55,793 | ERROR | src.core.system_arming | Capital availability check failed: 'CapitalParameters' object has no attribute 'max_position_value'
2026-01-02 20:11:55,793 | ERROR | src.core.system_arming | Critical safety check failed: capital_availability
2026-01-02 20:12:01,056 | INFO | src.core.system_arming | Starting system arming sequence...
2026-01-02 20:12:01,059 | ERROR | src.core.system_arming | Capital availability check failed: 'CapitalParameters' object has no attribute 'max_position_value'
2026-01-02 20:12:01,085 | INFO | src.core.system_arming | 🔒 SYSTEM ARMED at 20:12:01
2026-01-02 20:12:01,086 | WARNING | src.core.system_arming | ⚠️  FORCE ARMED with 1 critical failures!
2026-01-02 20:12:01,088 | WARNING | src.core.engine | No regime manager available
2026-01-02 20:12:01,088 | INFO | src.screener.excel_screener | ============================================================
2026-01-02 20:12:01,088 | INFO | src.screener.excel_screener | STARTING EXCEL-DRIVEN SCREENER
2026-01-02 20:12:01,089 | INFO | src.screener.excel_screener | ============================================================
2026-01-02 20:12:02,494 | INFO | src.screener.excel_screener | Loaded 14 screener rules
2026-01-02 20:12:03,075 | INFO | src.screener.excel_screener | 
 ACTIVE FILTER RULES:
2026-01-02 20:12:04,576 | INFO | src.screener.excel_screener | Loaded 100 enabled stocks from universe
2026-01-02 20:12:06,448 | INFO | src.screener.excel_screener | Loaded sector mapping for 100 symbols
2026-01-02 20:12:07,137 | INFO | src.screener.excel_screener | Market Trend: BULLISH
2026-01-02 20:12:08,517 | INFO | src.screener.excel_screener | Successfully fetched data for 100/100 symbols
2026-01-02 20:12:08,518 | INFO | src.screener.excel_screener | Bulk data received: 100 symbols with data
2026-01-02 20:12:08,651 | INFO | src.screener.excel_screener | Starting screening of 100 symbols. Bulk data has 100 entries
2026-01-02 20:12:08,652 | INFO | src.screener.excel_screener | HDFCBANK: Processing 60 bars
2026-01-02 20:12:08,656 | INFO | src.screener.excel_screener | ICICIBANK: Processing 60 bars
2026-01-02 20:12:08,661 | INFO | src.screener.excel_screener | KOTAKBANK: Processing 60 bars
2026-01-02 20:12:08,667 | INFO | src.screener.excel_screener | AXISBANK: Processing 60 bars
2026-01-02 20:12:08,672 | INFO | src.screener.excel_screener | SBIN: Processing 60 bars
2026-01-02 20:12:08,675 | INFO | src.screener.excel_screener | TCS: Processing 60 bars
2026-01-02 20:12:08,681 | INFO | src.screener.excel_screener | INFY: Processing 60 bars
2026-01-02 20:12:08,685 | INFO | src.screener.excel_screener | HCLTECH: Processing 60 bars
2026-01-02 20:12:08,689 | INFO | src.screener.excel_screener | WIPRO: Processing 60 bars
2026-01-02 20:12:08,693 | INFO | src.screener.excel_screener | TECHM: Processing 60 bars
2026-01-02 20:12:08,699 | INFO | src.screener.excel_screener | SUNPHARMA: Processing 60 bars
2026-01-02 20:12:08,704 | INFO | src.screener.excel_screener | CIPLA: Processing 60 bars
2026-01-02 20:12:08,707 | INFO | src.screener.excel_screener | DRREDDY: Processing 60 bars
2026-01-02 20:12:08,714 | INFO | src.screener.excel_screener | LUPIN: Processing 60 bars
2026-01-02 20:12:08,719 | INFO | src.screener.excel_screener | TORNTPHARM: Processing 60 bars
2026-01-02 20:12:08,723 | INFO | src.screener.excel_screener | HINDUNILVR: Processing 60 bars
2026-01-02 20:12:08,729 | INFO | src.screener.excel_screener | ITC: Processing 60 bars
2026-01-02 20:12:08,735 | INFO | src.screener.excel_screener | NESTLEIND: Processing 60 bars
2026-01-02 20:12:08,739 | INFO | src.screener.excel_screener | BRITANNIA: Processing 59 bars
2026-01-02 20:12:08,743 | INFO | src.screener.excel_screener | DABUR: Processing 60 bars
2026-01-02 20:12:08,750 | INFO | src.screener.excel_screener | MARUTI: Processing 60 bars
2026-01-02 20:12:08,753 | INFO | src.screener.excel_screener | M&M: Processing 60 bars
2026-01-02 20:12:08,758 | INFO | src.screener.excel_screener | BAJAJ-AUTO: Processing 60 bars
2026-01-02 20:12:08,763 | INFO | src.screener.excel_screener | EICHERMOT: Processing 60 bars
2026-01-02 20:12:08,769 | INFO | src.screener.excel_screener | RELIANCE: Processing 60 bars
2026-01-02 20:12:08,772 | INFO | src.screener.excel_screener | ONGC: Processing 60 bars
2026-01-02 20:12:08,776 | INFO | src.screener.excel_screener | BPCL: Processing 60 bars
2026-01-02 20:12:08,782 | INFO | src.screener.excel_screener | IOC: Processing 60 bars
2026-01-02 20:12:08,823 | INFO | src.screener.excel_screener | GAIL: Processing 60 bars
2026-01-02 20:12:08,858 | INFO | src.screener.excel_screener | TATASTEEL: Processing 60 bars
2026-01-02 20:12:08,885 | INFO | src.screener.excel_screener | HINDALCO: Processing 60 bars
2026-01-02 20:12:08,891 | INFO | src.screener.excel_screener | JSWSTEEL: Processing 60 bars
2026-01-02 20:12:08,897 | INFO | src.screener.excel_screener | COALINDIA: Processing 60 bars
2026-01-02 20:12:08,909 | INFO | src.screener.excel_screener | VEDL: Processing 60 bars
2026-01-02 20:12:08,921 | INFO | src.screener.excel_screener | ULTRACEMCO: Processing 60 bars
2026-01-02 20:12:08,926 | INFO | src.screener.excel_screener | SHREECEM: Processing 58 bars
2026-01-02 20:12:08,932 | INFO | src.screener.excel_screener | AMBUJACEM: Processing 60 bars
2026-01-02 20:12:08,938 | INFO | src.screener.excel_screener | ACC: Processing 60 bars
2026-01-02 20:12:08,942 | INFO | src.screener.excel_screener | DALBHARAT: Processing 58 bars
2026-01-02 20:12:08,947 | INFO | src.screener.excel_screener | POWERGRID: Processing 60 bars
2026-01-02 20:12:08,952 | INFO | src.screener.excel_screener | NTPC: Processing 60 bars
2026-01-02 20:12:08,957 | INFO | src.screener.excel_screener | ADANIGREEN: Processing 60 bars
2026-01-02 20:12:08,961 | INFO | src.screener.excel_screener | TATAPOWER: Processing 60 bars
2026-01-02 20:12:08,967 | INFO | src.screener.excel_screener | JSWENERGY: Processing 60 bars
2026-01-02 20:12:08,971 | INFO | src.screener.excel_screener | BHARTIARTL: Processing 60 bars
2026-01-02 20:12:08,975 | INFO | src.screener.excel_screener | JIOFIN: Processing 58 bars
2026-01-02 20:12:08,980 | INFO | src.screener.excel_screener | IDEA: Processing 60 bars
2026-01-02 20:12:08,985 | INFO | src.screener.excel_screener | INDUSTOWER: Processing 60 bars
2026-01-02 20:12:08,989 | INFO | src.screener.excel_screener | TATACOMM: Processing 59 bars
2026-01-02 20:12:08,994 | INFO | src.screener.excel_screener | UPL: Processing 60 bars
2026-01-02 20:12:09,000 | INFO | src.screener.excel_screener | SRF: Processing 59 bars
2026-01-02 20:12:09,006 | INFO | src.screener.excel_screener | PIDILITIND: Processing 60 bars
2026-01-02 20:12:09,012 | INFO | src.screener.excel_screener | ASIANPAINT: Processing 60 bars
2026-01-02 20:12:09,018 | INFO | src.screener.excel_screener | AARTIIND: Processing 60 bars
2026-01-02 20:12:09,023 | INFO | src.screener.excel_screener | LT: Processing 60 bars
2026-01-02 20:12:09,027 | INFO | src.screener.excel_screener | SIEMENS: Processing 60 bars
2026-01-02 20:12:09,033 | INFO | src.screener.excel_screener | ABB: Processing 59 bars
2026-01-02 20:12:09,038 | INFO | src.screener.excel_screener | BHEL: Processing 60 bars
2026-01-02 20:12:09,042 | INFO | src.screener.excel_screener | CUMMINSIND: Processing 60 bars
2026-01-02 20:12:09,047 | INFO | src.screener.excel_screener | APOLLOHOSP: Processing 60 bars
2026-01-02 20:12:09,052 | INFO | src.screener.excel_screener | MAXHEALTH: Processing 60 bars
2026-01-02 20:12:09,056 | INFO | src.screener.excel_screener | NH: Processing 60 bars
2026-01-02 20:12:09,061 | INFO | src.screener.excel_screener | FORTIS: Processing 60 bars
2026-01-02 20:12:09,066 | INFO | src.screener.excel_screener | MEDANTA: Processing 59 bars
2026-01-02 20:12:09,072 | INFO | src.screener.excel_screener | DLF: Processing 60 bars
2026-01-02 20:12:09,076 | INFO | src.screener.excel_screener | GODREJPROP: Processing 60 bars
2026-01-02 20:12:09,083 | INFO | src.screener.excel_screener | OBEROIRLTY: Processing 59 bars
2026-01-02 20:12:09,088 | INFO | src.screener.excel_screener | PRESTIGE: Processing 60 bars
2026-01-02 20:12:09,092 | INFO | src.screener.excel_screener | BRIGADE: Processing 60 bars
2026-01-02 20:12:09,097 | INFO | src.screener.excel_screener | TITAN: Processing 60 bars
2026-01-02 20:12:09,103 | INFO | src.screener.excel_screener | HAVELLS: Processing 60 bars
2026-01-02 20:12:09,107 | INFO | src.screener.excel_screener | VOLTAS: Processing 60 bars
2026-01-02 20:12:09,111 | INFO | src.screener.excel_screener | BLUESTARCO: Processing 59 bars
2026-01-02 20:12:09,118 | INFO | src.screener.excel_screener | CROMPTON: Processing 60 bars
2026-01-02 20:12:09,122 | INFO | src.screener.excel_screener | PAGEIND: Processing 58 bars
2026-01-02 20:12:09,126 | INFO | src.screener.excel_screener | ABFRL: Processing 60 bars
2026-01-02 20:12:09,133 | INFO | src.screener.excel_screener | RAYMOND: Processing 60 bars
2026-01-02 20:12:09,137 | INFO | src.screener.excel_screener | GRASIM: Processing 60 bars
2026-01-02 20:12:09,141 | INFO | src.screener.excel_screener | TRIDENT: Processing 60 bars
2026-01-02 20:12:09,146 | INFO | src.screener.excel_screener | ZEEL: Processing 60 bars
2026-01-02 20:12:09,151 | INFO | src.screener.excel_screener | PVRINOX: Processing 58 bars
2026-01-02 20:12:09,155 | INFO | src.screener.excel_screener | SUNTV: Processing 59 bars
2026-01-02 20:12:09,159 | INFO | src.screener.excel_screener | SAREGAMA: Processing 59 bars
2026-01-02 20:12:09,165 | INFO | src.screener.excel_screener | MAHLOG: Processing 59 bars
2026-01-02 20:12:09,169 | INFO | src.screener.excel_screener | BLUEDART: Processing 58 bars
2026-01-02 20:12:09,173 | INFO | src.screener.excel_screener | VRLLOG: Processing 59 bars
2026-01-02 20:12:09,177 | INFO | src.screener.excel_screener | TCIEXP: Processing 60 bars
2026-01-02 20:12:09,182 | INFO | src.screener.excel_screener | CONCOR: Processing 60 bars
2026-01-02 20:12:09,187 | INFO | src.screener.excel_screener | DMART: Processing 60 bars
2026-01-02 20:12:09,192 | INFO | src.screener.excel_screener | TRENT: Processing 60 bars
2026-01-02 20:12:09,200 | INFO | src.screener.excel_screener | VMART: Processing 59 bars
2026-01-02 20:12:09,205 | INFO | src.screener.excel_screener | SHOPERSTOP: Processing 59 bars
2026-01-02 20:12:09,210 | INFO | src.screener.excel_screener | RELAXO: Processing 59 bars
2026-01-02 20:12:09,215 | INFO | src.screener.excel_screener | HAL: Processing 60 bars
2026-01-02 20:12:09,220 | INFO | src.screener.excel_screener | BEL: Processing 60 bars
2026-01-02 20:12:09,224 | INFO | src.screener.excel_screener | BDL: Processing 60 bars
2026-01-02 20:12:09,229 | INFO | src.screener.excel_screener | MAZDOCK: Processing 60 bars
2026-01-02 20:12:09,234 | INFO | src.screener.excel_screener | SOLARINDS: Processing 60 bars
2026-01-02 20:12:09,239 | INFO | src.screener.excel_screener | SHRIRAMFIN: Processing 60 bars
2026-01-02 20:12:09,243 | INFO | src.screener.excel_screener | TATACONSUM: Processing 60 bars
2026-01-02 20:12:09,249 | INFO | src.screener.excel_screener | 
📊 REJECTION STATISTICS:
2026-01-02 20:12:09,250 | INFO | src.screener.excel_screener |    Total Processed: 100
2026-01-02 20:12:09,250 | INFO | src.screener.excel_screener |    Passed: 20
2026-01-02 20:12:09,250 | INFO | src.screener.excel_screener |    Rejected: 80
2026-01-02 20:12:09,250 | INFO | src.screener.excel_screener | 
   Top Rejection Reasons:
2026-01-02 20:12:09,250 | INFO | src.screener.excel_screener | Metrics calculated: 100, Passed: 20, Rejected: 80, Insufficient bars: 0, Missing data: 0
2026-01-02 20:12:09,253 | INFO | src.screener.excel_screener | Max trades (adjusted for BULLISH): 8
2026-01-02 20:12:09,253 | INFO | src.screener.excel_screener | 
============================================================
2026-01-02 20:12:09,253 | INFO | src.screener.excel_screener | TOP PICKS:
2026-01-02 20:12:09,253 | INFO | src.screener.excel_screener | ============================================================
2026-01-02 20:12:09,254 | INFO | src.screener.excel_screener | INDUSTOWER | Score:  45.29 | Price: Rs. 435.80 | BULLISH_TREND,STRONG_TREND
2026-01-02 20:12:09,254 | INFO | src.screener.excel_screener | RAYMOND    | Score:  40.43 | Price: Rs. 425.60 | STRONG_TREND
2026-01-02 20:12:09,255 | INFO | src.screener.excel_screener | HINDALCO   | Score:  38.74 | Price: Rs. 894.95 | BULLISH_TREND,STRONG_TREND
2026-01-02 20:12:09,255 | INFO | src.screener.excel_screener | CUMMINSIND | Score:  36.69 | Price: Rs.4470.60 | NEAR_EMA20,BULLISH_TREND,HIGH_VOLUME
2026-01-02 20:12:09,255 | INFO | src.screener.excel_screener | SRF        | Score:  35.14 | Price: Rs.3057.30 | NEAR_EMA20,BULLISH_TREND
2026-01-02 20:12:10,810 | INFO | src.screener.excel_screener | Written 8 results to Excel: SCREENER_OUTPUT
2026-01-02 20:12:11,389 | INFO | src.screener.excel_screener | ============================================================
2026-01-02 20:12:11,390 | INFO | src.screener.excel_screener | SCREENER COMPLETE
2026-01-02 20:12:11,390 | INFO | src.screener.excel_screener | ============================================================
2026-01-02 20:12:11,407 | WARNING | src.core.engine | DUPLICATE PREVENTED: HINDALCO has pending order | order_id: ORD_HINDALCO_1767147605717 | qty: 2
2026-01-02 20:12:11,412 | INFO | src.core.risk_governor | Risk Governor evaluating trade: INDUSTOWER x 2
2026-01-02 20:12:11,413 | INFO | src.core.risk_manager | Risk assessment for INDUSTOWER: APPROVED (Score: 40.0, Level: MEDIUM)
2026-01-02 20:12:11,413 | WARNING | src.core.risk_governor | Risk Governor final decision: MODIFY for INDUSTOWER
2026-01-02 20:12:11,413 | INFO | src.core.engine | INDUSTOWER: Risk Governor MODIFIED order - New qty: 1, Reasons: Position size adjusted by risk assessment: 0.86x
2026-01-02 20:12:11,417 | INFO | src.core.risk_governor | Risk Governor evaluating trade: UPL x 2
2026-01-02 20:12:11,418 | INFO | src.core.risk_manager | Risk assessment for UPL: APPROVED (Score: 40.0, Level: MEDIUM)
2026-01-02 20:12:11,418 | WARNING | src.core.risk_governor | Risk Governor final decision: MODIFY for UPL
2026-01-02 20:12:11,419 | INFO | src.core.engine | UPL: Risk Governor MODIFIED order - New qty: 1, Reasons: Position size adjusted by risk assessment: 0.47x
2026-01-02 20:12:11,422 | INFO | src.core.risk_governor | Risk Governor evaluating trade: SRF x 1
2026-01-02 20:12:11,423 | INFO | src.core.risk_manager | Risk assessment for SRF: APPROVED (Score: 60.0, Level: MEDIUM)
2026-01-02 20:12:11,423 | INFO | src.core.risk_governor | Risk Governor final decision: APPROVE for SRF
2026-01-02 20:12:11,423 | INFO | src.core.engine | SRF: Risk Governor APPROVED
2026-01-02 20:12:11,425 | INFO | src.core.risk_governor | Risk Governor evaluating trade: CUMMINSIND x 1
2026-01-02 20:12:11,426 | INFO | src.core.risk_manager | Risk assessment for CUMMINSIND: APPROVED (Score: 60.0, Level: MEDIUM)
2026-01-02 20:12:11,426 | INFO | src.core.risk_governor | Risk Governor final decision: APPROVE for CUMMINSIND
2026-01-02 20:12:11,426 | INFO | src.core.engine | CUMMINSIND: Risk Governor APPROVED
2026-01-02 20:12:11,429 | INFO | src.core.risk_governor | Risk Governor evaluating trade: RAYMOND x 2
2026-01-02 20:12:11,430 | INFO | src.core.risk_manager | Risk assessment for RAYMOND: APPROVED (Score: 40.0, Level: MEDIUM)
2026-01-02 20:12:11,430 | WARNING | src.core.risk_governor | Risk Governor final decision: MODIFY for RAYMOND
2026-01-02 20:12:11,430 | INFO | src.core.engine | RAYMOND: Risk Governor MODIFIED order - New qty: 1, Reasons: Position size adjusted by risk assessment: 0.88x
2026-01-02 20:12:11,432 | INFO | src.core.risk_governor | Risk Governor evaluating trade: BLUEDART x 1
2026-01-02 20:12:11,432 | INFO | src.core.risk_manager | Risk assessment for BLUEDART: APPROVED (Score: 60.0, Level: MEDIUM)
2026-01-02 20:12:11,432 | INFO | src.core.risk_governor | Risk Governor final decision: APPROVE for BLUEDART
2026-01-02 20:12:11,433 | INFO | src.core.engine | BLUEDART: Risk Governor APPROVED
2026-01-02 20:12:11,436 | INFO | src.core.risk_governor | Risk Governor evaluating trade: TATACONSUM x 1
2026-01-02 20:12:11,436 | INFO | src.core.risk_manager | Risk assessment for TATACONSUM: APPROVED (Score: 40.0, Level: MEDIUM)
2026-01-02 20:12:11,437 | INFO | src.core.risk_governor | Risk Governor final decision: APPROVE for TATACONSUM
2026-01-02 20:12:11,437 | INFO | src.core.engine | TATACONSUM: Risk Governor APPROVED
