2026-01-03 08:56:56,481 | INFO | config.enhanced_config_manager | Timing config loaded: enabled=False
2026-01-03 08:56:56,483 | INFO | src.core.risk_manager | Risk Manager initialized with comprehensive risk controls
2026-01-03 08:56:56,484 | INFO | src.screener.excel_screener | Excel screener initialized: MiniRobo.xlsx
2026-01-03 08:56:58,916 | INFO | src.screener.excel_screener | Loaded 100 enabled stocks from universe
2026-01-03 08:56:59,509 | INFO | src.core.warmup_manager | WarmupManager initialized for 10 symbols with 60 days lookback
2026-01-03 08:56:59,509 | INFO | src.core.warmup_manager | 🔥 Starting system warmup sequence...
2026-01-03 08:56:59,509 | INFO | src.core.warmup_manager |   🔄 Executing: load_market_data
2026-01-03 08:57:00,472 | ERROR | yfinance | $HDFCBANK: possibly delisted; no timezone found
2026-01-03 08:57:00,472 | WARNING | src.core.warmup_manager | Insufficient data for HDFCBANK: 0 days
2026-01-03 08:57:01,326 | ERROR | yfinance | HTTP Error 404: {"quoteSummary":{"result":null,"error":{"code":"Not Found","description":"Quote not found for symbol: ICICIBANK"}}}
2026-01-03 08:57:01,517 | ERROR | yfinance | $ICICIBANK: possibly delisted; no timezone found
2026-01-03 08:57:01,518 | WARNING | src.core.warmup_manager | Insufficient data for ICICIBANK: 0 days
2026-01-03 08:57:01,889 | ERROR | yfinance | $KOTAKBANK: possibly delisted; no timezone found
2026-01-03 08:57:01,889 | WARNING | src.core.warmup_manager | Insufficient data for KOTAKBANK: 0 days
2026-01-03 08:57:02,228 | ERROR | yfinance | $AXISBANK: possibly delisted; no timezone found
2026-01-03 08:57:02,228 | WARNING | src.core.warmup_manager | Insufficient data for AXISBANK: 0 days
2026-01-03 08:57:02,595 | ERROR | yfinance | $SBIN: possibly delisted; no timezone found
2026-01-03 08:57:02,596 | WARNING | src.core.warmup_manager | Insufficient data for SBIN: 0 days
2026-01-03 08:57:02,948 | ERROR | yfinance | $TCS: possibly delisted; no timezone found
2026-01-03 08:57:02,949 | WARNING | src.core.warmup_manager | Insufficient data for TCS: 0 days
2026-01-03 08:57:11,446 | ERROR | yfinance | $HCLTECH: possibly delisted; no timezone found
2026-01-03 08:57:11,447 | WARNING | src.core.warmup_manager | Insufficient data for HCLTECH: 0 days
2026-01-03 08:57:11,787 | ERROR | yfinance | $WIPRO: possibly delisted; no timezone found
2026-01-03 08:57:11,788 | WARNING | src.core.warmup_manager | Insufficient data for WIPRO: 0 days
2026-01-03 08:57:12,266 | ERROR | yfinance | $TECHM: possibly delisted; no timezone found
2026-01-03 08:57:12,267 | WARNING | src.core.warmup_manager | Insufficient data for TECHM: 0 days
2026-01-03 08:57:12,267 | INFO | src.core.warmup_manager | Market data loaded: 1/10 symbols, 41 total data points
2026-01-03 08:57:12,267 | INFO | src.core.warmup_manager |   ✅ Completed: load_market_data (12.76s, 41 data points)
2026-01-03 08:57:12,267 | INFO | src.core.warmup_manager |   🔄 Executing: calculate_indicators
2026-01-03 08:57:12,318 | INFO | src.core.warmup_manager | Technical indicators calculated: 13 total indicators
2026-01-03 08:57:12,318 | INFO | src.core.warmup_manager |   ✅ Completed: calculate_indicators (0.05s, 13 data points)
2026-01-03 08:57:12,318 | INFO | src.core.warmup_manager |   🔄 Executing: warmup_timing
2026-01-03 08:57:18,582 | ERROR | src.core.warmup_manager | Timing warmup failed: attempted relative import beyond top-level package
2026-01-03 08:57:18,582 | ERROR | src.core.warmup_manager |   ❌ Failed: warmup_timing (6.26s) - attempted relative import beyond top-level package
2026-01-03 08:57:18,582 | INFO | src.core.warmup_manager |   🔄 Executing: warmup_regime
2026-01-03 08:57:18,584 | INFO | src.core.warmup_manager | Market regime detection warmed up for 1 symbols
2026-01-03 08:57:18,584 | INFO | src.core.warmup_manager |   ✅ Completed: warmup_regime (0.00s, 1 data points)
2026-01-03 08:57:18,584 | INFO | src.core.warmup_manager |   🔄 Executing: warmup_strategies
2026-01-03 08:57:18,588 | INFO | src.core.warmup_manager | Adaptive strategy manager not available for warmup
2026-01-03 08:57:18,588 | INFO | src.core.warmup_manager | Strategy managers warmed up for 0 symbols
2026-01-03 08:57:18,588 | INFO | src.core.warmup_manager |   ✅ Completed: warmup_strategies (0.00s, 0 data points)
2026-01-03 08:57:18,588 | INFO | src.core.warmup_manager |   🔄 Executing: validate_warmup
2026-01-03 08:57:18,588 | ERROR | src.core.warmup_manager | Warmup validation failed: Only 1/10 symbols warmed
2026-01-03 08:57:18,589 | ERROR | src.core.warmup_manager |   ❌ Failed: validate_warmup (0.00s) - Only 1/10 symbols warmed
2026-01-03 08:57:18,589 | ERROR | src.core.warmup_manager | ❌ Warmup FAILED with 2 task failures
2026-01-03 08:57:18,589 | INFO | src.core.warmup_manager | ============================================================
2026-01-03 08:57:18,589 | INFO | src.core.warmup_manager | WARMUP SUMMARY
2026-01-03 08:57:18,589 | INFO | src.core.warmup_manager | ============================================================
2026-01-03 08:57:18,589 | INFO | src.core.warmup_manager | Status: FAILED
2026-01-03 08:57:18,590 | INFO | src.core.warmup_manager | Duration: 19.08 seconds
2026-01-03 08:57:18,590 | INFO | src.core.warmup_manager | Symbols warmed: 1/10
2026-01-03 08:57:18,590 | INFO | src.core.warmup_manager | Tasks completed: 4/6
2026-01-03 08:57:18,590 | INFO | src.core.warmup_manager | Failed tasks: 2
2026-01-03 08:57:18,590 | ERROR | src.core.warmup_manager |   - warmup_timing: attempted relative import beyond top-level package
2026-01-03 08:57:18,590 | ERROR | src.core.warmup_manager |   - validate_warmup: Only 1/10 symbols warmed
2026-01-03 08:57:18,590 | INFO | src.core.warmup_manager | Indicator Status:
2026-01-03 08:57:18,591 | INFO | src.core.warmup_manager |   ❌ SMA_20
2026-01-03 08:57:18,591 | INFO | src.core.warmup_manager |   ❌ SMA_50
2026-01-03 08:57:18,591 | INFO | src.core.warmup_manager |   ❌ EMA_12
2026-01-03 08:57:18,591 | INFO | src.core.warmup_manager |   ❌ EMA_26
2026-01-03 08:57:18,591 | INFO | src.core.warmup_manager |   ❌ RSI_14
2026-01-03 08:57:18,591 | INFO | src.core.warmup_manager |   ❌ MACD
2026-01-03 08:57:18,591 | INFO | src.core.warmup_manager |   ❌ ATR_14
2026-01-03 08:57:18,591 | INFO | src.core.warmup_manager |   ❌ BOLLINGER_BANDS
2026-01-03 08:57:18,592 | INFO | src.core.warmup_manager | ============================================================
2026-01-03 08:57:18,593 | INFO | src.utils.sector_manager | Sector manager initialized
2026-01-03 08:57:18,593 | INFO | src.core.risk_manager | Risk Manager initialized with comprehensive risk controls
2026-01-03 08:57:18,593 | INFO | src.core.risk_governor | Added risk rule: EmergencyStop (priority: 5)
2026-01-03 08:57:18,593 | INFO | src.core.risk_governor | Added risk rule: MarketHours (priority: 10)
2026-01-03 08:57:18,593 | INFO | src.core.risk_governor | Added risk rule: DailyLossLimit (priority: 15)
2026-01-03 08:57:18,593 | INFO | src.core.risk_governor | Added risk rule: VolatilityAdjustment (priority: 25)
2026-01-03 08:57:18,593 | INFO | src.core.risk_governor | Risk Governor initialized with 4 risk rules
2026-01-03 08:57:18,593 | INFO | src.core.warmup_manager | WarmupManager initialized for 100 symbols with 60 days lookback
2026-01-03 08:57:18,600 | WARNING | src.core.engine | Failed to initialize adaptive strategies: attempted relative import beyond top-level package
2026-01-03 08:57:18,601 | INFO | src.core.engine | Trading engine initialized with timing intelligence disabled
2026-01-03 08:57:18,601 | INFO | src.core.engine | Trading engine initialized with enhanced risk management
2026-01-03 08:57:18,601 | INFO | src.execution.adapter | Initialized PAPER execution adapter
2026-01-03 08:57:18,601 | INFO | src.broker.zerodha | ZerodhaBroker initialized in PAPER mode
2026-01-03 08:57:18,601 | INFO | src.broker.zerodha | Paper trading: No real connection required
2026-01-03 08:57:18,601 | INFO | src.execution.paper | Paper trading initialized
2026-01-03 08:57:18,601 | INFO | src.execution.paper | Paper trading mode initialized
2026-01-03 08:57:18,603 | INFO | src.core.system_arming | Added kill switch: emergency_file (Critical)
2026-01-03 08:57:18,603 | INFO | src.core.system_arming | Added kill switch: daily_loss_limit (Critical)
2026-01-03 08:57:18,604 | INFO | src.core.system_arming | Added kill switch: capital_availability (Critical)
2026-01-03 08:57:18,604 | INFO | src.core.system_arming | Added kill switch: market_hours (Non-critical)
2026-01-03 08:57:18,604 | INFO | src.core.system_arming | Added kill switch: system_health (Critical)
2026-01-03 08:57:18,604 | INFO | src.core.system_arming | Added kill switch: config_integrity (Critical)
2026-01-03 08:57:18,604 | INFO | src.core.system_arming | Added kill switch: state_integrity (Critical)
2026-01-03 08:57:18,604 | INFO | src.core.system_arming | System Arming initialized with 7 kill switches
2026-01-03 08:57:18,604 | INFO | src.core.system_arming | Starting system arming sequence...
2026-01-03 08:57:18,605 | ERROR | src.core.system_arming | Capital availability check failed: 'CapitalParameters' object has no attribute 'max_position_value'
2026-01-03 08:57:18,606 | ERROR | src.core.system_arming | Critical safety check failed: capital_availability
2026-01-03 08:57:25,872 | INFO | src.core.system_arming | Starting system arming sequence...
2026-01-03 08:57:25,874 | ERROR | src.core.system_arming | Capital availability check failed: 'CapitalParameters' object has no attribute 'max_position_value'
2026-01-03 08:57:25,900 | INFO | src.core.system_arming | 🔒 SYSTEM ARMED at 08:57:25
2026-01-03 08:57:25,901 | WARNING | src.core.system_arming | ⚠️  FORCE ARMED with 1 critical failures!
2026-01-03 08:57:25,902 | WARNING | src.core.engine | No regime manager available
2026-01-03 08:57:25,903 | INFO | src.screener.excel_screener | ============================================================
2026-01-03 08:57:25,903 | INFO | src.screener.excel_screener | STARTING EXCEL-DRIVEN SCREENER
2026-01-03 08:57:25,903 | INFO | src.screener.excel_screener | ============================================================
2026-01-03 08:57:27,577 | INFO | src.screener.excel_screener | Loaded 14 screener rules
2026-01-03 08:57:28,193 | INFO | src.screener.excel_screener | 
 ACTIVE FILTER RULES:
2026-01-03 08:57:29,763 | INFO | src.screener.excel_screener | Loaded 100 enabled stocks from universe
2026-01-03 08:57:31,939 | INFO | src.screener.excel_screener | Loaded sector mapping for 100 symbols
2026-01-03 08:57:32,759 | INFO | src.screener.excel_screener | Market Trend: BULLISH
2026-01-03 08:57:50,367 | INFO | src.screener.excel_screener | Successfully fetched data for 100/100 symbols
2026-01-03 08:57:50,367 | INFO | src.screener.excel_screener | Bulk data received: 100 symbols with data
2026-01-03 08:57:50,538 | INFO | src.screener.excel_screener | Starting screening of 100 symbols. Bulk data has 100 entries
2026-01-03 08:57:50,538 | INFO | src.screener.excel_screener | HDFCBANK: Processing 60 bars
2026-01-03 08:57:50,543 | INFO | src.screener.excel_screener | ICICIBANK: Processing 60 bars
2026-01-03 08:57:50,549 | INFO | src.screener.excel_screener | KOTAKBANK: Processing 60 bars
2026-01-03 08:57:50,553 | INFO | src.screener.excel_screener | AXISBANK: Processing 60 bars
2026-01-03 08:57:50,563 | INFO | src.screener.excel_screener | SBIN: Processing 60 bars
2026-01-03 08:57:50,569 | INFO | src.screener.excel_screener | TCS: Processing 60 bars
2026-01-03 08:57:50,577 | INFO | src.screener.excel_screener | INFY: Processing 60 bars
2026-01-03 08:57:50,583 | INFO | src.screener.excel_screener | HCLTECH: Processing 60 bars
2026-01-03 08:57:50,587 | INFO | src.screener.excel_screener | WIPRO: Processing 60 bars
2026-01-03 08:57:50,592 | INFO | src.screener.excel_screener | TECHM: Processing 60 bars
2026-01-03 08:57:50,599 | INFO | src.screener.excel_screener | SUNPHARMA: Processing 60 bars
2026-01-03 08:57:50,604 | INFO | src.screener.excel_screener | CIPLA: Processing 60 bars
2026-01-03 08:57:50,610 | INFO | src.screener.excel_screener | DRREDDY: Processing 60 bars
2026-01-03 08:57:50,617 | INFO | src.screener.excel_screener | LUPIN: Processing 60 bars
2026-01-03 08:57:50,621 | INFO | src.screener.excel_screener | TORNTPHARM: Processing 60 bars
2026-01-03 08:57:50,627 | INFO | src.screener.excel_screener | HINDUNILVR: Processing 60 bars
2026-01-03 08:57:50,634 | INFO | src.screener.excel_screener | ITC: Processing 60 bars
2026-01-03 08:57:50,639 | INFO | src.screener.excel_screener | NESTLEIND: Processing 60 bars
2026-01-03 08:57:50,646 | INFO | src.screener.excel_screener | BRITANNIA: Processing 59 bars
2026-01-03 08:57:50,651 | INFO | src.screener.excel_screener | DABUR: Processing 60 bars
2026-01-03 08:57:50,656 | INFO | src.screener.excel_screener | MARUTI: Processing 60 bars
2026-01-03 08:57:50,662 | INFO | src.screener.excel_screener | M&M: Processing 60 bars
2026-01-03 08:57:50,667 | INFO | src.screener.excel_screener | BAJAJ-AUTO: Processing 60 bars
2026-01-03 08:57:50,672 | INFO | src.screener.excel_screener | EICHERMOT: Processing 60 bars
2026-01-03 08:57:50,682 | INFO | src.screener.excel_screener | RELIANCE: Processing 60 bars
2026-01-03 08:57:50,687 | INFO | src.screener.excel_screener | ONGC: Processing 60 bars
2026-01-03 08:57:50,692 | INFO | src.screener.excel_screener | BPCL: Processing 60 bars
2026-01-03 08:57:50,699 | INFO | src.screener.excel_screener | IOC: Processing 60 bars
2026-01-03 08:57:50,703 | INFO | src.screener.excel_screener | GAIL: Processing 60 bars
2026-01-03 08:57:50,708 | INFO | src.screener.excel_screener | TATASTEEL: Processing 60 bars
2026-01-03 08:57:50,714 | INFO | src.screener.excel_screener | HINDALCO: Processing 60 bars
2026-01-03 08:57:50,719 | INFO | src.screener.excel_screener | JSWSTEEL: Processing 60 bars
2026-01-03 08:57:50,725 | INFO | src.screener.excel_screener | COALINDIA: Processing 60 bars
2026-01-03 08:57:50,734 | INFO | src.screener.excel_screener | VEDL: Processing 60 bars
2026-01-03 08:57:50,739 | INFO | src.screener.excel_screener | ULTRACEMCO: Processing 60 bars
2026-01-03 08:57:50,746 | INFO | src.screener.excel_screener | SHREECEM: Processing 58 bars
2026-01-03 08:57:50,752 | INFO | src.screener.excel_screener | AMBUJACEM: Processing 60 bars
2026-01-03 08:57:50,759 | INFO | src.screener.excel_screener | ACC: Processing 60 bars
2026-01-03 08:57:50,769 | INFO | src.screener.excel_screener | DALBHARAT: Processing 58 bars
2026-01-03 08:57:50,775 | INFO | src.screener.excel_screener | POWERGRID: Processing 60 bars
2026-01-03 08:57:50,786 | INFO | src.screener.excel_screener | NTPC: Processing 60 bars
2026-01-03 08:57:50,795 | INFO | src.screener.excel_screener | ADANIGREEN: Processing 60 bars
2026-01-03 08:57:50,803 | INFO | src.screener.excel_screener | TATAPOWER: Processing 60 bars
2026-01-03 08:57:50,809 | INFO | src.screener.excel_screener | JSWENERGY: Processing 60 bars
2026-01-03 08:57:50,817 | INFO | src.screener.excel_screener | BHARTIARTL: Processing 60 bars
2026-01-03 08:57:50,822 | INFO | src.screener.excel_screener | JIOFIN: Processing 58 bars
2026-01-03 08:57:50,830 | INFO | src.screener.excel_screener | IDEA: Processing 60 bars
2026-01-03 08:57:50,835 | INFO | src.screener.excel_screener | INDUSTOWER: Processing 60 bars
2026-01-03 08:57:50,841 | INFO | src.screener.excel_screener | TATACOMM: Processing 59 bars
2026-01-03 08:57:50,849 | INFO | src.screener.excel_screener | UPL: Processing 60 bars
2026-01-03 08:57:50,854 | INFO | src.screener.excel_screener | SRF: Processing 59 bars
2026-01-03 08:57:50,859 | INFO | src.screener.excel_screener | PIDILITIND: Processing 60 bars
2026-01-03 08:57:50,867 | INFO | src.screener.excel_screener | ASIANPAINT: Processing 60 bars
2026-01-03 08:57:50,871 | INFO | src.screener.excel_screener | AARTIIND: Processing 60 bars
2026-01-03 08:57:50,880 | INFO | src.screener.excel_screener | LT: Processing 60 bars
2026-01-03 08:57:50,886 | INFO | src.screener.excel_screener | SIEMENS: Processing 60 bars
2026-01-03 08:57:50,891 | INFO | src.screener.excel_screener | ABB: Processing 59 bars
2026-01-03 08:57:50,900 | INFO | src.screener.excel_screener | BHEL: Processing 60 bars
2026-01-03 08:57:50,907 | INFO | src.screener.excel_screener | CUMMINSIND: Processing 60 bars
2026-01-03 08:57:50,916 | INFO | src.screener.excel_screener | APOLLOHOSP: Processing 60 bars
2026-01-03 08:57:50,923 | INFO | src.screener.excel_screener | MAXHEALTH: Processing 60 bars
2026-01-03 08:57:50,932 | INFO | src.screener.excel_screener | NH: Processing 60 bars
2026-01-03 08:57:50,938 | INFO | src.screener.excel_screener | FORTIS: Processing 60 bars
2026-01-03 08:57:50,943 | INFO | src.screener.excel_screener | MEDANTA: Processing 59 bars
2026-01-03 08:57:50,952 | INFO | src.screener.excel_screener | DLF: Processing 60 bars
2026-01-03 08:57:50,959 | INFO | src.screener.excel_screener | GODREJPROP: Processing 60 bars
2026-01-03 08:57:50,967 | INFO | src.screener.excel_screener | OBEROIRLTY: Processing 59 bars
2026-01-03 08:57:50,974 | INFO | src.screener.excel_screener | PRESTIGE: Processing 60 bars
2026-01-03 08:57:50,982 | INFO | src.screener.excel_screener | BRIGADE: Processing 60 bars
2026-01-03 08:57:50,988 | INFO | src.screener.excel_screener | TITAN: Processing 60 bars
2026-01-03 08:57:50,997 | INFO | src.screener.excel_screener | HAVELLS: Processing 60 bars
2026-01-03 08:57:51,005 | INFO | src.screener.excel_screener | VOLTAS: Processing 60 bars
2026-01-03 08:57:51,014 | INFO | src.screener.excel_screener | BLUESTARCO: Processing 59 bars
2026-01-03 08:57:51,021 | INFO | src.screener.excel_screener | CROMPTON: Processing 60 bars
2026-01-03 08:57:51,027 | INFO | src.screener.excel_screener | PAGEIND: Processing 58 bars
2026-01-03 08:57:51,035 | INFO | src.screener.excel_screener | ABFRL: Processing 60 bars
2026-01-03 08:57:51,041 | INFO | src.screener.excel_screener | RAYMOND: Processing 60 bars
2026-01-03 08:57:51,048 | INFO | src.screener.excel_screener | GRASIM: Processing 60 bars
2026-01-03 08:57:51,057 | INFO | src.screener.excel_screener | TRIDENT: Processing 60 bars
2026-01-03 08:57:51,065 | INFO | src.screener.excel_screener | ZEEL: Processing 60 bars
2026-01-03 08:57:51,073 | INFO | src.screener.excel_screener | PVRINOX: Processing 58 bars
2026-01-03 08:57:51,082 | INFO | src.screener.excel_screener | SUNTV: Processing 59 bars
2026-01-03 08:57:51,089 | INFO | src.screener.excel_screener | SAREGAMA: Processing 59 bars
2026-01-03 08:57:51,096 | INFO | src.screener.excel_screener | MAHLOG: Processing 59 bars
2026-01-03 08:57:51,102 | INFO | src.screener.excel_screener | BLUEDART: Processing 58 bars
2026-01-03 08:57:51,109 | INFO | src.screener.excel_screener | VRLLOG: Processing 59 bars
2026-01-03 08:57:51,117 | INFO | src.screener.excel_screener | TCIEXP: Processing 60 bars
2026-01-03 08:57:51,124 | INFO | src.screener.excel_screener | CONCOR: Processing 60 bars
2026-01-03 08:57:51,132 | INFO | src.screener.excel_screener | DMART: Processing 60 bars
2026-01-03 08:57:51,139 | INFO | src.screener.excel_screener | TRENT: Processing 60 bars
2026-01-03 08:57:51,147 | INFO | src.screener.excel_screener | VMART: Processing 59 bars
2026-01-03 08:57:51,153 | INFO | src.screener.excel_screener | SHOPERSTOP: Processing 59 bars
2026-01-03 08:57:51,160 | INFO | src.screener.excel_screener | RELAXO: Processing 59 bars
2026-01-03 08:57:51,166 | INFO | src.screener.excel_screener | HAL: Processing 60 bars
2026-01-03 08:57:51,172 | INFO | src.screener.excel_screener | BEL: Processing 60 bars
2026-01-03 08:57:51,180 | INFO | src.screener.excel_screener | BDL: Processing 60 bars
2026-01-03 08:57:51,188 | INFO | src.screener.excel_screener | MAZDOCK: Processing 60 bars
2026-01-03 08:57:51,198 | INFO | src.screener.excel_screener | SOLARINDS: Processing 60 bars
2026-01-03 08:57:51,205 | INFO | src.screener.excel_screener | SHRIRAMFIN: Processing 60 bars
2026-01-03 08:57:51,214 | INFO | src.screener.excel_screener | TATACONSUM: Processing 60 bars
2026-01-03 08:57:51,220 | INFO | src.screener.excel_screener | 
📊 REJECTION STATISTICS:
2026-01-03 08:57:51,220 | INFO | src.screener.excel_screener |    Total Processed: 100
2026-01-03 08:57:51,221 | INFO | src.screener.excel_screener |    Passed: 26
2026-01-03 08:57:51,221 | INFO | src.screener.excel_screener |    Rejected: 74
2026-01-03 08:57:51,221 | INFO | src.screener.excel_screener | 
   Top Rejection Reasons:
2026-01-03 08:57:51,221 | INFO | src.screener.excel_screener | Metrics calculated: 100, Passed: 26, Rejected: 74, Insufficient bars: 0, Missing data: 0
2026-01-03 08:57:51,223 | INFO | src.screener.excel_screener | Max trades (adjusted for BULLISH): 8
2026-01-03 08:57:51,223 | INFO | src.screener.excel_screener | 
============================================================
2026-01-03 08:57:51,223 | INFO | src.screener.excel_screener | TOP PICKS:
2026-01-03 08:57:51,224 | INFO | src.screener.excel_screener | ============================================================
2026-01-03 08:57:51,224 | INFO | src.screener.excel_screener | INDUSTOWER | Score:  47.37 | Price: Rs. 442.05 | BULLISH_TREND,HIGH_VOLUME,STRONG_TREND
2026-01-03 08:57:51,225 | INFO | src.screener.excel_screener | HINDALCO   | Score:  42.61 | Price: Rs. 925.70 | BULLISH_TREND,HIGH_VOLUME,STRONG_TREND
2026-01-03 08:57:51,225 | INFO | src.screener.excel_screener | COALINDIA  | Score:  39.61 | Price: Rs. 427.90 | BULLISH_TREND,HIGH_VOLUME,STRONG_TREND
2026-01-03 08:57:51,225 | INFO | src.screener.excel_screener | BLUEDART   | Score:  34.99 | Price: Rs.5593.50 | NEAR_EMA20,HIGH_VOLUME
2026-01-03 08:57:51,225 | INFO | src.screener.excel_screener | UPL        | Score:  34.61 | Price: Rs. 804.65 | BULLISH_TREND
2026-01-03 08:57:52,990 | INFO | src.screener.excel_screener | Written 8 results to Excel: SCREENER_OUTPUT
2026-01-03 08:57:53,629 | INFO | src.screener.excel_screener | ============================================================
2026-01-03 08:57:53,630 | INFO | src.screener.excel_screener | SCREENER COMPLETE
2026-01-03 08:57:53,630 | INFO | src.screener.excel_screener | ============================================================
2026-01-03 08:57:53,653 | WARNING | src.core.engine | DUPLICATE PREVENTED: HINDALCO has pending order | order_id: ORD_HINDALCO_1767147605717 | qty: 2
2026-01-03 08:57:53,658 | INFO | src.core.engine | COALINDIA: Adaptive strategy not enabled, using defaults
2026-01-03 08:57:53,659 | INFO | src.core.engine | COALINDIA: Reserving capital for proposed order - Value: Rs.1,711.60
2026-01-03 08:57:53,659 | INFO | src.core.engine | COALINDIA: Reserved capital for proposed order - Value: Rs.1,711.60
2026-01-03 08:57:53,659 | ERROR | src.core.engine | Error processing signal for COALINDIA: cannot access local variable 'governor_result' where it is not associated with a value releasing capital reservation Rs.1,711.60
2026-01-03 08:57:53,663 | INFO | src.core.engine | INDUSTOWER: Adaptive strategy not enabled, using defaults
2026-01-03 08:57:53,665 | INFO | src.core.engine | INDUSTOWER: Reserving capital for proposed order - Value: Rs.884.10
2026-01-03 08:57:53,665 | INFO | src.core.engine | INDUSTOWER: Reserved capital for proposed order - Value: Rs.884.10
2026-01-03 08:57:53,666 | ERROR | src.core.engine | Error processing signal for INDUSTOWER: cannot access local variable 'governor_result' where it is not associated with a value releasing capital reservation Rs.884.10
2026-01-03 08:57:53,668 | INFO | src.core.engine | UPL: Adaptive strategy not enabled, using defaults
2026-01-03 08:57:53,669 | INFO | src.core.engine | UPL: Reserving capital for proposed order - Value: Rs.1,609.30
2026-01-03 08:57:53,669 | INFO | src.core.engine | UPL: Reserved capital for proposed order - Value: Rs.1,609.30
2026-01-03 08:57:53,669 | ERROR | src.core.engine | Error processing signal for UPL: cannot access local variable 'governor_result' where it is not associated with a value releasing capital reservation Rs.1,609.30
2026-01-03 08:57:53,671 | INFO | src.core.engine | SRF: Adaptive strategy not enabled, using defaults
2026-01-03 08:57:53,671 | INFO | src.core.engine | SRF: Reserving capital for proposed order - Value: Rs.3,059.50
2026-01-03 08:57:53,672 | INFO | src.core.engine | SRF: Reserved capital for proposed order - Value: Rs.3,059.50
2026-01-03 08:57:53,672 | ERROR | src.core.engine | Error processing signal for SRF: cannot access local variable 'governor_result' where it is not associated with a value releasing capital reservation Rs.3,059.50
2026-01-03 08:57:53,675 | INFO | src.core.engine | CUMMINSIND: Adaptive strategy not enabled, using defaults
2026-01-03 08:57:53,675 | INFO | src.core.engine | CUMMINSIND: Reserving capital for proposed order - Value: Rs.4,482.10
2026-01-03 08:57:53,676 | ERROR | src.core.engine | Error processing signal for CUMMINSIND: Insufficient capital. Need Rs.4482.10, have Rs.4250.00 releasing capital reservation Rs.4,482.10
2026-01-03 08:57:53,678 | INFO | src.core.engine | SAREGAMA: Adaptive strategy not enabled, using defaults
2026-01-03 08:57:53,678 | INFO | src.core.engine | SAREGAMA: Reserving capital for proposed order - Value: Rs.715.90
2026-01-03 08:57:53,678 | INFO | src.core.engine | SAREGAMA: Reserved capital for proposed order - Value: Rs.715.90
2026-01-03 08:57:53,678 | ERROR | src.core.engine | Error processing signal for SAREGAMA: cannot access local variable 'governor_result' where it is not associated with a value releasing capital reservation Rs.715.90
2026-01-03 08:57:53,680 | INFO | src.core.engine | BLUEDART: Adaptive strategy not enabled, using defaults
2026-01-03 08:57:53,681 | INFO | src.core.engine | BLUEDART: Reserving capital for proposed order - Value: Rs.5,593.50
2026-01-03 08:57:53,682 | ERROR | src.core.engine | Error processing signal for BLUEDART: Insufficient capital. Need Rs.5593.50, have Rs.4250.00 releasing capital reservation Rs.5,593.50
2026-01-03 09:04:11,576 | INFO | config.enhanced_config_manager | Timing config loaded: enabled=False
2026-01-03 09:04:11,578 | INFO | src.core.risk_manager | Risk Manager initialized with comprehensive risk controls
2026-01-03 09:04:11,578 | INFO | src.screener.excel_screener | Excel screener initialized: MiniRobo.xlsx
2026-01-03 09:04:13,250 | INFO | src.screener.excel_screener | Loaded 100 enabled stocks from universe
2026-01-03 09:04:13,824 | INFO | src.core.warmup_manager | WarmupManager initialized for 10 symbols with 60 days lookback
2026-01-03 09:04:13,824 | INFO | src.core.warmup_manager | 🔥 Starting system warmup sequence...
2026-01-03 09:04:13,824 | INFO | src.core.warmup_manager |   🔄 Executing: load_market_data
2026-01-03 09:04:14,804 | ERROR | yfinance | $HDFCBANK: possibly delisted; no timezone found
2026-01-03 09:04:14,805 | WARNING | src.core.warmup_manager | Insufficient data for HDFCBANK: 0 days
2026-01-03 09:04:15,542 | ERROR | yfinance | HTTP Error 404: {"quoteSummary":{"result":null,"error":{"code":"Not Found","description":"Quote not found for symbol: ICICIBANK"}}}
2026-01-03 09:04:15,740 | ERROR | yfinance | $ICICIBANK: possibly delisted; no timezone found
2026-01-03 09:04:15,740 | WARNING | src.core.warmup_manager | Insufficient data for ICICIBANK: 0 days
2026-01-03 09:04:16,126 | ERROR | yfinance | $KOTAKBANK: possibly delisted; no timezone found
2026-01-03 09:04:16,127 | WARNING | src.core.warmup_manager | Insufficient data for KOTAKBANK: 0 days
2026-01-03 09:04:16,565 | ERROR | yfinance | $AXISBANK: possibly delisted; no timezone found
2026-01-03 09:04:16,566 | WARNING | src.core.warmup_manager | Insufficient data for AXISBANK: 0 days
2026-01-03 09:04:16,935 | ERROR | yfinance | $SBIN: possibly delisted; no timezone found
2026-01-03 09:04:16,936 | WARNING | src.core.warmup_manager | Insufficient data for SBIN: 0 days
2026-01-03 09:04:17,381 | ERROR | yfinance | $TCS: possibly delisted; no timezone found
2026-01-03 09:04:17,381 | WARNING | src.core.warmup_manager | Insufficient data for TCS: 0 days
2026-01-03 09:04:18,013 | ERROR | yfinance | $HCLTECH: possibly delisted; no timezone found
2026-01-03 09:04:18,014 | WARNING | src.core.warmup_manager | Insufficient data for HCLTECH: 0 days
2026-01-03 09:04:18,434 | ERROR | yfinance | $WIPRO: possibly delisted; no timezone found
2026-01-03 09:04:18,435 | WARNING | src.core.warmup_manager | Insufficient data for WIPRO: 0 days
2026-01-03 09:04:18,838 | ERROR | yfinance | $TECHM: possibly delisted; no timezone found
2026-01-03 09:04:18,839 | WARNING | src.core.warmup_manager | Insufficient data for TECHM: 0 days
2026-01-03 09:04:18,839 | INFO | src.core.warmup_manager | Market data loaded: 1/10 symbols, 41 total data points
2026-01-03 09:04:18,840 | INFO | src.core.warmup_manager |   ✅ Completed: load_market_data (5.01s, 41 data points)
2026-01-03 09:04:18,840 | INFO | src.core.warmup_manager |   🔄 Executing: calculate_indicators
2026-01-03 09:04:18,853 | INFO | src.core.warmup_manager | Technical indicators calculated: 13 total indicators
2026-01-03 09:04:18,853 | INFO | src.core.warmup_manager |   ✅ Completed: calculate_indicators (0.01s, 13 data points)
2026-01-03 09:04:18,854 | INFO | src.core.warmup_manager |   🔄 Executing: warmup_timing
2026-01-03 09:04:19,796 | ERROR | src.core.warmup_manager | Timing warmup failed: attempted relative import beyond top-level package
2026-01-03 09:04:19,797 | ERROR | src.core.warmup_manager |   ❌ Failed: warmup_timing (0.94s) - attempted relative import beyond top-level package
2026-01-03 09:04:19,797 | INFO | src.core.warmup_manager |   🔄 Executing: warmup_regime
2026-01-03 09:04:19,800 | INFO | src.core.warmup_manager | Market regime detection warmed up for 1 symbols
2026-01-03 09:04:19,800 | INFO | src.core.warmup_manager |   ✅ Completed: warmup_regime (0.00s, 1 data points)
2026-01-03 09:04:19,800 | INFO | src.core.warmup_manager |   🔄 Executing: warmup_strategies
2026-01-03 09:04:19,807 | INFO | src.core.warmup_manager | Adaptive strategy manager not available for warmup
2026-01-03 09:04:19,807 | INFO | src.core.warmup_manager | Strategy managers warmed up for 0 symbols
2026-01-03 09:04:19,807 | INFO | src.core.warmup_manager |   ✅ Completed: warmup_strategies (0.01s, 0 data points)
2026-01-03 09:04:19,808 | INFO | src.core.warmup_manager |   🔄 Executing: validate_warmup
2026-01-03 09:04:19,808 | ERROR | src.core.warmup_manager | Warmup validation failed: Only 1/10 symbols warmed
2026-01-03 09:04:19,808 | ERROR | src.core.warmup_manager |   ❌ Failed: validate_warmup (0.00s) - Only 1/10 symbols warmed
2026-01-03 09:04:19,809 | ERROR | src.core.warmup_manager | ❌ Warmup FAILED with 2 task failures
2026-01-03 09:04:19,809 | INFO | src.core.warmup_manager | ============================================================
2026-01-03 09:04:19,809 | INFO | src.core.warmup_manager | WARMUP SUMMARY
2026-01-03 09:04:19,809 | INFO | src.core.warmup_manager | ============================================================
2026-01-03 09:04:19,810 | INFO | src.core.warmup_manager | Status: FAILED
2026-01-03 09:04:19,810 | INFO | src.core.warmup_manager | Duration: 5.98 seconds
2026-01-03 09:04:19,810 | INFO | src.core.warmup_manager | Symbols warmed: 1/10
2026-01-03 09:04:19,810 | INFO | src.core.warmup_manager | Tasks completed: 4/6
2026-01-03 09:04:19,811 | INFO | src.core.warmup_manager | Failed tasks: 2
2026-01-03 09:04:19,811 | ERROR | src.core.warmup_manager |   - warmup_timing: attempted relative import beyond top-level package
2026-01-03 09:04:19,811 | ERROR | src.core.warmup_manager |   - validate_warmup: Only 1/10 symbols warmed
2026-01-03 09:04:19,811 | INFO | src.core.warmup_manager | Indicator Status:
2026-01-03 09:04:19,812 | INFO | src.core.warmup_manager |   ❌ SMA_20
2026-01-03 09:04:19,812 | INFO | src.core.warmup_manager |   ❌ SMA_50
2026-01-03 09:04:19,812 | INFO | src.core.warmup_manager |   ❌ EMA_12
2026-01-03 09:04:19,812 | INFO | src.core.warmup_manager |   ❌ EMA_26
2026-01-03 09:04:19,812 | INFO | src.core.warmup_manager |   ❌ RSI_14
2026-01-03 09:04:19,813 | INFO | src.core.warmup_manager |   ❌ MACD
2026-01-03 09:04:19,813 | INFO | src.core.warmup_manager |   ❌ ATR_14
2026-01-03 09:04:19,813 | INFO | src.core.warmup_manager |   ❌ BOLLINGER_BANDS
2026-01-03 09:04:19,813 | INFO | src.core.warmup_manager | ============================================================
2026-01-03 09:04:19,815 | INFO | src.utils.sector_manager | Sector manager initialized
2026-01-03 09:04:19,816 | INFO | src.core.risk_manager | Risk Manager initialized with comprehensive risk controls
2026-01-03 09:04:19,816 | INFO | src.core.risk_governor | Added risk rule: EmergencyStop (priority: 5)
2026-01-03 09:04:19,816 | INFO | src.core.risk_governor | Added risk rule: MarketHours (priority: 10)
2026-01-03 09:04:19,816 | INFO | src.core.risk_governor | Added risk rule: DailyLossLimit (priority: 15)
2026-01-03 09:04:19,817 | INFO | src.core.risk_governor | Added risk rule: VolatilityAdjustment (priority: 25)
2026-01-03 09:04:19,817 | INFO | src.core.risk_governor | Risk Governor initialized with 4 risk rules
2026-01-03 09:04:19,818 | INFO | src.core.warmup_manager | WarmupManager initialized for 100 symbols with 60 days lookback
2026-01-03 09:04:19,828 | WARNING | src.core.engine | Failed to initialize adaptive strategies: attempted relative import beyond top-level package
2026-01-03 09:04:19,828 | INFO | src.core.engine | Trading engine initialized with timing intelligence disabled
2026-01-03 09:04:19,828 | INFO | src.core.engine | Trading engine initialized with enhanced risk management
2026-01-03 09:04:19,829 | INFO | src.execution.adapter | Initialized PAPER execution adapter
2026-01-03 09:04:19,829 | INFO | src.broker.zerodha | ZerodhaBroker initialized in PAPER mode
2026-01-03 09:04:19,829 | INFO | src.broker.zerodha | Paper trading: No real connection required
2026-01-03 09:04:19,829 | INFO | src.execution.paper | Paper trading initialized
2026-01-03 09:04:19,830 | INFO | src.execution.paper | Paper trading mode initialized
2026-01-03 09:04:19,833 | INFO | src.core.system_arming | Added kill switch: emergency_file (Critical)
2026-01-03 09:04:19,834 | INFO | src.core.system_arming | Added kill switch: daily_loss_limit (Critical)
2026-01-03 09:04:19,834 | INFO | src.core.system_arming | Added kill switch: capital_availability (Critical)
2026-01-03 09:04:19,835 | INFO | src.core.system_arming | Added kill switch: market_hours (Non-critical)
2026-01-03 09:04:19,835 | INFO | src.core.system_arming | Added kill switch: system_health (Critical)
2026-01-03 09:04:19,835 | INFO | src.core.system_arming | Added kill switch: config_integrity (Critical)
2026-01-03 09:04:19,835 | INFO | src.core.system_arming | Added kill switch: state_integrity (Critical)
2026-01-03 09:04:19,835 | INFO | src.core.system_arming | System Arming initialized with 7 kill switches
2026-01-03 09:04:19,836 | INFO | src.core.system_arming | Starting system arming sequence...
2026-01-03 09:04:19,839 | ERROR | src.core.system_arming | Capital availability check failed: 'CapitalParameters' object has no attribute 'max_position_value'
2026-01-03 09:04:19,839 | ERROR | src.core.system_arming | Critical safety check failed: capital_availability
2026-01-03 09:04:27,253 | INFO | src.core.system_arming | Starting system arming sequence...
2026-01-03 09:04:27,256 | ERROR | src.core.system_arming | Capital availability check failed: 'CapitalParameters' object has no attribute 'max_position_value'
2026-01-03 09:04:27,260 | INFO | src.core.system_arming | 🔒 SYSTEM ARMED at 09:04:27
2026-01-03 09:04:27,260 | WARNING | src.core.system_arming | ⚠️  FORCE ARMED with 1 critical failures!
2026-01-03 09:04:27,262 | WARNING | src.core.engine | No regime manager available
2026-01-03 09:04:27,262 | INFO | src.screener.excel_screener | ============================================================
2026-01-03 09:04:27,262 | INFO | src.screener.excel_screener | STARTING EXCEL-DRIVEN SCREENER
2026-01-03 09:04:27,262 | INFO | src.screener.excel_screener | ============================================================
2026-01-03 09:04:28,800 | INFO | src.screener.excel_screener | Loaded 14 screener rules
2026-01-03 09:04:29,350 | INFO | src.screener.excel_screener | 
 ACTIVE FILTER RULES:
2026-01-03 09:04:30,955 | INFO | src.screener.excel_screener | Loaded 100 enabled stocks from universe
2026-01-03 09:04:33,157 | INFO | src.screener.excel_screener | Loaded sector mapping for 100 symbols
2026-01-03 09:04:33,871 | INFO | src.screener.excel_screener | Market Trend: BULLISH
2026-01-03 09:04:33,909 | INFO | src.screener.excel_screener | Successfully fetched data for 100/100 symbols
2026-01-03 09:04:33,909 | INFO | src.screener.excel_screener | Bulk data received: 100 symbols with data
2026-01-03 09:04:34,081 | INFO | src.screener.excel_screener | Starting screening of 100 symbols. Bulk data has 100 entries
2026-01-03 09:04:34,082 | INFO | src.screener.excel_screener | HDFCBANK: Processing 60 bars
2026-01-03 09:04:34,086 | INFO | src.screener.excel_screener | ICICIBANK: Processing 60 bars
2026-01-03 09:04:34,091 | INFO | src.screener.excel_screener | KOTAKBANK: Processing 60 bars
2026-01-03 09:04:34,098 | INFO | src.screener.excel_screener | AXISBANK: Processing 60 bars
2026-01-03 09:04:34,105 | INFO | src.screener.excel_screener | SBIN: Processing 60 bars
2026-01-03 09:04:34,109 | INFO | src.screener.excel_screener | TCS: Processing 60 bars
2026-01-03 09:04:34,113 | INFO | src.screener.excel_screener | INFY: Processing 60 bars
2026-01-03 09:04:34,118 | INFO | src.screener.excel_screener | HCLTECH: Processing 60 bars
2026-01-03 09:04:34,124 | INFO | src.screener.excel_screener | WIPRO: Processing 60 bars
2026-01-03 09:04:34,128 | INFO | src.screener.excel_screener | TECHM: Processing 60 bars
2026-01-03 09:04:34,134 | INFO | src.screener.excel_screener | SUNPHARMA: Processing 60 bars
2026-01-03 09:04:34,141 | INFO | src.screener.excel_screener | CIPLA: Processing 60 bars
2026-01-03 09:04:34,144 | INFO | src.screener.excel_screener | DRREDDY: Processing 60 bars
2026-01-03 09:04:34,149 | INFO | src.screener.excel_screener | LUPIN: Processing 60 bars
2026-01-03 09:04:34,157 | INFO | src.screener.excel_screener | TORNTPHARM: Processing 60 bars
2026-01-03 09:04:34,162 | INFO | src.screener.excel_screener | HINDUNILVR: Processing 60 bars
2026-01-03 09:04:34,169 | INFO | src.screener.excel_screener | ITC: Processing 60 bars
2026-01-03 09:04:34,175 | INFO | src.screener.excel_screener | NESTLEIND: Processing 60 bars
2026-01-03 09:04:34,179 | INFO | src.screener.excel_screener | BRITANNIA: Processing 59 bars
2026-01-03 09:04:34,185 | INFO | src.screener.excel_screener | DABUR: Processing 60 bars
2026-01-03 09:04:34,193 | INFO | src.screener.excel_screener | MARUTI: Processing 60 bars
2026-01-03 09:04:34,198 | INFO | src.screener.excel_screener | M&M: Processing 60 bars
2026-01-03 09:04:34,205 | INFO | src.screener.excel_screener | BAJAJ-AUTO: Processing 60 bars
2026-01-03 09:04:34,210 | INFO | src.screener.excel_screener | EICHERMOT: Processing 60 bars
2026-01-03 09:04:34,217 | INFO | src.screener.excel_screener | RELIANCE: Processing 60 bars
2026-01-03 09:04:34,225 | INFO | src.screener.excel_screener | ONGC: Processing 60 bars
2026-01-03 09:04:34,231 | INFO | src.screener.excel_screener | BPCL: Processing 60 bars
2026-01-03 09:04:34,239 | INFO | src.screener.excel_screener | IOC: Processing 60 bars
2026-01-03 09:04:34,245 | INFO | src.screener.excel_screener | GAIL: Processing 60 bars
2026-01-03 09:04:34,253 | INFO | src.screener.excel_screener | TATASTEEL: Processing 60 bars
2026-01-03 09:04:34,259 | INFO | src.screener.excel_screener | HINDALCO: Processing 60 bars
2026-01-03 09:04:34,267 | INFO | src.screener.excel_screener | JSWSTEEL: Processing 60 bars
2026-01-03 09:04:34,274 | INFO | src.screener.excel_screener | COALINDIA: Processing 60 bars
2026-01-03 09:04:34,280 | INFO | src.screener.excel_screener | VEDL: Processing 60 bars
2026-01-03 09:04:34,289 | INFO | src.screener.excel_screener | ULTRACEMCO: Processing 60 bars
2026-01-03 09:04:34,297 | INFO | src.screener.excel_screener | SHREECEM: Processing 58 bars
2026-01-03 09:04:34,306 | INFO | src.screener.excel_screener | AMBUJACEM: Processing 60 bars
2026-01-03 09:04:34,313 | INFO | src.screener.excel_screener | ACC: Processing 60 bars
2026-01-03 09:04:34,324 | INFO | src.screener.excel_screener | DALBHARAT: Processing 58 bars
2026-01-03 09:04:34,333 | INFO | src.screener.excel_screener | POWERGRID: Processing 60 bars
2026-01-03 09:04:34,342 | INFO | src.screener.excel_screener | NTPC: Processing 60 bars
2026-01-03 09:04:34,348 | INFO | src.screener.excel_screener | ADANIGREEN: Processing 60 bars
2026-01-03 09:04:34,357 | INFO | src.screener.excel_screener | TATAPOWER: Processing 60 bars
2026-01-03 09:04:34,364 | INFO | src.screener.excel_screener | JSWENERGY: Processing 60 bars
2026-01-03 09:04:34,375 | INFO | src.screener.excel_screener | BHARTIARTL: Processing 60 bars
2026-01-03 09:04:34,382 | INFO | src.screener.excel_screener | JIOFIN: Processing 58 bars
2026-01-03 09:04:34,392 | INFO | src.screener.excel_screener | IDEA: Processing 60 bars
2026-01-03 09:04:34,399 | INFO | src.screener.excel_screener | INDUSTOWER: Processing 60 bars
2026-01-03 09:04:34,408 | INFO | src.screener.excel_screener | TATACOMM: Processing 59 bars
2026-01-03 09:04:34,415 | INFO | src.screener.excel_screener | UPL: Processing 60 bars
2026-01-03 09:04:34,423 | INFO | src.screener.excel_screener | SRF: Processing 59 bars
2026-01-03 09:04:34,429 | INFO | src.screener.excel_screener | PIDILITIND: Processing 60 bars
2026-01-03 09:04:34,438 | INFO | src.screener.excel_screener | ASIANPAINT: Processing 60 bars
2026-01-03 09:04:34,447 | INFO | src.screener.excel_screener | AARTIIND: Processing 60 bars
2026-01-03 09:04:34,458 | INFO | src.screener.excel_screener | LT: Processing 60 bars
2026-01-03 09:04:34,463 | INFO | src.screener.excel_screener | SIEMENS: Processing 60 bars
2026-01-03 09:04:34,472 | INFO | src.screener.excel_screener | ABB: Processing 59 bars
2026-01-03 09:04:34,477 | INFO | src.screener.excel_screener | BHEL: Processing 60 bars
2026-01-03 09:04:34,484 | INFO | src.screener.excel_screener | CUMMINSIND: Processing 60 bars
2026-01-03 09:04:34,491 | INFO | src.screener.excel_screener | APOLLOHOSP: Processing 60 bars
2026-01-03 09:04:34,496 | INFO | src.screener.excel_screener | MAXHEALTH: Processing 60 bars
2026-01-03 09:04:34,502 | INFO | src.screener.excel_screener | NH: Processing 60 bars
2026-01-03 09:04:34,508 | INFO | src.screener.excel_screener | FORTIS: Processing 60 bars
2026-01-03 09:04:34,513 | INFO | src.screener.excel_screener | MEDANTA: Processing 59 bars
2026-01-03 09:04:34,521 | INFO | src.screener.excel_screener | DLF: Processing 60 bars
2026-01-03 09:04:34,527 | INFO | src.screener.excel_screener | GODREJPROP: Processing 60 bars
2026-01-03 09:04:34,533 | INFO | src.screener.excel_screener | OBEROIRLTY: Processing 59 bars
2026-01-03 09:04:34,539 | INFO | src.screener.excel_screener | PRESTIGE: Processing 60 bars
2026-01-03 09:04:34,544 | INFO | src.screener.excel_screener | BRIGADE: Processing 60 bars
2026-01-03 09:04:34,550 | INFO | src.screener.excel_screener | TITAN: Processing 60 bars
2026-01-03 09:04:34,556 | INFO | src.screener.excel_screener | HAVELLS: Processing 60 bars
2026-01-03 09:04:34,562 | INFO | src.screener.excel_screener | VOLTAS: Processing 60 bars
2026-01-03 09:04:34,568 | INFO | src.screener.excel_screener | BLUESTARCO: Processing 59 bars
2026-01-03 09:04:34,573 | INFO | src.screener.excel_screener | CROMPTON: Processing 60 bars
2026-01-03 09:04:34,578 | INFO | src.screener.excel_screener | PAGEIND: Processing 58 bars
2026-01-03 09:04:34,584 | INFO | src.screener.excel_screener | ABFRL: Processing 60 bars
2026-01-03 09:04:34,590 | INFO | src.screener.excel_screener | RAYMOND: Processing 60 bars
2026-01-03 09:04:34,597 | INFO | src.screener.excel_screener | GRASIM: Processing 60 bars
2026-01-03 09:04:34,604 | INFO | src.screener.excel_screener | TRIDENT: Processing 60 bars
2026-01-03 09:04:34,611 | INFO | src.screener.excel_screener | ZEEL: Processing 60 bars
2026-01-03 09:04:34,620 | INFO | src.screener.excel_screener | PVRINOX: Processing 58 bars
2026-01-03 09:04:34,627 | INFO | src.screener.excel_screener | SUNTV: Processing 59 bars
2026-01-03 09:04:34,634 | INFO | src.screener.excel_screener | SAREGAMA: Processing 59 bars
2026-01-03 09:04:34,641 | INFO | src.screener.excel_screener | MAHLOG: Processing 59 bars
2026-01-03 09:04:34,646 | INFO | src.screener.excel_screener | BLUEDART: Processing 58 bars
2026-01-03 09:04:34,652 | INFO | src.screener.excel_screener | VRLLOG: Processing 59 bars
2026-01-03 09:04:34,658 | INFO | src.screener.excel_screener | TCIEXP: Processing 60 bars
2026-01-03 09:04:34,663 | INFO | src.screener.excel_screener | CONCOR: Processing 60 bars
2026-01-03 09:04:34,670 | INFO | src.screener.excel_screener | DMART: Processing 60 bars
2026-01-03 09:04:34,675 | INFO | src.screener.excel_screener | TRENT: Processing 60 bars
2026-01-03 09:04:34,680 | INFO | src.screener.excel_screener | VMART: Processing 59 bars
2026-01-03 09:04:34,686 | INFO | src.screener.excel_screener | SHOPERSTOP: Processing 59 bars
2026-01-03 09:04:34,691 | INFO | src.screener.excel_screener | RELAXO: Processing 59 bars
2026-01-03 09:04:34,696 | INFO | src.screener.excel_screener | HAL: Processing 60 bars
2026-01-03 09:04:34,703 | INFO | src.screener.excel_screener | BEL: Processing 60 bars
2026-01-03 09:04:34,708 | INFO | src.screener.excel_screener | BDL: Processing 60 bars
2026-01-03 09:04:34,713 | INFO | src.screener.excel_screener | MAZDOCK: Processing 60 bars
2026-01-03 09:04:34,720 | INFO | src.screener.excel_screener | SOLARINDS: Processing 60 bars
2026-01-03 09:04:34,725 | INFO | src.screener.excel_screener | SHRIRAMFIN: Processing 60 bars
2026-01-03 09:04:34,729 | INFO | src.screener.excel_screener | TATACONSUM: Processing 60 bars
2026-01-03 09:04:34,736 | INFO | src.screener.excel_screener | 
📊 REJECTION STATISTICS:
2026-01-03 09:04:34,736 | INFO | src.screener.excel_screener |    Total Processed: 100
2026-01-03 09:04:34,737 | INFO | src.screener.excel_screener |    Passed: 26
2026-01-03 09:04:34,737 | INFO | src.screener.excel_screener |    Rejected: 74
2026-01-03 09:04:34,737 | INFO | src.screener.excel_screener | 
   Top Rejection Reasons:
2026-01-03 09:04:34,737 | INFO | src.screener.excel_screener | Metrics calculated: 100, Passed: 26, Rejected: 74, Insufficient bars: 0, Missing data: 0
2026-01-03 09:04:34,739 | INFO | src.screener.excel_screener | Max trades (adjusted for BULLISH): 8
2026-01-03 09:04:34,739 | INFO | src.screener.excel_screener | 
============================================================
2026-01-03 09:04:34,739 | INFO | src.screener.excel_screener | TOP PICKS:
2026-01-03 09:04:34,740 | INFO | src.screener.excel_screener | ============================================================
2026-01-03 09:04:34,740 | INFO | src.screener.excel_screener | INDUSTOWER | Score:  47.37 | Price: Rs. 442.05 | BULLISH_TREND,HIGH_VOLUME,STRONG_TREND
2026-01-03 09:04:34,741 | INFO | src.screener.excel_screener | HINDALCO   | Score:  42.61 | Price: Rs. 925.70 | BULLISH_TREND,HIGH_VOLUME,STRONG_TREND
2026-01-03 09:04:34,741 | INFO | src.screener.excel_screener | COALINDIA  | Score:  39.61 | Price: Rs. 427.90 | BULLISH_TREND,HIGH_VOLUME,STRONG_TREND
2026-01-03 09:04:34,742 | INFO | src.screener.excel_screener | BLUEDART   | Score:  34.99 | Price: Rs.5593.50 | NEAR_EMA20,HIGH_VOLUME
2026-01-03 09:04:34,742 | INFO | src.screener.excel_screener | UPL        | Score:  34.61 | Price: Rs. 804.65 | BULLISH_TREND
2026-01-03 09:04:37,089 | INFO | src.screener.excel_screener | Written 8 results to Excel: SCREENER_OUTPUT
2026-01-03 09:04:37,941 | INFO | src.screener.excel_screener | ============================================================
2026-01-03 09:04:37,941 | INFO | src.screener.excel_screener | SCREENER COMPLETE
2026-01-03 09:04:37,941 | INFO | src.screener.excel_screener | ============================================================
2026-01-03 09:04:37,945 | WARNING | src.core.engine | DUPLICATE PREVENTED: HINDALCO has pending order | order_id: ORD_HINDALCO_1767147605717 | qty: 2
2026-01-03 09:04:37,947 | INFO | src.core.engine | COALINDIA: Adaptive strategy not enabled, using defaults
2026-01-03 09:04:37,947 | INFO | src.core.engine | COALINDIA: Reserving capital for proposed order - Value: Rs.1,711.60
2026-01-03 09:04:37,948 | INFO | src.core.engine | COALINDIA: Reserved capital for proposed order - Value: Rs.1,711.60
2026-01-03 09:04:37,948 | INFO | src.core.risk_governor | Risk Governor evaluating trade: COALINDIA x 4
2026-01-03 09:04:37,949 | INFO | src.core.risk_manager | Risk assessment for COALINDIA: APPROVED (Score: 10.0, Level: LOW)
2026-01-03 09:04:37,949 | INFO | src.core.risk_governor | Risk Governor final decision: APPROVE for COALINDIA
2026-01-03 09:04:37,949 | INFO | src.core.engine | COALINDIA: Risk Governor APPROVED
2026-01-03 09:04:37,955 | INFO | src.core.engine | COALINDIA: Order created | BUY 4 @ Rs.427.90 | SL: Rs.422.05, Target: Rs.446.20
2026-01-03 09:04:38,167 | INFO | src.broker.zerodha | PAPER OrderSide.BUY   4 COALINDIA @ ₹429.25 | Order: PAPER-COALINDIA-OrderSide.BUY-1767411278167
2026-01-03 09:04:38,168 | INFO | src.execution.paper | COALINDIA: Paper order placed | OrderSide.BUY 4 @ ₹429.25 | Order: PAPER-COALINDIA-OrderSide.BUY-1767411278167
2026-01-03 09:04:38,168 | INFO | src.execution.adapter | COALINDIA: Signal processed and order placed
2026-01-03 09:04:38,184 | INFO | src.core.engine | INDUSTOWER: Adaptive strategy not enabled, using defaults
2026-01-03 09:04:38,185 | INFO | src.core.engine | INDUSTOWER: Reserving capital for proposed order - Value: Rs.884.10
2026-01-03 09:04:38,185 | INFO | src.core.engine | INDUSTOWER: Reserved capital for proposed order - Value: Rs.884.10
2026-01-03 09:04:38,185 | INFO | src.core.risk_governor | Risk Governor evaluating trade: INDUSTOWER x 2
2026-01-03 09:04:38,185 | INFO | src.core.risk_manager | Risk assessment for INDUSTOWER: APPROVED (Score: 10.0, Level: LOW)
2026-01-03 09:04:38,186 | INFO | src.core.risk_governor | Risk Governor final decision: APPROVE for INDUSTOWER
2026-01-03 09:04:38,186 | INFO | src.core.engine | INDUSTOWER: Risk Governor APPROVED
2026-01-03 09:04:38,189 | INFO | src.core.engine | INDUSTOWER: Order created | BUY 2 @ Rs.442.05 | SL: Rs.433.45, Target: Rs.468.95
2026-01-03 09:04:38,425 | INFO | src.broker.zerodha | PAPER OrderSide.BUY   2 INDUSTOWER @ ₹442.05 | Order: PAPER-INDUSTOWER-OrderSide.BUY-1767411278425
2026-01-03 09:04:38,430 | INFO | src.execution.paper | INDUSTOWER: Paper order placed | OrderSide.BUY 2 @ ₹442.05 | Order: PAPER-INDUSTOWER-OrderSide.BUY-1767411278425
2026-01-03 09:04:38,430 | INFO | src.execution.adapter | INDUSTOWER: Signal processed and order placed
2026-01-03 09:04:38,433 | INFO | src.core.engine | UPL: Adaptive strategy not enabled, using defaults
2026-01-03 09:04:38,437 | INFO | src.core.engine | UPL: Reserving capital for proposed order - Value: Rs.1,609.30
2026-01-03 09:04:38,438 | INFO | src.core.engine | UPL: Reserved capital for proposed order - Value: Rs.1,609.30
2026-01-03 09:04:38,438 | INFO | src.core.risk_governor | Risk Governor evaluating trade: UPL x 2
2026-01-03 09:04:38,439 | INFO | src.core.risk_manager | Risk assessment for UPL: APPROVED (Score: 10.0, Level: LOW)
2026-01-03 09:04:38,439 | INFO | src.core.risk_governor | Risk Governor final decision: APPROVE for UPL
2026-01-03 09:04:38,440 | INFO | src.core.engine | UPL: Risk Governor APPROVED
2026-01-03 09:04:38,444 | INFO | src.core.engine | SRF: Adaptive strategy not enabled, using defaults
2026-01-03 09:04:38,445 | INFO | src.core.engine | SRF: Reserving capital for proposed order - Value: Rs.3,059.50
2026-01-03 09:04:38,445 | ERROR | src.core.engine | Error processing signal for SRF: Insufficient capital. Need Rs.3059.50, have Rs.45.00 releasing capital reservation Rs.3,059.50
2026-01-03 09:04:38,448 | INFO | src.core.engine | CUMMINSIND: Adaptive strategy not enabled, using defaults
2026-01-03 09:04:38,448 | INFO | src.core.engine | CUMMINSIND: Reserving capital for proposed order - Value: Rs.4,482.10
2026-01-03 09:04:38,450 | ERROR | src.core.engine | Error processing signal for CUMMINSIND: Insufficient capital. Need Rs.4482.10, have Rs.3104.50 releasing capital reservation Rs.4,482.10
2026-01-03 09:04:38,453 | INFO | src.core.engine | SAREGAMA: Adaptive strategy not enabled, using defaults
2026-01-03 09:04:38,456 | INFO | src.core.engine | SAREGAMA: Reserving capital for proposed order - Value: Rs.715.90
2026-01-03 09:04:38,457 | INFO | src.core.engine | SAREGAMA: Reserved capital for proposed order - Value: Rs.715.90
2026-01-03 09:04:38,458 | INFO | src.core.risk_governor | Risk Governor evaluating trade: SAREGAMA x 2
2026-01-03 09:04:38,459 | INFO | src.core.risk_manager | Risk assessment for SAREGAMA: APPROVED (Score: 10.0, Level: LOW)
2026-01-03 09:04:38,460 | INFO | src.core.risk_governor | Risk Governor final decision: APPROVE for SAREGAMA
2026-01-03 09:04:38,460 | INFO | src.core.engine | SAREGAMA: Risk Governor APPROVED
2026-01-03 09:04:38,467 | INFO | src.core.engine | SAREGAMA: Order created | BUY 2 @ Rs.357.95 | SL: Rs.348.25, Target: Rs.388.35
2026-01-03 09:04:38,600 | INFO | src.broker.zerodha | PAPER OrderSide.BUY   2 SAREGAMA @ ₹357.80 | Order: PAPER-SAREGAMA-OrderSide.BUY-1767411278600
2026-01-03 09:04:38,600 | INFO | src.execution.paper | SAREGAMA: Paper order placed | OrderSide.BUY 2 @ ₹357.80 | Order: PAPER-SAREGAMA-OrderSide.BUY-1767411278600
2026-01-03 09:04:38,600 | INFO | src.execution.adapter | SAREGAMA: Signal processed and order placed
2026-01-03 09:04:38,623 | INFO | src.core.engine | BLUEDART: Adaptive strategy not enabled, using defaults
2026-01-03 09:04:38,624 | INFO | src.core.engine | BLUEDART: Reserving capital for proposed order - Value: Rs.5,593.50
2026-01-03 09:04:38,624 | ERROR | src.core.engine | Error processing signal for BLUEDART: Insufficient capital. Need Rs.5593.50, have Rs.3534.10 releasing capital reservation Rs.5,593.50
2026-01-03 09:06:04,632 | INFO | config.enhanced_config_manager | Timing config loaded: enabled=False
2026-01-03 09:06:04,633 | INFO | src.core.risk_manager | Risk Manager initialized with comprehensive risk controls
2026-01-03 09:06:04,634 | INFO | src.screener.excel_screener | Excel screener initialized: MiniRobo.xlsx
2026-01-03 09:06:06,160 | INFO | src.screener.excel_screener | Loaded 100 enabled stocks from universe
2026-01-03 09:06:06,719 | INFO | src.core.warmup_manager | WarmupManager initialized for 10 symbols with 60 days lookback
2026-01-03 09:06:06,720 | INFO | src.core.warmup_manager | 🔥 Starting system warmup sequence...
2026-01-03 09:06:06,720 | INFO | src.core.warmup_manager |   🔄 Executing: load_market_data
2026-01-03 09:06:07,798 | ERROR | yfinance | $HDFCBANK: possibly delisted; no timezone found
2026-01-03 09:06:07,799 | WARNING | src.core.warmup_manager | Insufficient data for HDFCBANK: 0 days
2026-01-03 09:06:08,715 | ERROR | yfinance | HTTP Error 404: {"quoteSummary":{"result":null,"error":{"code":"Not Found","description":"Quote not found for symbol: ICICIBANK"}}}
2026-01-03 09:06:08,901 | ERROR | yfinance | $ICICIBANK: possibly delisted; no timezone found
2026-01-03 09:06:08,901 | WARNING | src.core.warmup_manager | Insufficient data for ICICIBANK: 0 days
2026-01-03 09:06:09,328 | ERROR | yfinance | $KOTAKBANK: possibly delisted; no timezone found
2026-01-03 09:06:09,329 | WARNING | src.core.warmup_manager | Insufficient data for KOTAKBANK: 0 days
2026-01-03 09:06:09,768 | ERROR | yfinance | $AXISBANK: possibly delisted; no timezone found
2026-01-03 09:06:09,769 | WARNING | src.core.warmup_manager | Insufficient data for AXISBANK: 0 days
2026-01-03 09:06:10,194 | ERROR | yfinance | $SBIN: possibly delisted; no timezone found
2026-01-03 09:06:10,195 | WARNING | src.core.warmup_manager | Insufficient data for SBIN: 0 days
2026-01-03 09:06:10,613 | ERROR | yfinance | $TCS: possibly delisted; no timezone found
2026-01-03 09:06:10,614 | WARNING | src.core.warmup_manager | Insufficient data for TCS: 0 days
2026-01-03 09:06:11,572 | ERROR | yfinance | $HCLTECH: possibly delisted; no timezone found
2026-01-03 09:06:11,573 | WARNING | src.core.warmup_manager | Insufficient data for HCLTECH: 0 days
2026-01-03 09:06:12,105 | ERROR | yfinance | $WIPRO: possibly delisted; no timezone found
2026-01-03 09:06:12,106 | WARNING | src.core.warmup_manager | Insufficient data for WIPRO: 0 days
2026-01-03 09:06:12,544 | ERROR | yfinance | $TECHM: possibly delisted; no timezone found
2026-01-03 09:06:12,545 | WARNING | src.core.warmup_manager | Insufficient data for TECHM: 0 days
2026-01-03 09:06:12,546 | INFO | src.core.warmup_manager | Market data loaded: 1/10 symbols, 41 total data points
2026-01-03 09:06:12,547 | INFO | src.core.warmup_manager |   ✅ Completed: load_market_data (5.83s, 41 data points)
2026-01-03 09:06:12,547 | INFO | src.core.warmup_manager |   🔄 Executing: calculate_indicators
2026-01-03 09:06:12,559 | INFO | src.core.warmup_manager | Technical indicators calculated: 13 total indicators
2026-01-03 09:06:12,560 | INFO | src.core.warmup_manager |   ✅ Completed: calculate_indicators (0.01s, 13 data points)
2026-01-03 09:06:12,560 | INFO | src.core.warmup_manager |   🔄 Executing: warmup_timing
2026-01-03 09:06:13,296 | ERROR | src.core.warmup_manager | Timing warmup failed: attempted relative import beyond top-level package
2026-01-03 09:06:13,296 | ERROR | src.core.warmup_manager |   ❌ Failed: warmup_timing (0.74s) - attempted relative import beyond top-level package
2026-01-03 09:06:13,297 | INFO | src.core.warmup_manager |   🔄 Executing: warmup_regime
2026-01-03 09:06:13,298 | INFO | src.core.warmup_manager | Market regime detection warmed up for 1 symbols
2026-01-03 09:06:13,298 | INFO | src.core.warmup_manager |   ✅ Completed: warmup_regime (0.00s, 1 data points)
2026-01-03 09:06:13,299 | INFO | src.core.warmup_manager |   🔄 Executing: warmup_strategies
2026-01-03 09:06:13,303 | INFO | src.core.warmup_manager | Adaptive strategy manager not available for warmup
2026-01-03 09:06:13,303 | INFO | src.core.warmup_manager | Strategy managers warmed up for 0 symbols
2026-01-03 09:06:13,304 | INFO | src.core.warmup_manager |   ✅ Completed: warmup_strategies (0.00s, 0 data points)
2026-01-03 09:06:13,304 | INFO | src.core.warmup_manager |   🔄 Executing: validate_warmup
2026-01-03 09:06:13,304 | ERROR | src.core.warmup_manager | Warmup validation failed: Only 1/10 symbols warmed
2026-01-03 09:06:13,304 | ERROR | src.core.warmup_manager |   ❌ Failed: validate_warmup (0.00s) - Only 1/10 symbols warmed
2026-01-03 09:06:13,304 | ERROR | src.core.warmup_manager | ❌ Warmup FAILED with 2 task failures
2026-01-03 09:06:13,304 | INFO | src.core.warmup_manager | ============================================================
2026-01-03 09:06:13,305 | INFO | src.core.warmup_manager | WARMUP SUMMARY
2026-01-03 09:06:13,305 | INFO | src.core.warmup_manager | ============================================================
2026-01-03 09:06:13,305 | INFO | src.core.warmup_manager | Status: FAILED
2026-01-03 09:06:13,305 | INFO | src.core.warmup_manager | Duration: 6.58 seconds
2026-01-03 09:06:13,305 | INFO | src.core.warmup_manager | Symbols warmed: 1/10
2026-01-03 09:06:13,305 | INFO | src.core.warmup_manager | Tasks completed: 4/6
2026-01-03 09:06:13,305 | INFO | src.core.warmup_manager | Failed tasks: 2
2026-01-03 09:06:13,305 | ERROR | src.core.warmup_manager |   - warmup_timing: attempted relative import beyond top-level package
2026-01-03 09:06:13,306 | ERROR | src.core.warmup_manager |   - validate_warmup: Only 1/10 symbols warmed
2026-01-03 09:06:13,306 | INFO | src.core.warmup_manager | Indicator Status:
2026-01-03 09:06:13,306 | INFO | src.core.warmup_manager |   ❌ SMA_20
2026-01-03 09:06:13,306 | INFO | src.core.warmup_manager |   ❌ SMA_50
2026-01-03 09:06:13,306 | INFO | src.core.warmup_manager |   ❌ EMA_12
2026-01-03 09:06:13,306 | INFO | src.core.warmup_manager |   ❌ EMA_26
2026-01-03 09:06:13,306 | INFO | src.core.warmup_manager |   ❌ RSI_14
2026-01-03 09:06:13,307 | INFO | src.core.warmup_manager |   ❌ MACD
2026-01-03 09:06:13,307 | INFO | src.core.warmup_manager |   ❌ ATR_14
2026-01-03 09:06:13,307 | INFO | src.core.warmup_manager |   ❌ BOLLINGER_BANDS
2026-01-03 09:06:13,307 | INFO | src.core.warmup_manager | ============================================================
2026-01-03 09:06:13,310 | INFO | src.utils.sector_manager | Sector manager initialized
2026-01-03 09:06:13,310 | INFO | src.core.risk_manager | Risk Manager initialized with comprehensive risk controls
2026-01-03 09:06:13,310 | INFO | src.core.risk_governor | Added risk rule: EmergencyStop (priority: 5)
2026-01-03 09:06:13,310 | INFO | src.core.risk_governor | Added risk rule: MarketHours (priority: 10)
2026-01-03 09:06:13,311 | INFO | src.core.risk_governor | Added risk rule: DailyLossLimit (priority: 15)
2026-01-03 09:06:13,311 | INFO | src.core.risk_governor | Added risk rule: VolatilityAdjustment (priority: 25)
2026-01-03 09:06:13,311 | INFO | src.core.risk_governor | Risk Governor initialized with 4 risk rules
2026-01-03 09:06:13,311 | INFO | src.core.warmup_manager | WarmupManager initialized for 100 symbols with 60 days lookback
2026-01-03 09:06:13,315 | WARNING | src.core.engine | Failed to initialize adaptive strategies: attempted relative import beyond top-level package
2026-01-03 09:06:13,315 | INFO | src.core.engine | Trading engine initialized with timing intelligence disabled
2026-01-03 09:06:13,315 | INFO | src.core.engine | Trading engine initialized with enhanced risk management
2026-01-03 09:06:13,315 | INFO | src.execution.adapter | Initialized PAPER execution adapter
2026-01-03 09:06:13,316 | INFO | src.broker.zerodha | ZerodhaBroker initialized in PAPER mode
2026-01-03 09:06:13,316 | INFO | src.broker.zerodha | Paper trading: No real connection required
2026-01-03 09:06:13,316 | INFO | src.execution.paper | Paper trading initialized
2026-01-03 09:06:13,316 | INFO | src.execution.paper | Paper trading mode initialized
2026-01-03 09:06:13,318 | INFO | src.core.system_arming | Added kill switch: emergency_file (Critical)
2026-01-03 09:06:13,319 | INFO | src.core.system_arming | Added kill switch: daily_loss_limit (Critical)
2026-01-03 09:06:13,319 | INFO | src.core.system_arming | Added kill switch: capital_availability (Critical)
2026-01-03 09:06:13,319 | INFO | src.core.system_arming | Added kill switch: market_hours (Non-critical)
2026-01-03 09:06:13,319 | INFO | src.core.system_arming | Added kill switch: system_health (Critical)
2026-01-03 09:06:13,319 | INFO | src.core.system_arming | Added kill switch: config_integrity (Critical)
2026-01-03 09:06:13,319 | INFO | src.core.system_arming | Added kill switch: state_integrity (Critical)
2026-01-03 09:06:13,320 | INFO | src.core.system_arming | System Arming initialized with 7 kill switches
2026-01-03 09:06:13,320 | INFO | src.core.system_arming | Starting system arming sequence...
2026-01-03 09:06:13,323 | ERROR | src.core.system_arming | Capital availability check failed: 'CapitalParameters' object has no attribute 'max_position_value'
2026-01-03 09:06:13,323 | ERROR | src.core.system_arming | Critical safety check failed: capital_availability
2026-01-03 09:06:17,339 | INFO | src.core.system_arming | Starting system arming sequence...
2026-01-03 09:06:17,342 | ERROR | src.core.system_arming | Capital availability check failed: 'CapitalParameters' object has no attribute 'max_position_value'
2026-01-03 09:06:17,346 | INFO | src.core.system_arming | 🔒 SYSTEM ARMED at 09:06:17
2026-01-03 09:06:17,347 | WARNING | src.core.system_arming | ⚠️  FORCE ARMED with 1 critical failures!
2026-01-03 09:06:17,348 | WARNING | src.core.engine | No regime manager available
2026-01-03 09:06:17,349 | INFO | src.screener.excel_screener | ============================================================
2026-01-03 09:06:17,349 | INFO | src.screener.excel_screener | STARTING EXCEL-DRIVEN SCREENER
2026-01-03 09:06:17,349 | INFO | src.screener.excel_screener | ============================================================
2026-01-03 09:06:18,841 | INFO | src.screener.excel_screener | Loaded 14 screener rules
2026-01-03 09:06:19,409 | INFO | src.screener.excel_screener | 
 ACTIVE FILTER RULES:
2026-01-03 09:06:21,162 | INFO | src.screener.excel_screener | Loaded 100 enabled stocks from universe
2026-01-03 09:06:23,457 | INFO | src.screener.excel_screener | Loaded sector mapping for 100 symbols
2026-01-03 09:06:24,207 | INFO | src.screener.excel_screener | Market Trend: BULLISH
2026-01-03 09:06:24,245 | INFO | src.screener.excel_screener | Successfully fetched data for 100/100 symbols
2026-01-03 09:06:24,253 | INFO | src.screener.excel_screener | Bulk data received: 100 symbols with data
2026-01-03 09:06:24,481 | INFO | src.screener.excel_screener | Starting screening of 100 symbols. Bulk data has 100 entries
2026-01-03 09:06:24,481 | INFO | src.screener.excel_screener | HDFCBANK: Processing 60 bars
2026-01-03 09:06:24,486 | INFO | src.screener.excel_screener | ICICIBANK: Processing 60 bars
2026-01-03 09:06:24,494 | INFO | src.screener.excel_screener | KOTAKBANK: Processing 60 bars
2026-01-03 09:06:24,499 | INFO | src.screener.excel_screener | AXISBANK: Processing 60 bars
2026-01-03 09:06:24,505 | INFO | src.screener.excel_screener | SBIN: Processing 60 bars
2026-01-03 09:06:24,510 | INFO | src.screener.excel_screener | TCS: Processing 60 bars
2026-01-03 09:06:24,514 | INFO | src.screener.excel_screener | INFY: Processing 60 bars
2026-01-03 09:06:24,519 | INFO | src.screener.excel_screener | HCLTECH: Processing 60 bars
2026-01-03 09:06:24,525 | INFO | src.screener.excel_screener | WIPRO: Processing 60 bars
2026-01-03 09:06:24,529 | INFO | src.screener.excel_screener | TECHM: Processing 60 bars
2026-01-03 09:06:24,537 | INFO | src.screener.excel_screener | SUNPHARMA: Processing 60 bars
2026-01-03 09:06:24,542 | INFO | src.screener.excel_screener | CIPLA: Processing 60 bars
2026-01-03 09:06:24,547 | INFO | src.screener.excel_screener | DRREDDY: Processing 60 bars
2026-01-03 09:06:24,552 | INFO | src.screener.excel_screener | LUPIN: Processing 60 bars
2026-01-03 09:06:24,557 | INFO | src.screener.excel_screener | TORNTPHARM: Processing 60 bars
2026-01-03 09:06:24,562 | INFO | src.screener.excel_screener | HINDUNILVR: Processing 60 bars
2026-01-03 09:06:24,567 | INFO | src.screener.excel_screener | ITC: Processing 60 bars
2026-01-03 09:06:24,573 | INFO | src.screener.excel_screener | NESTLEIND: Processing 60 bars
2026-01-03 09:06:24,578 | INFO | src.screener.excel_screener | BRITANNIA: Processing 59 bars
2026-01-03 09:06:24,582 | INFO | src.screener.excel_screener | DABUR: Processing 60 bars
2026-01-03 09:06:24,589 | INFO | src.screener.excel_screener | MARUTI: Processing 60 bars
2026-01-03 09:06:24,594 | INFO | src.screener.excel_screener | M&M: Processing 60 bars
2026-01-03 09:06:24,598 | INFO | src.screener.excel_screener | BAJAJ-AUTO: Processing 60 bars
2026-01-03 09:06:24,605 | INFO | src.screener.excel_screener | EICHERMOT: Processing 60 bars
2026-01-03 09:06:24,612 | INFO | src.screener.excel_screener | RELIANCE: Processing 60 bars
2026-01-03 09:06:24,617 | INFO | src.screener.excel_screener | ONGC: Processing 60 bars
2026-01-03 09:06:24,625 | INFO | src.screener.excel_screener | BPCL: Processing 60 bars
2026-01-03 09:06:24,630 | INFO | src.screener.excel_screener | IOC: Processing 60 bars
2026-01-03 09:06:24,636 | INFO | src.screener.excel_screener | GAIL: Processing 60 bars
2026-01-03 09:06:24,642 | INFO | src.screener.excel_screener | TATASTEEL: Processing 60 bars
2026-01-03 09:06:24,647 | INFO | src.screener.excel_screener | HINDALCO: Processing 60 bars
2026-01-03 09:06:24,654 | INFO | src.screener.excel_screener | JSWSTEEL: Processing 60 bars
2026-01-03 09:06:24,660 | INFO | src.screener.excel_screener | COALINDIA: Processing 60 bars
2026-01-03 09:06:24,665 | INFO | src.screener.excel_screener | VEDL: Processing 60 bars
2026-01-03 09:06:24,672 | INFO | src.screener.excel_screener | ULTRACEMCO: Processing 60 bars
2026-01-03 09:06:24,677 | INFO | src.screener.excel_screener | SHREECEM: Processing 58 bars
2026-01-03 09:06:24,682 | INFO | src.screener.excel_screener | AMBUJACEM: Processing 60 bars
2026-01-03 09:06:24,691 | INFO | src.screener.excel_screener | ACC: Processing 60 bars
2026-01-03 09:06:24,696 | INFO | src.screener.excel_screener | DALBHARAT: Processing 58 bars
2026-01-03 09:06:24,700 | INFO | src.screener.excel_screener | POWERGRID: Processing 60 bars
2026-01-03 09:06:24,709 | INFO | src.screener.excel_screener | NTPC: Processing 60 bars
2026-01-03 09:06:24,714 | INFO | src.screener.excel_screener | ADANIGREEN: Processing 60 bars
2026-01-03 09:06:24,721 | INFO | src.screener.excel_screener | TATAPOWER: Processing 60 bars
2026-01-03 09:06:24,728 | INFO | src.screener.excel_screener | JSWENERGY: Processing 60 bars
2026-01-03 09:06:24,734 | INFO | src.screener.excel_screener | BHARTIARTL: Processing 60 bars
2026-01-03 09:06:24,743 | INFO | src.screener.excel_screener | JIOFIN: Processing 58 bars
2026-01-03 09:06:24,749 | INFO | src.screener.excel_screener | IDEA: Processing 60 bars
2026-01-03 09:06:24,758 | INFO | src.screener.excel_screener | INDUSTOWER: Processing 60 bars
2026-01-03 09:06:24,764 | INFO | src.screener.excel_screener | TATACOMM: Processing 59 bars
2026-01-03 09:06:24,772 | INFO | src.screener.excel_screener | UPL: Processing 60 bars
2026-01-03 09:06:24,777 | INFO | src.screener.excel_screener | SRF: Processing 59 bars
2026-01-03 09:06:24,783 | INFO | src.screener.excel_screener | PIDILITIND: Processing 60 bars
2026-01-03 09:06:24,791 | INFO | src.screener.excel_screener | ASIANPAINT: Processing 60 bars
2026-01-03 09:06:24,797 | INFO | src.screener.excel_screener | AARTIIND: Processing 60 bars
2026-01-03 09:06:24,805 | INFO | src.screener.excel_screener | LT: Processing 60 bars
2026-01-03 09:06:24,812 | INFO | src.screener.excel_screener | SIEMENS: Processing 60 bars
2026-01-03 09:06:24,818 | INFO | src.screener.excel_screener | ABB: Processing 59 bars
2026-01-03 09:06:24,827 | INFO | src.screener.excel_screener | BHEL: Processing 60 bars
2026-01-03 09:06:24,832 | INFO | src.screener.excel_screener | CUMMINSIND: Processing 60 bars
2026-01-03 09:06:24,840 | INFO | src.screener.excel_screener | APOLLOHOSP: Processing 60 bars
2026-01-03 09:06:24,846 | INFO | src.screener.excel_screener | MAXHEALTH: Processing 60 bars
2026-01-03 09:06:24,853 | INFO | src.screener.excel_screener | NH: Processing 60 bars
2026-01-03 09:06:24,860 | INFO | src.screener.excel_screener | FORTIS: Processing 60 bars
2026-01-03 09:06:24,866 | INFO | src.screener.excel_screener | MEDANTA: Processing 59 bars
2026-01-03 09:06:24,874 | INFO | src.screener.excel_screener | DLF: Processing 60 bars
2026-01-03 09:06:24,880 | INFO | src.screener.excel_screener | GODREJPROP: Processing 60 bars
2026-01-03 09:06:24,885 | INFO | src.screener.excel_screener | OBEROIRLTY: Processing 59 bars
2026-01-03 09:06:24,892 | INFO | src.screener.excel_screener | PRESTIGE: Processing 60 bars
2026-01-03 09:06:24,898 | INFO | src.screener.excel_screener | BRIGADE: Processing 60 bars
2026-01-03 09:06:24,905 | INFO | src.screener.excel_screener | TITAN: Processing 60 bars
2026-01-03 09:06:24,910 | INFO | src.screener.excel_screener | HAVELLS: Processing 60 bars
2026-01-03 09:06:24,916 | INFO | src.screener.excel_screener | VOLTAS: Processing 60 bars
2026-01-03 09:06:24,924 | INFO | src.screener.excel_screener | BLUESTARCO: Processing 59 bars
2026-01-03 09:06:24,930 | INFO | src.screener.excel_screener | CROMPTON: Processing 60 bars
2026-01-03 09:06:24,936 | INFO | src.screener.excel_screener | PAGEIND: Processing 58 bars
2026-01-03 09:06:24,941 | INFO | src.screener.excel_screener | ABFRL: Processing 60 bars
2026-01-03 09:06:24,946 | INFO | src.screener.excel_screener | RAYMOND: Processing 60 bars
2026-01-03 09:06:24,953 | INFO | src.screener.excel_screener | GRASIM: Processing 60 bars
2026-01-03 09:06:24,959 | INFO | src.screener.excel_screener | TRIDENT: Processing 60 bars
2026-01-03 09:06:24,965 | INFO | src.screener.excel_screener | ZEEL: Processing 60 bars
2026-01-03 09:06:24,971 | INFO | src.screener.excel_screener | PVRINOX: Processing 58 bars
2026-01-03 09:06:24,977 | INFO | src.screener.excel_screener | SUNTV: Processing 59 bars
2026-01-03 09:06:24,982 | INFO | src.screener.excel_screener | SAREGAMA: Processing 59 bars
2026-01-03 09:06:24,989 | INFO | src.screener.excel_screener | MAHLOG: Processing 59 bars
2026-01-03 09:06:24,995 | INFO | src.screener.excel_screener | BLUEDART: Processing 58 bars
2026-01-03 09:06:25,000 | INFO | src.screener.excel_screener | VRLLOG: Processing 59 bars
2026-01-03 09:06:25,007 | INFO | src.screener.excel_screener | TCIEXP: Processing 60 bars
2026-01-03 09:06:25,012 | INFO | src.screener.excel_screener | CONCOR: Processing 60 bars
2026-01-03 09:06:25,018 | INFO | src.screener.excel_screener | DMART: Processing 60 bars
2026-01-03 09:06:25,025 | INFO | src.screener.excel_screener | TRENT: Processing 60 bars
2026-01-03 09:06:25,030 | INFO | src.screener.excel_screener | VMART: Processing 59 bars
2026-01-03 09:06:25,035 | INFO | src.screener.excel_screener | SHOPERSTOP: Processing 59 bars
2026-01-03 09:06:25,041 | INFO | src.screener.excel_screener | RELAXO: Processing 59 bars
2026-01-03 09:06:25,046 | INFO | src.screener.excel_screener | HAL: Processing 60 bars
2026-01-03 09:06:25,050 | INFO | src.screener.excel_screener | BEL: Processing 60 bars
2026-01-03 09:06:25,058 | INFO | src.screener.excel_screener | BDL: Processing 60 bars
2026-01-03 09:06:25,063 | INFO | src.screener.excel_screener | MAZDOCK: Processing 60 bars
2026-01-03 09:06:25,069 | INFO | src.screener.excel_screener | SOLARINDS: Processing 60 bars
2026-01-03 09:06:25,076 | INFO | src.screener.excel_screener | SHRIRAMFIN: Processing 60 bars
2026-01-03 09:06:25,080 | INFO | src.screener.excel_screener | TATACONSUM: Processing 60 bars
2026-01-03 09:06:25,087 | INFO | src.screener.excel_screener | 
📊 REJECTION STATISTICS:
2026-01-03 09:06:25,087 | INFO | src.screener.excel_screener |    Total Processed: 100
2026-01-03 09:06:25,087 | INFO | src.screener.excel_screener |    Passed: 26
2026-01-03 09:06:25,087 | INFO | src.screener.excel_screener |    Rejected: 74
2026-01-03 09:06:25,088 | INFO | src.screener.excel_screener | 
   Top Rejection Reasons:
2026-01-03 09:06:25,088 | INFO | src.screener.excel_screener | Metrics calculated: 100, Passed: 26, Rejected: 74, Insufficient bars: 0, Missing data: 0
2026-01-03 09:06:25,090 | INFO | src.screener.excel_screener | Max trades (adjusted for BULLISH): 8
2026-01-03 09:06:25,091 | INFO | src.screener.excel_screener | 
============================================================
2026-01-03 09:06:25,091 | INFO | src.screener.excel_screener | TOP PICKS:
2026-01-03 09:06:25,091 | INFO | src.screener.excel_screener | ============================================================
2026-01-03 09:06:25,092 | INFO | src.screener.excel_screener | INDUSTOWER | Score:  47.37 | Price: Rs. 442.05 | BULLISH_TREND,HIGH_VOLUME,STRONG_TREND
2026-01-03 09:06:25,092 | INFO | src.screener.excel_screener | HINDALCO   | Score:  42.61 | Price: Rs. 925.70 | BULLISH_TREND,HIGH_VOLUME,STRONG_TREND
2026-01-03 09:06:25,092 | INFO | src.screener.excel_screener | COALINDIA  | Score:  39.61 | Price: Rs. 427.90 | BULLISH_TREND,HIGH_VOLUME,STRONG_TREND
2026-01-03 09:06:25,093 | INFO | src.screener.excel_screener | BLUEDART   | Score:  34.99 | Price: Rs.5593.50 | NEAR_EMA20,HIGH_VOLUME
2026-01-03 09:06:25,093 | INFO | src.screener.excel_screener | UPL        | Score:  34.61 | Price: Rs. 804.65 | BULLISH_TREND
2026-01-03 09:06:27,656 | INFO | src.screener.excel_screener | Written 8 results to Excel: SCREENER_OUTPUT
2026-01-03 09:06:28,621 | INFO | src.screener.excel_screener | ============================================================
2026-01-03 09:06:28,621 | INFO | src.screener.excel_screener | SCREENER COMPLETE
2026-01-03 09:06:28,621 | INFO | src.screener.excel_screener | ============================================================
2026-01-03 09:06:28,627 | WARNING | src.core.engine | DUPLICATE PREVENTED: HINDALCO has pending order | order_id: ORD_HINDALCO_1767147605717 | qty: 2
2026-01-03 09:06:28,630 | WARNING | src.core.engine | DUPLICATE PREVENTED: COALINDIA has pending order | order_id: ORD_COALINDIA_1767411277949 | qty: 4
2026-01-03 09:06:28,634 | WARNING | src.core.engine | DUPLICATE PREVENTED: INDUSTOWER has pending order | order_id: ORD_INDUSTOWER_1767411278186 | qty: 2
2026-01-03 09:06:28,641 | INFO | src.core.engine | UPL: Adaptive strategy not enabled, using defaults
2026-01-03 09:06:28,641 | INFO | src.core.engine | UPL: Reserving capital for proposed order - Value: Rs.1,609.30
2026-01-03 09:06:28,642 | INFO | src.core.engine | UPL: Reserved capital for proposed order - Value: Rs.1,609.30
2026-01-03 09:06:28,642 | INFO | src.core.risk_governor | Risk Governor evaluating trade: UPL x 2
2026-01-03 09:06:28,643 | INFO | src.core.risk_manager | Risk assessment for UPL: APPROVED (Score: 10.0, Level: LOW)
2026-01-03 09:06:28,643 | INFO | src.core.risk_governor | Risk Governor final decision: APPROVE for UPL
2026-01-03 09:06:28,644 | INFO | src.core.engine | UPL: Risk Governor APPROVED
2026-01-03 09:06:28,652 | INFO | src.core.engine | UPL: Order created | BUY 2 @ Rs.804.65 | SL: Rs.792.30, Target: Rs.843.20
2026-01-03 09:06:28,866 | INFO | src.broker.zerodha | PAPER OrderSide.BUY   2 UPL      @ ₹804.65 | Order: PAPER-UPL-OrderSide.BUY-1767411388866
2026-01-03 09:06:28,867 | INFO | src.execution.paper | UPL: Paper order placed | OrderSide.BUY 2 @ ₹804.65 | Order: PAPER-UPL-OrderSide.BUY-1767411388866
2026-01-03 09:06:28,868 | INFO | src.execution.adapter | UPL: Signal processed and order placed
2026-01-03 09:06:28,909 | INFO | src.core.engine | SRF: Adaptive strategy not enabled, using defaults
2026-01-03 09:06:28,910 | INFO | src.core.engine | SRF: Reserving capital for proposed order - Value: Rs.3,059.50
2026-01-03 09:06:28,911 | ERROR | src.core.engine | Error processing signal for SRF: Insufficient capital. Need Rs.3059.50, have Rs.2640.70 releasing capital reservation Rs.3,059.50
2026-01-03 09:06:28,917 | INFO | src.core.engine | CUMMINSIND: Adaptive strategy not enabled, using defaults
2026-01-03 09:06:28,920 | INFO | src.core.engine | CUMMINSIND: Reserving capital for proposed order - Value: Rs.4,482.10
2026-01-03 09:06:28,925 | ERROR | src.core.engine | Error processing signal for CUMMINSIND: Insufficient capital. Need Rs.4482.10, have Rs.4250.00 releasing capital reservation Rs.4,482.10
2026-01-03 09:06:28,940 | WARNING | src.core.engine | DUPLICATE PREVENTED: SAREGAMA has pending order | order_id: ORD_SAREGAMA_1767411278461 | qty: 2
2026-01-03 09:06:29,047 | INFO | src.core.engine | BLUEDART: Adaptive strategy not enabled, using defaults
2026-01-03 09:06:29,109 | INFO | src.core.engine | BLUEDART: Reserving capital for proposed order - Value: Rs.5,593.50
2026-01-03 09:06:29,165 | ERROR | src.core.engine | Error processing signal for BLUEDART: Insufficient capital. Need Rs.5593.50, have Rs.4250.00 releasing capital reservation Rs.5,593.50
2026-01-03 15:41:56,835 | INFO | config.enhanced_config_manager | Timing config loaded: enabled=False
2026-01-03 15:41:56,839 | INFO | src.core.risk_manager | Risk Manager initialized with comprehensive risk controls
2026-01-03 15:41:56,839 | INFO | src.screener.excel_screener | Excel screener initialized: MiniRobo.xlsx
2026-01-03 15:41:59,328 | INFO | src.screener.excel_screener | Loaded 100 enabled stocks from universe
2026-01-03 15:41:59,979 | INFO | src.core.warmup_manager | WarmupManager initialized for 10 symbols with 60 days lookback
2026-01-03 15:41:59,986 | INFO | src.core.warmup_manager | 🔥 Starting system warmup sequence...
2026-01-03 15:41:59,987 | INFO | src.core.warmup_manager |   🔄 Executing: load_market_data
2026-01-03 15:42:01,290 | ERROR | yfinance | $HDFCBANK: possibly delisted; no timezone found
2026-01-03 15:42:01,291 | WARNING | src.core.warmup_manager | Insufficient data for HDFCBANK: 0 days
2026-01-03 15:42:02,465 | ERROR | yfinance | HTTP Error 404: {"quoteSummary":{"result":null,"error":{"code":"Not Found","description":"Quote not found for symbol: ICICIBANK"}}}
2026-01-03 15:42:02,597 | ERROR | yfinance | $ICICIBANK: possibly delisted; no timezone found
2026-01-03 15:42:02,597 | WARNING | src.core.warmup_manager | Insufficient data for ICICIBANK: 0 days
2026-01-03 15:42:03,012 | ERROR | yfinance | $KOTAKBANK: possibly delisted; no timezone found
2026-01-03 15:42:03,013 | WARNING | src.core.warmup_manager | Insufficient data for KOTAKBANK: 0 days
2026-01-03 15:42:03,580 | ERROR | yfinance | $AXISBANK: possibly delisted; no timezone found
2026-01-03 15:42:03,581 | WARNING | src.core.warmup_manager | Insufficient data for AXISBANK: 0 days
2026-01-03 15:42:04,101 | ERROR | yfinance | $SBIN: possibly delisted; no timezone found
2026-01-03 15:42:04,102 | WARNING | src.core.warmup_manager | Insufficient data for SBIN: 0 days
2026-01-03 15:42:04,846 | ERROR | yfinance | $TCS: possibly delisted; no timezone found
2026-01-03 15:42:04,846 | WARNING | src.core.warmup_manager | Insufficient data for TCS: 0 days
2026-01-03 15:42:11,159 | ERROR | yfinance | $HCLTECH: possibly delisted; no timezone found
2026-01-03 15:42:11,160 | WARNING | src.core.warmup_manager | Insufficient data for HCLTECH: 0 days
2026-01-03 15:42:11,601 | ERROR | yfinance | $WIPRO: possibly delisted; no timezone found
2026-01-03 15:42:11,603 | WARNING | src.core.warmup_manager | Insufficient data for WIPRO: 0 days
2026-01-03 15:42:12,017 | ERROR | yfinance | $TECHM: possibly delisted; no timezone found
2026-01-03 15:42:12,018 | WARNING | src.core.warmup_manager | Insufficient data for TECHM: 0 days
2026-01-03 15:42:12,018 | INFO | src.core.warmup_manager | Market data loaded: 1/10 symbols, 41 total data points
2026-01-03 15:42:12,018 | INFO | src.core.warmup_manager |   ✅ Completed: load_market_data (12.03s, 41 data points)
2026-01-03 15:42:12,018 | INFO | src.core.warmup_manager |   🔄 Executing: calculate_indicators
2026-01-03 15:42:12,064 | INFO | src.core.warmup_manager | Technical indicators calculated: 13 total indicators
2026-01-03 15:42:12,064 | INFO | src.core.warmup_manager |   ✅ Completed: calculate_indicators (0.05s, 13 data points)
2026-01-03 15:42:12,064 | INFO | src.core.warmup_manager |   🔄 Executing: warmup_timing
2026-01-03 15:42:17,983 | ERROR | src.core.warmup_manager | Timing warmup failed: attempted relative import beyond top-level package
2026-01-03 15:42:17,984 | ERROR | src.core.warmup_manager |   ❌ Failed: warmup_timing (5.92s) - attempted relative import beyond top-level package
2026-01-03 15:42:17,984 | INFO | src.core.warmup_manager |   🔄 Executing: warmup_regime
2026-01-03 15:42:17,987 | INFO | src.core.warmup_manager | Market regime detection warmed up for 1 symbols
2026-01-03 15:42:17,987 | INFO | src.core.warmup_manager |   ✅ Completed: warmup_regime (0.00s, 1 data points)
2026-01-03 15:42:17,987 | INFO | src.core.warmup_manager |   🔄 Executing: warmup_strategies
2026-01-03 15:42:17,991 | INFO | src.core.warmup_manager | Adaptive strategy manager not available for warmup
2026-01-03 15:42:17,991 | INFO | src.core.warmup_manager | Strategy managers warmed up for 0 symbols
2026-01-03 15:42:17,992 | INFO | src.core.warmup_manager |   ✅ Completed: warmup_strategies (0.00s, 0 data points)
2026-01-03 15:42:17,992 | INFO | src.core.warmup_manager |   🔄 Executing: validate_warmup
2026-01-03 15:42:17,992 | ERROR | src.core.warmup_manager | Warmup validation failed: Only 1/10 symbols warmed
2026-01-03 15:42:17,992 | ERROR | src.core.warmup_manager |   ❌ Failed: validate_warmup (0.00s) - Only 1/10 symbols warmed
2026-01-03 15:42:17,993 | ERROR | src.core.warmup_manager | ❌ Warmup FAILED with 2 task failures
2026-01-03 15:42:17,993 | INFO | src.core.warmup_manager | ============================================================
2026-01-03 15:42:17,993 | INFO | src.core.warmup_manager | WARMUP SUMMARY
2026-01-03 15:42:17,993 | INFO | src.core.warmup_manager | ============================================================
2026-01-03 15:42:17,993 | INFO | src.core.warmup_manager | Status: FAILED
2026-01-03 15:42:17,993 | INFO | src.core.warmup_manager | Duration: 18.01 seconds
2026-01-03 15:42:17,994 | INFO | src.core.warmup_manager | Symbols warmed: 1/10
2026-01-03 15:42:17,994 | INFO | src.core.warmup_manager | Tasks completed: 4/6
2026-01-03 15:42:17,994 | INFO | src.core.warmup_manager | Failed tasks: 2
2026-01-03 15:42:17,994 | ERROR | src.core.warmup_manager |   - warmup_timing: attempted relative import beyond top-level package
2026-01-03 15:42:17,994 | ERROR | src.core.warmup_manager |   - validate_warmup: Only 1/10 symbols warmed
2026-01-03 15:42:17,994 | INFO | src.core.warmup_manager | Indicator Status:
2026-01-03 15:42:17,994 | INFO | src.core.warmup_manager |   ❌ SMA_20
2026-01-03 15:42:17,994 | INFO | src.core.warmup_manager |   ❌ SMA_50
2026-01-03 15:42:17,995 | INFO | src.core.warmup_manager |   ❌ EMA_12
2026-01-03 15:42:17,995 | INFO | src.core.warmup_manager |   ❌ EMA_26
2026-01-03 15:42:17,995 | INFO | src.core.warmup_manager |   ❌ RSI_14
2026-01-03 15:42:17,995 | INFO | src.core.warmup_manager |   ❌ MACD
2026-01-03 15:42:17,995 | INFO | src.core.warmup_manager |   ❌ ATR_14
2026-01-03 15:42:17,995 | INFO | src.core.warmup_manager |   ❌ BOLLINGER_BANDS
2026-01-03 15:42:17,995 | INFO | src.core.warmup_manager | ============================================================
2026-01-03 15:42:17,996 | INFO | src.utils.sector_manager | Sector manager initialized
2026-01-03 15:42:17,996 | INFO | src.core.risk_manager | Risk Manager initialized with comprehensive risk controls
2026-01-03 15:42:17,996 | INFO | src.core.risk_governor | Added risk rule: EmergencyStop (priority: 5)
2026-01-03 15:42:17,997 | INFO | src.core.risk_governor | Added risk rule: MarketHours (priority: 10)
2026-01-03 15:42:17,997 | INFO | src.core.risk_governor | Added risk rule: DailyLossLimit (priority: 15)
2026-01-03 15:42:17,997 | INFO | src.core.risk_governor | Added risk rule: VolatilityAdjustment (priority: 25)
2026-01-03 15:42:17,997 | INFO | src.core.risk_governor | Risk Governor initialized with 4 risk rules
2026-01-03 15:42:17,997 | INFO | src.core.warmup_manager | WarmupManager initialized for 100 symbols with 60 days lookback
2026-01-03 15:42:18,005 | WARNING | src.core.engine | Failed to initialize adaptive strategies: attempted relative import beyond top-level package
2026-01-03 15:42:18,005 | INFO | src.core.engine | Trading engine initialized with timing intelligence disabled
2026-01-03 15:42:18,005 | INFO | src.core.engine | Trading engine initialized with enhanced risk management
2026-01-03 15:42:18,005 | INFO | src.execution.adapter | Initialized PAPER execution adapter
2026-01-03 15:42:18,005 | INFO | src.broker.zerodha | ZerodhaBroker initialized in PAPER mode
2026-01-03 15:42:18,006 | INFO | src.broker.zerodha | Paper trading: No real connection required
2026-01-03 15:42:18,006 | INFO | src.execution.paper | Paper trading initialized
2026-01-03 15:42:18,006 | INFO | src.execution.paper | Paper trading mode initialized
2026-01-03 15:42:18,010 | INFO | src.core.system_arming | Added kill switch: emergency_file (Critical)
2026-01-03 15:42:18,011 | INFO | src.core.system_arming | Added kill switch: daily_loss_limit (Critical)
2026-01-03 15:42:18,011 | INFO | src.core.system_arming | Added kill switch: capital_availability (Critical)
2026-01-03 15:42:18,011 | INFO | src.core.system_arming | Added kill switch: market_hours (Non-critical)
2026-01-03 15:42:18,011 | INFO | src.core.system_arming | Added kill switch: system_health (Critical)
2026-01-03 15:42:18,011 | INFO | src.core.system_arming | Added kill switch: config_integrity (Critical)
2026-01-03 15:42:18,011 | INFO | src.core.system_arming | Added kill switch: state_integrity (Critical)
2026-01-03 15:42:18,011 | INFO | src.core.system_arming | System Arming initialized with 7 kill switches
2026-01-03 15:42:18,012 | INFO | src.core.system_arming | Starting system arming sequence...
2026-01-03 15:42:18,013 | ERROR | src.core.system_arming | Capital availability check failed: 'CapitalParameters' object has no attribute 'max_position_value'
2026-01-03 15:42:18,013 | ERROR | src.core.system_arming | Critical safety check failed: capital_availability
2026-01-03 15:42:27,533 | INFO | src.core.system_arming | Starting system arming sequence...
2026-01-03 15:42:27,535 | ERROR | src.core.system_arming | Capital availability check failed: 'CapitalParameters' object has no attribute 'max_position_value'
2026-01-03 15:42:27,563 | INFO | src.core.system_arming | 🔒 SYSTEM ARMED at 15:42:27
2026-01-03 15:42:27,564 | WARNING | src.core.system_arming | ⚠️  FORCE ARMED with 1 critical failures!
2026-01-03 15:42:27,566 | WARNING | src.core.engine | No regime manager available
2026-01-03 15:42:27,566 | INFO | src.screener.excel_screener | ============================================================
2026-01-03 15:42:27,566 | INFO | src.screener.excel_screener | STARTING EXCEL-DRIVEN SCREENER
2026-01-03 15:42:27,566 | INFO | src.screener.excel_screener | ============================================================
2026-01-03 15:42:29,052 | INFO | src.screener.excel_screener | Loaded 14 screener rules
2026-01-03 15:42:29,644 | INFO | src.screener.excel_screener | 
 ACTIVE FILTER RULES:
2026-01-03 15:42:31,180 | INFO | src.screener.excel_screener | Loaded 100 enabled stocks from universe
2026-01-03 15:42:33,227 | INFO | src.screener.excel_screener | Loaded sector mapping for 100 symbols
2026-01-03 15:42:33,984 | INFO | src.screener.excel_screener | Market Trend: BULLISH
2026-01-03 15:42:35,480 | INFO | src.screener.excel_screener | Successfully fetched data for 100/100 symbols
2026-01-03 15:42:35,481 | INFO | src.screener.excel_screener | Bulk data received: 100 symbols with data
2026-01-03 15:42:35,600 | INFO | src.screener.excel_screener | Starting screening of 100 symbols. Bulk data has 100 entries
2026-01-03 15:42:36,070 | INFO | src.screener.excel_screener | 
📊 REJECTION STATISTICS:
2026-01-03 15:42:36,070 | INFO | src.screener.excel_screener |    Total Processed: 100
2026-01-03 15:42:36,070 | INFO | src.screener.excel_screener |    Passed: 26
2026-01-03 15:42:36,070 | INFO | src.screener.excel_screener |    Rejected: 74
2026-01-03 15:42:36,070 | INFO | src.screener.excel_screener | 
   Top Rejection Reasons:
2026-01-03 15:42:36,071 | INFO | src.screener.excel_screener | Metrics calculated: 100, Passed: 26, Rejected: 74, Insufficient bars: 0, Missing data: 0
2026-01-03 15:42:36,074 | INFO | src.screener.excel_screener | Max trades (adjusted for BULLISH): 8
2026-01-03 15:42:36,074 | INFO | src.screener.excel_screener | 
============================================================
2026-01-03 15:42:36,074 | INFO | src.screener.excel_screener | TOP PICKS:
2026-01-03 15:42:36,074 | INFO | src.screener.excel_screener | ============================================================
2026-01-03 15:42:36,075 | INFO | src.screener.excel_screener | INDUSTOWER | Score:  47.37 | Price: Rs. 442.05 | BULLISH_TREND,HIGH_VOLUME,STRONG_TREND
2026-01-03 15:42:36,075 | INFO | src.screener.excel_screener | HINDALCO   | Score:  42.61 | Price: Rs. 925.70 | BULLISH_TREND,HIGH_VOLUME,STRONG_TREND
2026-01-03 15:42:36,075 | INFO | src.screener.excel_screener | COALINDIA  | Score:  39.61 | Price: Rs. 427.90 | BULLISH_TREND,HIGH_VOLUME,STRONG_TREND
2026-01-03 15:42:36,076 | INFO | src.screener.excel_screener | BLUEDART   | Score:  34.99 | Price: Rs.5593.50 | NEAR_EMA20,HIGH_VOLUME
2026-01-03 15:42:36,076 | INFO | src.screener.excel_screener | UPL        | Score:  34.61 | Price: Rs. 804.65 | BULLISH_TREND
2026-01-03 15:42:37,662 | INFO | src.screener.excel_screener | Written 8 results to Excel: SCREENER_OUTPUT
2026-01-03 15:42:38,243 | INFO | src.screener.excel_screener | ============================================================
2026-01-03 15:42:38,244 | INFO | src.screener.excel_screener | SCREENER COMPLETE
2026-01-03 15:42:38,244 | INFO | src.screener.excel_screener | ============================================================
2026-01-03 15:42:38,260 | WARNING | src.core.engine | DUPLICATE PREVENTED: HINDALCO has pending order | order_id: ORD_HINDALCO_1767147605717 | qty: 2
2026-01-03 15:42:38,262 | WARNING | src.core.engine | DUPLICATE PREVENTED: COALINDIA has pending order | order_id: ORD_COALINDIA_1767411277949 | qty: 4
2026-01-03 15:42:38,264 | WARNING | src.core.engine | DUPLICATE PREVENTED: INDUSTOWER has pending order | order_id: ORD_INDUSTOWER_1767411278186 | qty: 2
2026-01-03 15:42:38,265 | WARNING | src.core.engine | DUPLICATE PREVENTED: UPL has pending order | order_id: ORD_UPL_1767411388644 | qty: 2
2026-01-03 15:42:38,267 | INFO | src.core.engine | SRF: Adaptive strategy not enabled, using defaults
2026-01-03 15:42:38,268 | INFO | src.core.engine | SRF: Reserving capital for proposed order - Value: Rs.3,059.50
2026-01-03 15:42:38,268 | INFO | src.core.engine | SRF: Reserved capital for proposed order - Value: Rs.3,059.50
2026-01-03 15:42:38,268 | INFO | src.core.risk_governor | Risk Governor evaluating trade: SRF x 1
2026-01-03 15:42:38,268 | INFO | src.core.risk_manager | Risk assessment for SRF: APPROVED (Score: 50.0, Level: MEDIUM)
2026-01-03 15:42:38,269 | INFO | src.core.risk_governor | Risk Governor final decision: APPROVE for SRF
2026-01-03 15:42:38,269 | INFO | src.core.engine | SRF: Risk Governor APPROVED
2026-01-03 15:42:38,271 | INFO | src.core.engine | CUMMINSIND: Adaptive strategy not enabled, using defaults
2026-01-03 15:42:38,271 | INFO | src.core.engine | CUMMINSIND: Reserving capital for proposed order - Value: Rs.4,482.10
2026-01-03 15:42:38,271 | ERROR | src.core.engine | Error processing signal for CUMMINSIND: Insufficient capital. Need Rs.4482.10, have Rs.1190.50 releasing capital reservation Rs.4,482.10
2026-01-03 15:42:38,273 | WARNING | src.core.engine | DUPLICATE PREVENTED: SAREGAMA has pending order | order_id: ORD_SAREGAMA_1767411278461 | qty: 2
2026-01-03 15:42:38,277 | INFO | src.core.engine | BLUEDART: Adaptive strategy not enabled, using defaults
2026-01-03 15:42:38,278 | INFO | src.core.engine | BLUEDART: Reserving capital for proposed order - Value: Rs.5,593.50
2026-01-03 15:42:38,278 | ERROR | src.core.engine | Error processing signal for BLUEDART: Insufficient capital. Need Rs.5593.50, have Rs.4250.00 releasing capital reservation Rs.5,593.50
2026-01-03 15:43:57,954 | INFO | config.enhanced_config_manager | Timing config loaded: enabled=False
2026-01-03 15:43:57,956 | INFO | src.core.risk_manager | Risk Manager initialized with comprehensive risk controls
2026-01-03 15:43:57,957 | INFO | src.screener.excel_screener | Excel screener initialized: MiniRobo.xlsx
2026-01-03 15:43:59,572 | INFO | src.screener.excel_screener | Loaded 100 enabled stocks from universe
2026-01-03 15:44:00,132 | INFO | src.core.warmup_manager | WarmupManager initialized for 10 symbols with 60 days lookback
2026-01-03 15:44:00,132 | INFO | src.core.warmup_manager | 🔥 Starting system warmup sequence...
2026-01-03 15:44:00,132 | INFO | src.core.warmup_manager |   🔄 Executing: load_market_data
2026-01-03 15:44:01,331 | ERROR | yfinance | $HDFCBANK: possibly delisted; no timezone found
2026-01-03 15:44:01,332 | WARNING | src.core.warmup_manager | Insufficient data for HDFCBANK: 0 days
2026-01-03 15:44:02,195 | ERROR | yfinance | HTTP Error 404: {"quoteSummary":{"result":null,"error":{"code":"Not Found","description":"Quote not found for symbol: ICICIBANK"}}}
2026-01-03 15:44:02,403 | ERROR | yfinance | $ICICIBANK: possibly delisted; no timezone found
2026-01-03 15:44:02,404 | WARNING | src.core.warmup_manager | Insufficient data for ICICIBANK: 0 days
2026-01-03 15:44:03,156 | ERROR | yfinance | $KOTAKBANK: possibly delisted; no timezone found
2026-01-03 15:44:03,157 | WARNING | src.core.warmup_manager | Insufficient data for KOTAKBANK: 0 days
2026-01-03 15:44:03,569 | ERROR | yfinance | $AXISBANK: possibly delisted; no timezone found
2026-01-03 15:44:03,569 | WARNING | src.core.warmup_manager | Insufficient data for AXISBANK: 0 days
2026-01-03 15:44:04,128 | ERROR | yfinance | $SBIN: possibly delisted; no timezone found
2026-01-03 15:44:04,129 | WARNING | src.core.warmup_manager | Insufficient data for SBIN: 0 days
2026-01-03 15:44:04,474 | ERROR | yfinance | $TCS: possibly delisted; no timezone found
2026-01-03 15:44:04,475 | WARNING | src.core.warmup_manager | Insufficient data for TCS: 0 days
2026-01-03 15:44:10,840 | ERROR | yfinance | $HCLTECH: possibly delisted; no timezone found
2026-01-03 15:44:10,841 | WARNING | src.core.warmup_manager | Insufficient data for HCLTECH: 0 days
2026-01-03 15:44:11,401 | ERROR | yfinance | $WIPRO: possibly delisted; no timezone found
2026-01-03 15:44:11,403 | WARNING | src.core.warmup_manager | Insufficient data for WIPRO: 0 days
2026-01-03 15:44:11,792 | ERROR | yfinance | $TECHM: possibly delisted; no timezone found
2026-01-03 15:44:11,793 | WARNING | src.core.warmup_manager | Insufficient data for TECHM: 0 days
2026-01-03 15:44:11,793 | INFO | src.core.warmup_manager | Market data loaded: 1/10 symbols, 41 total data points
2026-01-03 15:44:11,794 | INFO | src.core.warmup_manager |   ✅ Completed: load_market_data (11.66s, 41 data points)
2026-01-03 15:44:11,794 | INFO | src.core.warmup_manager |   🔄 Executing: calculate_indicators
2026-01-03 15:44:11,834 | INFO | src.core.warmup_manager | Technical indicators calculated: 13 total indicators
2026-01-03 15:44:11,834 | INFO | src.core.warmup_manager |   ✅ Completed: calculate_indicators (0.04s, 13 data points)
2026-01-03 15:44:11,834 | INFO | src.core.warmup_manager |   🔄 Executing: warmup_timing
2026-01-03 15:44:18,878 | ERROR | src.core.warmup_manager | Timing warmup failed: attempted relative import beyond top-level package
2026-01-03 15:44:18,878 | ERROR | src.core.warmup_manager |   ❌ Failed: warmup_timing (7.04s) - attempted relative import beyond top-level package
2026-01-03 15:44:18,879 | INFO | src.core.warmup_manager |   🔄 Executing: warmup_regime
2026-01-03 15:44:18,881 | INFO | src.core.warmup_manager | Market regime detection warmed up for 1 symbols
2026-01-03 15:44:18,881 | INFO | src.core.warmup_manager |   ✅ Completed: warmup_regime (0.00s, 1 data points)
2026-01-03 15:44:18,882 | INFO | src.core.warmup_manager |   🔄 Executing: warmup_strategies
2026-01-03 15:44:18,889 | INFO | src.core.warmup_manager | Adaptive strategy manager not available for warmup
2026-01-03 15:44:18,890 | INFO | src.core.warmup_manager | Strategy managers warmed up for 0 symbols
2026-01-03 15:44:18,890 | INFO | src.core.warmup_manager |   ✅ Completed: warmup_strategies (0.01s, 0 data points)
2026-01-03 15:44:18,890 | INFO | src.core.warmup_manager |   🔄 Executing: validate_warmup
2026-01-03 15:44:18,890 | ERROR | src.core.warmup_manager | Warmup validation failed: Only 1/10 symbols warmed
2026-01-03 15:44:18,891 | ERROR | src.core.warmup_manager |   ❌ Failed: validate_warmup (0.00s) - Only 1/10 symbols warmed
2026-01-03 15:44:18,891 | ERROR | src.core.warmup_manager | ❌ Warmup FAILED with 2 task failures
2026-01-03 15:44:18,891 | INFO | src.core.warmup_manager | ============================================================
2026-01-03 15:44:18,891 | INFO | src.core.warmup_manager | WARMUP SUMMARY
2026-01-03 15:44:18,892 | INFO | src.core.warmup_manager | ============================================================
2026-01-03 15:44:18,892 | INFO | src.core.warmup_manager | Status: FAILED
2026-01-03 15:44:18,892 | INFO | src.core.warmup_manager | Duration: 18.76 seconds
2026-01-03 15:44:18,892 | INFO | src.core.warmup_manager | Symbols warmed: 1/10
2026-01-03 15:44:18,893 | INFO | src.core.warmup_manager | Tasks completed: 4/6
2026-01-03 15:44:18,893 | INFO | src.core.warmup_manager | Failed tasks: 2
2026-01-03 15:44:18,893 | ERROR | src.core.warmup_manager |   - warmup_timing: attempted relative import beyond top-level package
2026-01-03 15:44:18,894 | ERROR | src.core.warmup_manager |   - validate_warmup: Only 1/10 symbols warmed
2026-01-03 15:44:18,894 | INFO | src.core.warmup_manager | Indicator Status:
2026-01-03 15:44:18,894 | INFO | src.core.warmup_manager |   ❌ SMA_20
2026-01-03 15:44:18,894 | INFO | src.core.warmup_manager |   ❌ SMA_50
2026-01-03 15:44:18,894 | INFO | src.core.warmup_manager |   ❌ EMA_12
2026-01-03 15:44:18,895 | INFO | src.core.warmup_manager |   ❌ EMA_26
2026-01-03 15:44:18,895 | INFO | src.core.warmup_manager |   ❌ RSI_14
2026-01-03 15:44:18,895 | INFO | src.core.warmup_manager |   ❌ MACD
2026-01-03 15:44:18,895 | INFO | src.core.warmup_manager |   ❌ ATR_14
2026-01-03 15:44:18,895 | INFO | src.core.warmup_manager |   ❌ BOLLINGER_BANDS
2026-01-03 15:44:18,895 | INFO | src.core.warmup_manager | ============================================================
2026-01-03 15:44:18,898 | INFO | src.utils.sector_manager | Sector manager initialized
2026-01-03 15:44:18,899 | INFO | src.core.risk_manager | Risk Manager initialized with comprehensive risk controls
2026-01-03 15:44:18,899 | INFO | src.core.risk_governor | Added risk rule: EmergencyStop (priority: 5)
2026-01-03 15:44:18,899 | INFO | src.core.risk_governor | Added risk rule: MarketHours (priority: 10)
2026-01-03 15:44:18,899 | INFO | src.core.risk_governor | Added risk rule: DailyLossLimit (priority: 15)
2026-01-03 15:44:18,899 | INFO | src.core.risk_governor | Added risk rule: VolatilityAdjustment (priority: 25)
2026-01-03 15:44:18,900 | INFO | src.core.risk_governor | Risk Governor initialized with 4 risk rules
2026-01-03 15:44:18,901 | INFO | src.core.warmup_manager | WarmupManager initialized for 100 symbols with 60 days lookback
2026-01-03 15:44:18,911 | WARNING | src.core.engine | Failed to initialize adaptive strategies: attempted relative import beyond top-level package
2026-01-03 15:44:18,911 | INFO | src.core.engine | Trading engine initialized with timing intelligence disabled
2026-01-03 15:44:18,911 | INFO | src.core.engine | Trading engine initialized with enhanced risk management
2026-01-03 15:44:18,912 | INFO | src.execution.adapter | Initialized PAPER execution adapter
2026-01-03 15:44:18,912 | INFO | src.broker.zerodha | ZerodhaBroker initialized in PAPER mode
2026-01-03 15:44:18,912 | INFO | src.broker.zerodha | Paper trading: No real connection required
2026-01-03 15:44:18,912 | INFO | src.execution.paper | Paper trading initialized
2026-01-03 15:44:18,912 | INFO | src.execution.paper | Paper trading mode initialized
2026-01-03 15:44:18,918 | INFO | src.core.system_arming | Added kill switch: emergency_file (Critical)
2026-01-03 15:44:18,918 | INFO | src.core.system_arming | Added kill switch: daily_loss_limit (Critical)
2026-01-03 15:44:18,919 | INFO | src.core.system_arming | Added kill switch: capital_availability (Critical)
2026-01-03 15:44:18,919 | INFO | src.core.system_arming | Added kill switch: market_hours (Non-critical)
2026-01-03 15:44:18,919 | INFO | src.core.system_arming | Added kill switch: system_health (Critical)
2026-01-03 15:44:18,920 | INFO | src.core.system_arming | Added kill switch: config_integrity (Critical)
2026-01-03 15:44:18,921 | INFO | src.core.system_arming | Added kill switch: state_integrity (Critical)
2026-01-03 15:44:18,921 | INFO | src.core.system_arming | System Arming initialized with 7 kill switches
2026-01-03 15:44:18,921 | INFO | src.core.system_arming | Starting system arming sequence...
2026-01-03 15:44:18,925 | ERROR | src.core.system_arming | Capital availability check failed: 'CapitalParameters' object has no attribute 'max_position_value'
2026-01-03 15:44:18,926 | ERROR | src.core.system_arming | Critical safety check failed: capital_availability
2026-01-03 15:44:32,516 | INFO | src.core.system_arming | Starting system arming sequence...
2026-01-03 15:44:32,518 | ERROR | src.core.system_arming | Capital availability check failed: 'CapitalParameters' object has no attribute 'max_position_value'
2026-01-03 15:44:32,545 | INFO | src.core.system_arming | 🔒 SYSTEM ARMED at 15:44:32
2026-01-03 15:44:32,545 | WARNING | src.core.system_arming | ⚠️  FORCE ARMED with 1 critical failures!
2026-01-03 15:44:32,548 | WARNING | src.core.engine | No regime manager available
2026-01-03 15:44:32,548 | INFO | src.screener.excel_screener | ============================================================
2026-01-03 15:44:32,548 | INFO | src.screener.excel_screener | STARTING EXCEL-DRIVEN SCREENER
2026-01-03 15:44:32,548 | INFO | src.screener.excel_screener | ============================================================
2026-01-03 15:44:33,944 | INFO | src.screener.excel_screener | Loaded 14 screener rules
2026-01-03 15:44:34,522 | INFO | src.screener.excel_screener | 
 ACTIVE FILTER RULES:
2026-01-03 15:44:36,045 | INFO | src.screener.excel_screener | Loaded 100 enabled stocks from universe
2026-01-03 15:44:37,915 | INFO | src.screener.excel_screener | Loaded sector mapping for 100 symbols
2026-01-03 15:44:38,617 | INFO | src.screener.excel_screener | Market Trend: BULLISH
2026-01-03 15:44:40,969 | INFO | src.screener.excel_screener | Successfully fetched data for 100/100 symbols
2026-01-03 15:44:40,974 | INFO | src.screener.excel_screener | Bulk data received: 100 symbols with data
2026-01-03 15:44:41,135 | INFO | src.screener.excel_screener | Starting screening of 100 symbols. Bulk data has 100 entries
2026-01-03 15:44:41,533 | INFO | src.screener.excel_screener | 
📊 REJECTION STATISTICS:
2026-01-03 15:44:41,533 | INFO | src.screener.excel_screener |    Total Processed: 100
2026-01-03 15:44:41,533 | INFO | src.screener.excel_screener |    Passed: 26
2026-01-03 15:44:41,534 | INFO | src.screener.excel_screener |    Rejected: 74
2026-01-03 15:44:41,534 | INFO | src.screener.excel_screener | 
   Top Rejection Reasons:
2026-01-03 15:44:41,534 | INFO | src.screener.excel_screener | Metrics calculated: 100, Passed: 26, Rejected: 74, Insufficient bars: 0, Missing data: 0
2026-01-03 15:44:41,535 | INFO | src.screener.excel_screener | Max trades (adjusted for BULLISH): 8
2026-01-03 15:44:41,535 | INFO | src.screener.excel_screener | 
============================================================
2026-01-03 15:44:41,535 | INFO | src.screener.excel_screener | TOP PICKS:
2026-01-03 15:44:41,536 | INFO | src.screener.excel_screener | ============================================================
2026-01-03 15:44:41,536 | INFO | src.screener.excel_screener | INDUSTOWER | Score:  47.37 | Price: Rs. 442.05 | BULLISH_TREND,HIGH_VOLUME,STRONG_TREND
2026-01-03 15:44:41,536 | INFO | src.screener.excel_screener | HINDALCO   | Score:  42.61 | Price: Rs. 925.70 | BULLISH_TREND,HIGH_VOLUME,STRONG_TREND
2026-01-03 15:44:41,537 | INFO | src.screener.excel_screener | COALINDIA  | Score:  39.61 | Price: Rs. 427.90 | BULLISH_TREND,HIGH_VOLUME,STRONG_TREND
2026-01-03 15:44:41,537 | INFO | src.screener.excel_screener | BLUEDART   | Score:  34.99 | Price: Rs.5593.50 | NEAR_EMA20,HIGH_VOLUME
2026-01-03 15:44:41,537 | INFO | src.screener.excel_screener | UPL        | Score:  34.61 | Price: Rs. 804.65 | BULLISH_TREND
2026-01-03 15:44:43,073 | INFO | src.screener.excel_screener | Written 8 results to Excel: SCREENER_OUTPUT
2026-01-03 15:44:43,717 | INFO | src.screener.excel_screener | ============================================================
2026-01-03 15:44:43,717 | INFO | src.screener.excel_screener | SCREENER COMPLETE
2026-01-03 15:44:43,717 | INFO | src.screener.excel_screener | ============================================================
2026-01-03 15:44:43,751 | WARNING | src.core.engine | DUPLICATE PREVENTED: HINDALCO has pending order | order_id: ORD_HINDALCO_1767147605717 | qty: 2
2026-01-03 15:44:43,754 | WARNING | src.core.engine | DUPLICATE PREVENTED: COALINDIA has pending order | order_id: ORD_COALINDIA_1767411277949 | qty: 4
2026-01-03 15:44:43,756 | WARNING | src.core.engine | DUPLICATE PREVENTED: INDUSTOWER has pending order | order_id: ORD_INDUSTOWER_1767411278186 | qty: 2
2026-01-03 15:44:43,758 | WARNING | src.core.engine | DUPLICATE PREVENTED: UPL has pending order | order_id: ORD_UPL_1767411388644 | qty: 2
2026-01-03 15:44:43,761 | INFO | src.core.engine | SRF: Adaptive strategy not enabled, using defaults
2026-01-03 15:44:43,762 | INFO | src.core.engine | SRF: Reserving capital for proposed order - Value: Rs.3,059.50
2026-01-03 15:44:43,762 | INFO | src.core.engine | SRF: Reserved capital for proposed order - Value: Rs.3,059.50
2026-01-03 15:44:43,763 | INFO | src.core.risk_governor | Risk Governor evaluating trade: SRF x 1
2026-01-03 15:44:43,763 | INFO | src.core.risk_manager | Risk assessment for SRF: APPROVED (Score: 50.0, Level: MEDIUM)
2026-01-03 15:44:43,763 | INFO | src.core.risk_governor | Risk Governor final decision: APPROVE for SRF
2026-01-03 15:44:43,763 | INFO | src.core.engine | SRF: Risk Governor APPROVED
2026-01-03 15:44:43,765 | INFO | src.core.engine | CUMMINSIND: Adaptive strategy not enabled, using defaults
2026-01-03 15:44:43,766 | INFO | src.core.engine | CUMMINSIND: Reserving capital for proposed order - Value: Rs.4,482.10
2026-01-03 15:44:43,766 | ERROR | src.core.engine | Error processing signal for CUMMINSIND: Insufficient capital. Need Rs.4482.10, have Rs.1190.50 releasing capital reservation Rs.4,482.10
2026-01-03 15:44:43,770 | WARNING | src.core.engine | DUPLICATE PREVENTED: SAREGAMA has pending order | order_id: ORD_SAREGAMA_1767411278461 | qty: 2
2026-01-03 15:44:43,772 | INFO | src.core.engine | BLUEDART: Adaptive strategy not enabled, using defaults
2026-01-03 15:44:43,772 | INFO | src.core.engine | BLUEDART: Reserving capital for proposed order - Value: Rs.5,593.50
2026-01-03 15:44:43,773 | ERROR | src.core.engine | Error processing signal for BLUEDART: Insufficient capital. Need Rs.5593.50, have Rs.4250.00 releasing capital reservation Rs.5,593.50
2026-01-03 16:11:49,401 | INFO | config.enhanced_config_manager | Timing config loaded: enabled=False
2026-01-03 16:11:49,403 | INFO | src.core.risk_manager | Risk Manager initialized with comprehensive risk controls
2026-01-03 16:11:49,404 | INFO | src.screener.excel_screener | Excel screener initialized: MiniRobo.xlsx
2026-01-03 16:11:52,550 | INFO | src.screener.excel_screener | Loaded 100 enabled stocks from universe
2026-01-03 16:11:53,372 | INFO | src.core.warmup_manager | WarmupManager initialized for 10 symbols with 60 days lookback
2026-01-03 16:11:53,373 | INFO | src.core.warmup_manager | 🔥 Starting system warmup sequence...
2026-01-03 16:11:53,374 | INFO | src.core.warmup_manager |   🔄 Executing: load_market_data
2026-01-03 16:11:55,079 | ERROR | yfinance | $HDFCBANK: possibly delisted; no timezone found
2026-01-03 16:11:55,080 | WARNING | src.core.warmup_manager | Insufficient data for HDFCBANK: 0 days
2026-01-03 16:11:55,960 | ERROR | yfinance | HTTP Error 404: {"quoteSummary":{"result":null,"error":{"code":"Not Found","description":"Quote not found for symbol: ICICIBANK"}}}
2026-01-03 16:11:56,271 | ERROR | yfinance | $ICICIBANK: possibly delisted; no timezone found
2026-01-03 16:11:56,273 | WARNING | src.core.warmup_manager | Insufficient data for ICICIBANK: 0 days
2026-01-03 16:11:56,735 | ERROR | yfinance | $KOTAKBANK: possibly delisted; no timezone found
2026-01-03 16:11:56,742 | WARNING | src.core.warmup_manager | Insufficient data for KOTAKBANK: 0 days
2026-01-03 16:11:57,288 | ERROR | yfinance | $AXISBANK: possibly delisted; no timezone found
2026-01-03 16:11:57,289 | WARNING | src.core.warmup_manager | Insufficient data for AXISBANK: 0 days
2026-01-03 16:11:57,844 | ERROR | yfinance | $SBIN: possibly delisted; no timezone found
2026-01-03 16:11:57,845 | WARNING | src.core.warmup_manager | Insufficient data for SBIN: 0 days
2026-01-03 16:11:58,260 | ERROR | yfinance | $TCS: possibly delisted; no timezone found
2026-01-03 16:11:58,260 | WARNING | src.core.warmup_manager | Insufficient data for TCS: 0 days
2026-01-03 16:12:01,329 | ERROR | yfinance | $HCLTECH: possibly delisted; no timezone found
2026-01-03 16:12:01,330 | WARNING | src.core.warmup_manager | Insufficient data for HCLTECH: 0 days
2026-01-03 16:12:01,878 | ERROR | yfinance | $WIPRO: possibly delisted; no timezone found
2026-01-03 16:12:01,879 | WARNING | src.core.warmup_manager | Insufficient data for WIPRO: 0 days
2026-01-03 16:12:02,319 | ERROR | yfinance | $TECHM: possibly delisted; no timezone found
2026-01-03 16:12:02,320 | WARNING | src.core.warmup_manager | Insufficient data for TECHM: 0 days
2026-01-03 16:12:02,320 | INFO | src.core.warmup_manager | Market data loaded: 1/10 symbols, 41 total data points
2026-01-03 16:12:02,320 | INFO | src.core.warmup_manager |   ✅ Completed: load_market_data (8.95s, 41 data points)
2026-01-03 16:12:02,321 | INFO | src.core.warmup_manager |   🔄 Executing: calculate_indicators
2026-01-03 16:12:02,373 | INFO | src.core.warmup_manager | Technical indicators calculated: 13 total indicators
2026-01-03 16:12:02,373 | INFO | src.core.warmup_manager |   ✅ Completed: calculate_indicators (0.05s, 13 data points)
2026-01-03 16:12:02,374 | INFO | src.core.warmup_manager |   🔄 Executing: warmup_timing
2026-01-03 16:12:13,772 | ERROR | src.core.warmup_manager | Timing warmup failed: attempted relative import beyond top-level package
2026-01-03 16:12:13,773 | ERROR | src.core.warmup_manager |   ❌ Failed: warmup_timing (11.40s) - attempted relative import beyond top-level package
2026-01-03 16:12:13,773 | INFO | src.core.warmup_manager |   🔄 Executing: warmup_regime
2026-01-03 16:12:13,775 | INFO | src.core.warmup_manager | Market regime detection warmed up for 1 symbols
2026-01-03 16:12:13,775 | INFO | src.core.warmup_manager |   ✅ Completed: warmup_regime (0.00s, 1 data points)
2026-01-03 16:12:13,775 | INFO | src.core.warmup_manager |   🔄 Executing: warmup_strategies
2026-01-03 16:12:13,780 | INFO | src.core.warmup_manager | Adaptive strategy manager not available for warmup
2026-01-03 16:12:13,781 | INFO | src.core.warmup_manager | Strategy managers warmed up for 0 symbols
2026-01-03 16:12:13,781 | INFO | src.core.warmup_manager |   ✅ Completed: warmup_strategies (0.01s, 0 data points)
2026-01-03 16:12:13,781 | INFO | src.core.warmup_manager |   🔄 Executing: validate_warmup
2026-01-03 16:12:13,781 | ERROR | src.core.warmup_manager | Warmup validation failed: Only 1/10 symbols warmed
2026-01-03 16:12:13,783 | ERROR | src.core.warmup_manager |   ❌ Failed: validate_warmup (0.00s) - Only 1/10 symbols warmed
2026-01-03 16:12:13,785 | ERROR | src.core.warmup_manager | ❌ Warmup FAILED with 2 task failures
2026-01-03 16:12:13,785 | INFO | src.core.warmup_manager | ============================================================
2026-01-03 16:12:13,785 | INFO | src.core.warmup_manager | WARMUP SUMMARY
2026-01-03 16:12:13,786 | INFO | src.core.warmup_manager | ============================================================
2026-01-03 16:12:13,786 | INFO | src.core.warmup_manager | Status: FAILED
2026-01-03 16:12:13,787 | INFO | src.core.warmup_manager | Duration: 20.41 seconds
2026-01-03 16:12:13,787 | INFO | src.core.warmup_manager | Symbols warmed: 1/10
2026-01-03 16:12:13,787 | INFO | src.core.warmup_manager | Tasks completed: 4/6
2026-01-03 16:12:13,787 | INFO | src.core.warmup_manager | Failed tasks: 2
2026-01-03 16:12:13,787 | ERROR | src.core.warmup_manager |   - warmup_timing: attempted relative import beyond top-level package
2026-01-03 16:12:13,788 | ERROR | src.core.warmup_manager |   - validate_warmup: Only 1/10 symbols warmed
2026-01-03 16:12:13,788 | INFO | src.core.warmup_manager | Indicator Status:
2026-01-03 16:12:13,788 | INFO | src.core.warmup_manager |   ❌ SMA_20
2026-01-03 16:12:13,788 | INFO | src.core.warmup_manager |   ❌ SMA_50
2026-01-03 16:12:13,789 | INFO | src.core.warmup_manager |   ❌ EMA_12
2026-01-03 16:12:13,789 | INFO | src.core.warmup_manager |   ❌ EMA_26
2026-01-03 16:12:13,789 | INFO | src.core.warmup_manager |   ❌ RSI_14
2026-01-03 16:12:13,789 | INFO | src.core.warmup_manager |   ❌ MACD
2026-01-03 16:12:13,789 | INFO | src.core.warmup_manager |   ❌ ATR_14
2026-01-03 16:12:13,790 | INFO | src.core.warmup_manager |   ❌ BOLLINGER_BANDS
2026-01-03 16:12:13,793 | INFO | src.core.warmup_manager | ============================================================
2026-01-03 16:12:13,796 | INFO | src.utils.sector_manager | Sector manager initialized
2026-01-03 16:12:13,796 | INFO | src.core.risk_manager | Risk Manager initialized with comprehensive risk controls
2026-01-03 16:12:13,797 | INFO | src.core.risk_governor | Added risk rule: EmergencyStop (priority: 5)
2026-01-03 16:12:13,797 | INFO | src.core.risk_governor | Added risk rule: MarketHours (priority: 10)
2026-01-03 16:12:13,798 | INFO | src.core.risk_governor | Added risk rule: DailyLossLimit (priority: 15)
2026-01-03 16:12:13,798 | INFO | src.core.risk_governor | Added risk rule: VolatilityAdjustment (priority: 25)
2026-01-03 16:12:13,798 | INFO | src.core.risk_governor | Risk Governor initialized with 4 risk rules
2026-01-03 16:12:13,799 | INFO | src.core.warmup_manager | WarmupManager initialized for 100 symbols with 60 days lookback
2026-01-03 16:12:13,811 | WARNING | src.core.engine | Failed to initialize adaptive strategies: attempted relative import beyond top-level package
2026-01-03 16:12:13,812 | INFO | src.core.engine | Trading engine initialized with timing intelligence disabled
2026-01-03 16:12:13,813 | INFO | src.core.engine | Trading engine initialized with enhanced risk management
2026-01-03 16:12:13,813 | INFO | src.execution.adapter | Initialized PAPER execution adapter
2026-01-03 16:12:13,813 | INFO | src.broker.zerodha | ZerodhaBroker initialized in PAPER mode
2026-01-03 16:12:13,813 | INFO | src.broker.zerodha | Paper trading: No real connection required
2026-01-03 16:12:13,814 | INFO | src.execution.paper | Paper trading initialized
2026-01-03 16:12:13,814 | INFO | src.execution.paper | Paper trading mode initialized
2026-01-03 16:12:13,822 | INFO | src.core.system_arming | Added kill switch: emergency_file (Critical)
2026-01-03 16:12:13,822 | INFO | src.core.system_arming | Added kill switch: daily_loss_limit (Critical)
2026-01-03 16:12:13,823 | INFO | src.core.system_arming | Added kill switch: capital_availability (Critical)
2026-01-03 16:12:13,824 | INFO | src.core.system_arming | Added kill switch: market_hours (Non-critical)
2026-01-03 16:12:13,824 | INFO | src.core.system_arming | Added kill switch: system_health (Critical)
2026-01-03 16:12:13,824 | INFO | src.core.system_arming | Added kill switch: config_integrity (Critical)
2026-01-03 16:12:13,825 | INFO | src.core.system_arming | Added kill switch: state_integrity (Critical)
2026-01-03 16:12:13,825 | INFO | src.core.system_arming | System Arming initialized with 7 kill switches
2026-01-03 16:12:13,826 | INFO | src.core.system_arming | Starting system arming sequence...
2026-01-03 16:12:13,829 | ERROR | src.core.system_arming | Capital availability check failed: 'CapitalParameters' object has no attribute 'max_position_value'
2026-01-03 16:12:13,829 | ERROR | src.core.system_arming | Critical safety check failed: capital_availability
2026-01-03 16:12:31,511 | INFO | src.core.system_arming | Starting system arming sequence...
2026-01-03 16:12:31,515 | ERROR | src.core.system_arming | Capital availability check failed: 'CapitalParameters' object has no attribute 'max_position_value'
2026-01-03 16:12:31,555 | INFO | src.core.system_arming | 🔒 SYSTEM ARMED at 16:12:31
2026-01-03 16:12:31,557 | WARNING | src.core.system_arming | ⚠️  FORCE ARMED with 1 critical failures!
2026-01-03 16:12:31,565 | WARNING | src.core.engine | No regime manager available
2026-01-03 16:12:31,566 | INFO | src.screener.excel_screener | ============================================================
2026-01-03 16:12:31,567 | INFO | src.screener.excel_screener | STARTING EXCEL-DRIVEN SCREENER
2026-01-03 16:12:31,567 | INFO | src.screener.excel_screener | ============================================================
2026-01-03 16:12:34,367 | INFO | src.screener.excel_screener | Loaded 14 screener rules
2026-01-03 16:12:35,132 | INFO | src.screener.excel_screener | 
 ACTIVE FILTER RULES:
2026-01-03 16:12:38,136 | INFO | src.screener.excel_screener | Loaded 100 enabled stocks from universe
2026-01-03 16:12:41,266 | INFO | src.screener.excel_screener | Loaded sector mapping for 100 symbols
2026-01-03 16:12:42,153 | INFO | src.screener.excel_screener | Market Trend: BULLISH
2026-01-03 16:12:43,602 | INFO | src.screener.excel_screener | Successfully fetched data for 100/100 symbols
2026-01-03 16:12:43,603 | INFO | src.screener.excel_screener | Bulk data received: 100 symbols with data
2026-01-03 16:12:43,786 | INFO | src.screener.excel_screener | Starting screening of 100 symbols. Bulk data has 100 entries
2026-01-03 16:12:44,259 | INFO | src.screener.excel_screener | 
📊 REJECTION STATISTICS:
2026-01-03 16:12:44,259 | INFO | src.screener.excel_screener |    Total Processed: 100
2026-01-03 16:12:44,260 | INFO | src.screener.excel_screener |    Passed: 26
2026-01-03 16:12:44,260 | INFO | src.screener.excel_screener |    Rejected: 74
2026-01-03 16:12:44,260 | INFO | src.screener.excel_screener | 
   Top Rejection Reasons:
2026-01-03 16:12:44,260 | INFO | src.screener.excel_screener | Metrics calculated: 100, Passed: 26, Rejected: 74, Insufficient bars: 0, Missing data: 0
2026-01-03 16:12:44,262 | INFO | src.screener.excel_screener | Max trades (adjusted for BULLISH): 8
2026-01-03 16:12:44,262 | INFO | src.screener.excel_screener | 
============================================================
2026-01-03 16:12:44,262 | INFO | src.screener.excel_screener | TOP PICKS:
2026-01-03 16:12:44,262 | INFO | src.screener.excel_screener | ============================================================
2026-01-03 16:12:44,263 | INFO | src.screener.excel_screener | INDUSTOWER | Score:  47.37 | Price: Rs. 442.05 | BULLISH_TREND,HIGH_VOLUME,STRONG_TREND
2026-01-03 16:12:44,263 | INFO | src.screener.excel_screener | HINDALCO   | Score:  42.61 | Price: Rs. 925.70 | BULLISH_TREND,HIGH_VOLUME,STRONG_TREND
2026-01-03 16:12:44,263 | INFO | src.screener.excel_screener | COALINDIA  | Score:  39.61 | Price: Rs. 427.90 | BULLISH_TREND,HIGH_VOLUME,STRONG_TREND
2026-01-03 16:12:44,263 | INFO | src.screener.excel_screener | BLUEDART   | Score:  34.99 | Price: Rs.5593.50 | NEAR_EMA20,HIGH_VOLUME
2026-01-03 16:12:44,264 | INFO | src.screener.excel_screener | UPL        | Score:  34.61 | Price: Rs. 804.65 | BULLISH_TREND
2026-01-03 16:12:47,444 | INFO | src.screener.excel_screener | Written 8 results to Excel: SCREENER_OUTPUT
2026-01-03 16:12:48,179 | INFO | src.screener.excel_screener | ============================================================
2026-01-03 16:12:48,180 | INFO | src.screener.excel_screener | SCREENER COMPLETE
2026-01-03 16:12:48,180 | INFO | src.screener.excel_screener | ============================================================
2026-01-03 16:12:48,184 | WARNING | src.core.engine | DUPLICATE PREVENTED: HINDALCO has pending order | order_id: ORD_HINDALCO_1767147605717 | qty: 2
2026-01-03 16:12:48,187 | WARNING | src.core.engine | DUPLICATE PREVENTED: COALINDIA has pending order | order_id: ORD_COALINDIA_1767411277949 | qty: 4
2026-01-03 16:12:48,189 | WARNING | src.core.engine | DUPLICATE PREVENTED: INDUSTOWER has pending order | order_id: ORD_INDUSTOWER_1767411278186 | qty: 2
2026-01-03 16:12:48,196 | WARNING | src.core.engine | DUPLICATE PREVENTED: UPL has pending order | order_id: ORD_UPL_1767411388644 | qty: 2
2026-01-03 16:12:48,203 | INFO | src.core.engine | SRF: Adaptive strategy not enabled, using defaults
2026-01-03 16:12:48,204 | INFO | src.core.engine | SRF: Reserving capital for proposed order - Value: Rs.3,059.50
2026-01-03 16:12:48,204 | INFO | src.core.engine | SRF: Reserved capital for proposed order - Value: Rs.3,059.50
2026-01-03 16:12:48,205 | INFO | src.core.risk_governor | Risk Governor evaluating trade: SRF x 1
2026-01-03 16:12:48,205 | INFO | src.core.risk_manager | Risk assessment for SRF: APPROVED (Score: 50.0, Level: MEDIUM)
2026-01-03 16:12:48,205 | INFO | src.core.risk_governor | Risk Governor final decision: APPROVE for SRF
2026-01-03 16:12:48,206 | INFO | src.core.engine | SRF: Risk Governor APPROVED
2026-01-03 16:12:48,216 | INFO | src.core.engine | SRF: Order created | BUY 1 @ Rs.3059.50 | SL: Rs.3016.00, Target: Rs.3195.50
2026-01-03 16:12:48,367 | INFO | src.broker.zerodha | PAPER OrderSide.BUY   1 SRF      @ ₹3059.60 | Order: PAPER-SRF-OrderSide.BUY-1767436968367
2026-01-03 16:12:48,367 | INFO | src.execution.paper | SRF: Paper order placed | OrderSide.BUY 1 @ ₹3059.60 | Order: PAPER-SRF-OrderSide.BUY-1767436968367
2026-01-03 16:12:48,367 | INFO | src.execution.adapter | SRF: Signal processed and order placed
2026-01-03 16:12:48,389 | INFO | src.core.engine | CUMMINSIND: Adaptive strategy not enabled, using defaults
2026-01-03 16:12:48,390 | INFO | src.core.engine | CUMMINSIND: Reserving capital for proposed order - Value: Rs.4,482.10
2026-01-03 16:12:48,392 | ERROR | src.core.engine | Error processing signal for CUMMINSIND: Insufficient capital. Need Rs.4482.10, have Rs.1190.50 releasing capital reservation Rs.4,482.10
2026-01-03 16:12:48,395 | WARNING | src.core.engine | DUPLICATE PREVENTED: SAREGAMA has pending order | order_id: ORD_SAREGAMA_1767411278461 | qty: 2
2026-01-03 16:12:48,398 | INFO | src.core.engine | BLUEDART: Adaptive strategy not enabled, using defaults
2026-01-03 16:12:48,398 | INFO | src.core.engine | BLUEDART: Reserving capital for proposed order - Value: Rs.5,593.50
2026-01-03 16:12:48,399 | ERROR | src.core.engine | Error processing signal for BLUEDART: Insufficient capital. Need Rs.5593.50, have Rs.4250.00 releasing capital reservation Rs.5,593.50
2026-01-03 16:15:03,594 | INFO | config.enhanced_config_manager | Timing config loaded: enabled=False
2026-01-03 16:15:03,595 | INFO | src.core.risk_manager | Risk Manager initialized with comprehensive risk controls
2026-01-03 16:15:03,595 | INFO | src.screener.excel_screener | Excel screener initialized: MiniRobo.xlsx
2026-01-03 16:15:05,347 | INFO | src.screener.excel_screener | Loaded 100 enabled stocks from universe
2026-01-03 16:15:05,905 | INFO | src.core.warmup_manager | WarmupManager initialized for 10 symbols with 60 days lookback
2026-01-03 16:15:05,905 | INFO | src.core.warmup_manager | 🔥 Starting system warmup sequence...
2026-01-03 16:15:05,905 | INFO | src.core.warmup_manager |   🔄 Executing: load_market_data
2026-01-03 16:15:07,088 | ERROR | yfinance | $HDFCBANK: possibly delisted; no timezone found
2026-01-03 16:15:07,090 | WARNING | src.core.warmup_manager | Insufficient data for HDFCBANK: 0 days
2026-01-03 16:15:08,210 | ERROR | yfinance | HTTP Error 404: {"quoteSummary":{"result":null,"error":{"code":"Not Found","description":"Quote not found for symbol: ICICIBANK"}}}
2026-01-03 16:15:08,406 | ERROR | yfinance | $ICICIBANK: possibly delisted; no timezone found
2026-01-03 16:15:08,406 | WARNING | src.core.warmup_manager | Insufficient data for ICICIBANK: 0 days
2026-01-03 16:15:08,963 | ERROR | yfinance | $KOTAKBANK: possibly delisted; no timezone found
2026-01-03 16:15:08,964 | WARNING | src.core.warmup_manager | Insufficient data for KOTAKBANK: 0 days
2026-01-03 16:15:09,327 | ERROR | yfinance | $AXISBANK: possibly delisted; no timezone found
2026-01-03 16:15:09,328 | WARNING | src.core.warmup_manager | Insufficient data for AXISBANK: 0 days
2026-01-03 16:15:09,708 | ERROR | yfinance | $SBIN: possibly delisted; no timezone found
2026-01-03 16:15:09,709 | WARNING | src.core.warmup_manager | Insufficient data for SBIN: 0 days
2026-01-03 16:15:10,073 | ERROR | yfinance | $TCS: possibly delisted; no timezone found
2026-01-03 16:15:10,074 | WARNING | src.core.warmup_manager | Insufficient data for TCS: 0 days
2026-01-03 16:15:16,921 | ERROR | yfinance | $HCLTECH: possibly delisted; no timezone found
2026-01-03 16:15:16,922 | WARNING | src.core.warmup_manager | Insufficient data for HCLTECH: 0 days
2026-01-03 16:15:17,273 | ERROR | yfinance | $WIPRO: possibly delisted; no timezone found
2026-01-03 16:15:17,274 | WARNING | src.core.warmup_manager | Insufficient data for WIPRO: 0 days
2026-01-03 16:15:17,726 | ERROR | yfinance | $TECHM: possibly delisted; no timezone found
2026-01-03 16:15:17,727 | WARNING | src.core.warmup_manager | Insufficient data for TECHM: 0 days
2026-01-03 16:15:17,727 | INFO | src.core.warmup_manager | Market data loaded: 1/10 symbols, 41 total data points
2026-01-03 16:15:17,727 | INFO | src.core.warmup_manager |   ✅ Completed: load_market_data (11.82s, 41 data points)
2026-01-03 16:15:17,727 | INFO | src.core.warmup_manager |   🔄 Executing: calculate_indicators
2026-01-03 16:15:17,775 | INFO | src.core.warmup_manager | Technical indicators calculated: 13 total indicators
2026-01-03 16:15:17,776 | INFO | src.core.warmup_manager |   ✅ Completed: calculate_indicators (0.05s, 13 data points)
2026-01-03 16:15:17,776 | INFO | src.core.warmup_manager |   🔄 Executing: warmup_timing
2026-01-03 16:15:24,645 | ERROR | src.core.warmup_manager | Timing warmup failed: attempted relative import beyond top-level package
2026-01-03 16:15:24,646 | ERROR | src.core.warmup_manager |   ❌ Failed: warmup_timing (6.87s) - attempted relative import beyond top-level package
2026-01-03 16:15:24,646 | INFO | src.core.warmup_manager |   🔄 Executing: warmup_regime
2026-01-03 16:15:24,647 | INFO | src.core.warmup_manager | Market regime detection warmed up for 1 symbols
2026-01-03 16:15:24,648 | INFO | src.core.warmup_manager |   ✅ Completed: warmup_regime (0.00s, 1 data points)
2026-01-03 16:15:24,648 | INFO | src.core.warmup_manager |   🔄 Executing: warmup_strategies
2026-01-03 16:15:24,651 | INFO | src.core.warmup_manager | Adaptive strategy manager not available for warmup
2026-01-03 16:15:24,652 | INFO | src.core.warmup_manager | Strategy managers warmed up for 0 symbols
2026-01-03 16:15:24,652 | INFO | src.core.warmup_manager |   ✅ Completed: warmup_strategies (0.00s, 0 data points)
2026-01-03 16:15:24,652 | INFO | src.core.warmup_manager |   🔄 Executing: validate_warmup
2026-01-03 16:15:24,652 | ERROR | src.core.warmup_manager | Warmup validation failed: Only 1/10 symbols warmed
2026-01-03 16:15:24,652 | ERROR | src.core.warmup_manager |   ❌ Failed: validate_warmup (0.00s) - Only 1/10 symbols warmed
2026-01-03 16:15:24,652 | ERROR | src.core.warmup_manager | ❌ Warmup FAILED with 2 task failures
2026-01-03 16:15:24,652 | INFO | src.core.warmup_manager | ============================================================
2026-01-03 16:15:24,652 | INFO | src.core.warmup_manager | WARMUP SUMMARY
2026-01-03 16:15:24,653 | INFO | src.core.warmup_manager | ============================================================
2026-01-03 16:15:24,653 | INFO | src.core.warmup_manager | Status: FAILED
2026-01-03 16:15:24,653 | INFO | src.core.warmup_manager | Duration: 18.75 seconds
2026-01-03 16:15:24,653 | INFO | src.core.warmup_manager | Symbols warmed: 1/10
2026-01-03 16:15:24,653 | INFO | src.core.warmup_manager | Tasks completed: 4/6
2026-01-03 16:15:24,653 | INFO | src.core.warmup_manager | Failed tasks: 2
2026-01-03 16:15:24,653 | ERROR | src.core.warmup_manager |   - warmup_timing: attempted relative import beyond top-level package
2026-01-03 16:15:24,654 | ERROR | src.core.warmup_manager |   - validate_warmup: Only 1/10 symbols warmed
2026-01-03 16:15:24,654 | INFO | src.core.warmup_manager | Indicator Status:
2026-01-03 16:15:24,654 | INFO | src.core.warmup_manager |   ❌ SMA_20
2026-01-03 16:15:24,654 | INFO | src.core.warmup_manager |   ❌ SMA_50
2026-01-03 16:15:24,654 | INFO | src.core.warmup_manager |   ❌ EMA_12
2026-01-03 16:15:24,654 | INFO | src.core.warmup_manager |   ❌ EMA_26
2026-01-03 16:15:24,654 | INFO | src.core.warmup_manager |   ❌ RSI_14
2026-01-03 16:15:24,654 | INFO | src.core.warmup_manager |   ❌ MACD
2026-01-03 16:15:24,655 | INFO | src.core.warmup_manager |   ❌ ATR_14
2026-01-03 16:15:24,655 | INFO | src.core.warmup_manager |   ❌ BOLLINGER_BANDS
2026-01-03 16:15:24,655 | INFO | src.core.warmup_manager | ============================================================
2026-01-03 16:15:24,655 | INFO | src.utils.sector_manager | Sector manager initialized
2026-01-03 16:15:24,656 | INFO | src.core.risk_manager | Risk Manager initialized with comprehensive risk controls
2026-01-03 16:15:24,656 | INFO | src.core.risk_governor | Added risk rule: EmergencyStop (priority: 5)
2026-01-03 16:15:24,656 | INFO | src.core.risk_governor | Added risk rule: MarketHours (priority: 10)
2026-01-03 16:15:24,656 | INFO | src.core.risk_governor | Added risk rule: DailyLossLimit (priority: 15)
2026-01-03 16:15:24,656 | INFO | src.core.risk_governor | Added risk rule: VolatilityAdjustment (priority: 25)
2026-01-03 16:15:24,656 | INFO | src.core.risk_governor | Risk Governor initialized with 4 risk rules
2026-01-03 16:15:24,656 | INFO | src.core.warmup_manager | WarmupManager initialized for 100 symbols with 60 days lookback
2026-01-03 16:15:24,662 | WARNING | src.core.engine | Failed to initialize adaptive strategies: attempted relative import beyond top-level package
2026-01-03 16:15:24,663 | INFO | src.core.engine | Trading engine initialized with timing intelligence disabled
2026-01-03 16:15:24,663 | INFO | src.core.engine | Trading engine initialized with enhanced risk management
2026-01-03 16:15:24,663 | INFO | src.execution.adapter | Initialized PAPER execution adapter
2026-01-03 16:15:24,663 | INFO | src.broker.zerodha | ZerodhaBroker initialized in PAPER mode
2026-01-03 16:15:24,663 | INFO | src.broker.zerodha | Paper trading: No real connection required
2026-01-03 16:15:24,663 | INFO | src.execution.paper | Paper trading initialized
2026-01-03 16:15:24,664 | INFO | src.execution.paper | Paper trading mode initialized
2026-01-03 16:15:24,665 | INFO | src.core.system_arming | Added kill switch: emergency_file (Critical)
2026-01-03 16:15:24,665 | INFO | src.core.system_arming | Added kill switch: daily_loss_limit (Critical)
2026-01-03 16:15:24,666 | INFO | src.core.system_arming | Added kill switch: capital_availability (Critical)
2026-01-03 16:15:24,666 | INFO | src.core.system_arming | Added kill switch: market_hours (Non-critical)
2026-01-03 16:15:24,666 | INFO | src.core.system_arming | Added kill switch: system_health (Critical)
2026-01-03 16:15:24,666 | INFO | src.core.system_arming | Added kill switch: config_integrity (Critical)
2026-01-03 16:15:24,666 | INFO | src.core.system_arming | Added kill switch: state_integrity (Critical)
2026-01-03 16:15:24,666 | INFO | src.core.system_arming | System Arming initialized with 7 kill switches
2026-01-03 16:15:24,666 | INFO | src.core.system_arming | Starting system arming sequence...
2026-01-03 16:15:24,666 | ERROR | src.core.system_arming | Capital availability check failed: 'CapitalParameters' object has no attribute 'max_position_value'
2026-01-03 16:15:24,666 | ERROR | src.core.system_arming | Critical safety check failed: capital_availability
2026-01-03 16:15:30,148 | INFO | src.core.system_arming | Starting system arming sequence...
2026-01-03 16:15:30,149 | ERROR | src.core.system_arming | Capital availability check failed: 'CapitalParameters' object has no attribute 'max_position_value'
2026-01-03 16:15:30,175 | INFO | src.core.system_arming | 🔒 SYSTEM ARMED at 16:15:30
2026-01-03 16:15:30,175 | WARNING | src.core.system_arming | ⚠️  FORCE ARMED with 1 critical failures!
2026-01-03 16:15:30,175 | WARNING | src.core.engine | No regime manager available
2026-01-03 16:15:30,176 | INFO | src.screener.excel_screener | ============================================================
2026-01-03 16:15:30,176 | INFO | src.screener.excel_screener | STARTING EXCEL-DRIVEN SCREENER
2026-01-03 16:15:30,176 | INFO | src.screener.excel_screener | ============================================================
2026-01-03 16:15:31,565 | INFO | src.screener.excel_screener | Loaded 14 screener rules
2026-01-03 16:15:32,095 | INFO | src.screener.excel_screener | 
 ACTIVE FILTER RULES:
2026-01-03 16:15:33,649 | INFO | src.screener.excel_screener | Loaded 100 enabled stocks from universe
2026-01-03 16:15:35,690 | INFO | src.screener.excel_screener | Loaded sector mapping for 100 symbols
2026-01-03 16:15:36,419 | INFO | src.screener.excel_screener | Market Trend: BULLISH
2026-01-03 16:15:38,405 | INFO | src.screener.excel_screener | Successfully fetched data for 100/100 symbols
2026-01-03 16:15:38,406 | INFO | src.screener.excel_screener | Bulk data received: 100 symbols with data
2026-01-03 16:15:38,635 | INFO | src.screener.excel_screener | Starting screening of 100 symbols. Bulk data has 100 entries
2026-01-03 16:15:39,000 | INFO | src.screener.excel_screener | 
📊 REJECTION STATISTICS:
2026-01-03 16:15:39,000 | INFO | src.screener.excel_screener |    Total Processed: 100
2026-01-03 16:15:39,000 | INFO | src.screener.excel_screener |    Passed: 26
2026-01-03 16:15:39,000 | INFO | src.screener.excel_screener |    Rejected: 74
2026-01-03 16:15:39,001 | INFO | src.screener.excel_screener | 
   Top Rejection Reasons:
2026-01-03 16:15:39,001 | INFO | src.screener.excel_screener | Metrics calculated: 100, Passed: 26, Rejected: 74, Insufficient bars: 0, Missing data: 0
2026-01-03 16:15:39,002 | INFO | src.screener.excel_screener | Max trades (adjusted for BULLISH): 8
2026-01-03 16:15:39,002 | INFO | src.screener.excel_screener | 
============================================================
2026-01-03 16:15:39,003 | INFO | src.screener.excel_screener | TOP PICKS:
2026-01-03 16:15:39,003 | INFO | src.screener.excel_screener | ============================================================
2026-01-03 16:15:39,003 | INFO | src.screener.excel_screener | INDUSTOWER | Score:  47.37 | Price: Rs. 442.05 | BULLISH_TREND,HIGH_VOLUME,STRONG_TREND
2026-01-03 16:15:39,004 | INFO | src.screener.excel_screener | HINDALCO   | Score:  42.61 | Price: Rs. 925.70 | BULLISH_TREND,HIGH_VOLUME,STRONG_TREND
2026-01-03 16:15:39,004 | INFO | src.screener.excel_screener | COALINDIA  | Score:  39.61 | Price: Rs. 427.90 | BULLISH_TREND,HIGH_VOLUME,STRONG_TREND
2026-01-03 16:15:39,004 | INFO | src.screener.excel_screener | BLUEDART   | Score:  34.99 | Price: Rs.5593.50 | NEAR_EMA20,HIGH_VOLUME
2026-01-03 16:15:39,004 | INFO | src.screener.excel_screener | UPL        | Score:  34.61 | Price: Rs. 804.65 | BULLISH_TREND
2026-01-03 16:15:40,616 | INFO | src.screener.excel_screener | Written 8 results to Excel: SCREENER_OUTPUT
2026-01-03 16:15:41,208 | INFO | src.screener.excel_screener | ============================================================
2026-01-03 16:15:41,209 | INFO | src.screener.excel_screener | SCREENER COMPLETE
2026-01-03 16:15:41,209 | INFO | src.screener.excel_screener | ============================================================
2026-01-03 16:15:41,210 | INFO | src.core.engine | HINDALCO: Adaptive strategy not enabled, using defaults
2026-01-03 16:15:41,210 | INFO | src.core.engine | HINDALCO: Reserving capital for proposed order - Value: Rs.925.70
2026-01-03 16:15:41,210 | INFO | src.core.engine | HINDALCO: Reserved capital for proposed order - Value: Rs.925.70
2026-01-03 16:15:41,210 | INFO | src.core.risk_governor | Risk Governor evaluating trade: HINDALCO x 1
2026-01-03 16:15:41,211 | INFO | src.core.risk_manager | Risk assessment for HINDALCO: APPROVED (Score: 10.0, Level: LOW)
2026-01-03 16:15:41,211 | INFO | src.core.risk_governor | Risk Governor final decision: APPROVE for HINDALCO
2026-01-03 16:15:41,211 | INFO | src.core.engine | HINDALCO: Risk Governor APPROVED
2026-01-03 16:15:41,212 | INFO | src.core.engine | HINDALCO: Order created | BUY 1 @ Rs.925.70 | SL: Rs.911.90, Target: Rs.968.80
2026-01-03 16:15:41,379 | INFO | src.broker.zerodha | PAPER OrderSide.BUY   1 HINDALCO @ ₹925.70 | Order: PAPER-HINDALCO-OrderSide.BUY-1767437141379
2026-01-03 16:15:41,380 | INFO | src.execution.paper | HINDALCO: Paper order placed | OrderSide.BUY 1 @ ₹925.70 | Order: PAPER-HINDALCO-OrderSide.BUY-1767437141379
2026-01-03 16:15:41,380 | INFO | src.execution.adapter | HINDALCO: Signal processed and order placed
2026-01-03 16:15:41,392 | INFO | src.core.engine | COALINDIA: Adaptive strategy not enabled, using defaults
2026-01-03 16:15:41,392 | INFO | src.core.engine | COALINDIA: Reserving capital for proposed order - Value: Rs.1,711.60
2026-01-03 16:15:41,393 | INFO | src.core.engine | COALINDIA: Reserved capital for proposed order - Value: Rs.1,711.60
2026-01-03 16:15:41,393 | INFO | src.core.risk_governor | Risk Governor evaluating trade: COALINDIA x 4
2026-01-03 16:15:41,393 | INFO | src.core.risk_manager | Risk assessment for COALINDIA: APPROVED (Score: 10.0, Level: LOW)
2026-01-03 16:15:41,393 | INFO | src.core.risk_governor | Risk Governor final decision: APPROVE for COALINDIA
2026-01-03 16:15:41,394 | INFO | src.core.engine | COALINDIA: Risk Governor APPROVED
2026-01-03 16:15:41,397 | INFO | src.core.engine | COALINDIA: Order created | BUY 4 @ Rs.427.90 | SL: Rs.422.05, Target: Rs.446.20
2026-01-03 16:15:41,511 | INFO | src.broker.zerodha | PAPER OrderSide.BUY   4 COALINDIA @ ₹429.25 | Order: PAPER-COALINDIA-OrderSide.BUY-1767437141511
2026-01-03 16:15:41,512 | INFO | src.execution.paper | COALINDIA: Paper order placed | OrderSide.BUY 4 @ ₹429.25 | Order: PAPER-COALINDIA-OrderSide.BUY-1767437141511
2026-01-03 16:15:41,512 | INFO | src.execution.adapter | COALINDIA: Signal processed and order placed
2026-01-03 16:15:41,522 | INFO | src.core.engine | INDUSTOWER: Adaptive strategy not enabled, using defaults
2026-01-03 16:15:41,523 | INFO | src.core.engine | INDUSTOWER: Reserving capital for proposed order - Value: Rs.884.10
2026-01-03 16:15:41,523 | INFO | src.core.engine | INDUSTOWER: Reserved capital for proposed order - Value: Rs.884.10
2026-01-03 16:15:41,524 | INFO | src.core.risk_governor | Risk Governor evaluating trade: INDUSTOWER x 2
2026-01-03 16:15:41,524 | INFO | src.core.risk_manager | Risk assessment for INDUSTOWER: APPROVED (Score: 10.0, Level: LOW)
2026-01-03 16:15:41,524 | INFO | src.core.risk_governor | Risk Governor final decision: APPROVE for INDUSTOWER
2026-01-03 16:15:41,524 | INFO | src.core.engine | INDUSTOWER: Risk Governor APPROVED
2026-01-03 16:15:41,529 | INFO | src.core.engine | INDUSTOWER: Order created | BUY 2 @ Rs.442.05 | SL: Rs.433.45, Target: Rs.468.95
2026-01-03 16:15:41,649 | INFO | src.broker.zerodha | PAPER OrderSide.BUY   2 INDUSTOWER @ ₹442.05 | Order: PAPER-INDUSTOWER-OrderSide.BUY-1767437141649
2026-01-03 16:15:41,650 | INFO | src.execution.paper | INDUSTOWER: Paper order placed | OrderSide.BUY 2 @ ₹442.05 | Order: PAPER-INDUSTOWER-OrderSide.BUY-1767437141649
2026-01-03 16:15:41,650 | INFO | src.execution.adapter | INDUSTOWER: Signal processed and order placed
2026-01-03 16:15:41,674 | INFO | src.core.engine | UPL: Adaptive strategy not enabled, using defaults
2026-01-03 16:15:41,675 | INFO | src.core.engine | UPL: Reserving capital for proposed order - Value: Rs.1,609.30
2026-01-03 16:15:41,675 | ERROR | src.core.engine | Error processing signal for UPL: Insufficient capital. Need Rs.1609.30, have Rs.728.60 releasing capital reservation Rs.1,609.30
2026-01-03 16:15:41,676 | INFO | src.core.engine | SRF: Adaptive strategy not enabled, using defaults
2026-01-03 16:15:41,677 | INFO | src.core.engine | SRF: Reserving capital for proposed order - Value: Rs.3,059.50
2026-01-03 16:15:41,677 | ERROR | src.core.engine | Error processing signal for SRF: Insufficient capital. Need Rs.3059.50, have Rs.2337.90 releasing capital reservation Rs.3,059.50
2026-01-03 16:15:41,678 | INFO | src.core.engine | CUMMINSIND: Adaptive strategy not enabled, using defaults
2026-01-03 16:15:41,678 | INFO | src.core.engine | CUMMINSIND: Reserving capital for proposed order - Value: Rs.4,482.10
2026-01-03 16:15:41,679 | ERROR | src.core.engine | Error processing signal for CUMMINSIND: Insufficient capital. Need Rs.4482.10, have Rs.4250.00 releasing capital reservation Rs.4,482.10
2026-01-03 16:15:41,679 | INFO | src.core.engine | SAREGAMA: Adaptive strategy not enabled, using defaults
2026-01-03 16:15:41,680 | INFO | src.core.engine | SAREGAMA: Reserving capital for proposed order - Value: Rs.715.90
2026-01-03 16:15:41,680 | INFO | src.core.engine | SAREGAMA: Reserved capital for proposed order - Value: Rs.715.90
2026-01-03 16:15:41,680 | INFO | src.core.risk_governor | Risk Governor evaluating trade: SAREGAMA x 2
2026-01-03 16:15:41,681 | INFO | src.core.risk_manager | Risk assessment for SAREGAMA: APPROVED (Score: 10.0, Level: LOW)
2026-01-03 16:15:41,681 | INFO | src.core.risk_governor | Risk Governor final decision: APPROVE for SAREGAMA
2026-01-03 16:15:41,681 | INFO | src.core.engine | SAREGAMA: Risk Governor APPROVED
2026-01-03 16:15:41,685 | INFO | src.core.engine | SAREGAMA: Order created | BUY 2 @ Rs.357.95 | SL: Rs.348.25, Target: Rs.388.35
2026-01-03 16:15:41,913 | INFO | src.broker.zerodha | PAPER OrderSide.BUY   2 SAREGAMA @ ₹357.80 | Order: PAPER-SAREGAMA-OrderSide.BUY-1767437141913
2026-01-03 16:15:41,913 | INFO | src.execution.paper | SAREGAMA: Paper order placed | OrderSide.BUY 2 @ ₹357.80 | Order: PAPER-SAREGAMA-OrderSide.BUY-1767437141913
2026-01-03 16:15:41,913 | INFO | src.execution.adapter | SAREGAMA: Signal processed and order placed
2026-01-03 16:15:41,928 | INFO | src.core.engine | BLUEDART: Adaptive strategy not enabled, using defaults
2026-01-03 16:15:41,929 | INFO | src.core.engine | BLUEDART: Reserving capital for proposed order - Value: Rs.5,593.50
2026-01-03 16:15:41,929 | ERROR | src.core.engine | Error processing signal for BLUEDART: Insufficient capital. Need Rs.5593.50, have Rs.3534.10 releasing capital reservation Rs.5,593.50
2026-01-03 16:36:29,936 | INFO | config.enhanced_config_manager | Timing config loaded: enabled=False
2026-01-03 16:36:29,936 | INFO | src.core.risk_manager | Risk Manager initialized with comprehensive risk controls
2026-01-03 16:36:29,936 | INFO | src.screener.excel_screener | Excel screener initialized: MiniRobo.xlsx
2026-01-03 16:36:31,652 | INFO | src.screener.excel_screener | Loaded 100 enabled stocks from universe
2026-01-03 16:36:32,203 | INFO | src.core.warmup_manager | WarmupManager initialized for 10 symbols with 60 days lookback
2026-01-03 16:36:32,203 | INFO | src.core.warmup_manager | 🔥 Starting system warmup sequence...
2026-01-03 16:36:32,203 | INFO | src.core.warmup_manager |   🔄 Executing: load_market_data
2026-01-03 16:36:33,254 | ERROR | yfinance | $HDFCBANK: possibly delisted; no timezone found
2026-01-03 16:36:33,255 | WARNING | src.core.warmup_manager | Insufficient data for HDFCBANK: 0 days
2026-01-03 16:36:58,362 | INFO | config.enhanced_config_manager | Timing config loaded: enabled=False
2026-01-03 16:36:58,362 | INFO | src.core.risk_manager | Risk Manager initialized with comprehensive risk controls
2026-01-03 16:36:58,362 | INFO | src.screener.excel_screener | Excel screener initialized: MiniRobo.xlsx
2026-01-03 16:36:59,611 | INFO | src.screener.excel_screener | Loaded 100 enabled stocks from universe
2026-01-03 16:37:00,177 | INFO | src.core.warmup_manager | WarmupManager initialized for 10 symbols with 60 days lookback
2026-01-03 16:37:00,178 | INFO | src.core.warmup_manager | 🔥 Starting system warmup sequence...
2026-01-03 16:37:00,178 | INFO | src.core.warmup_manager |   🔄 Executing: load_market_data
2026-01-03 16:37:01,690 | ERROR | yfinance | $HDFCBANK: possibly delisted; no timezone found
2026-01-03 16:37:01,691 | WARNING | src.core.warmup_manager | Insufficient data for HDFCBANK: 0 days
2026-01-03 16:37:02,485 | ERROR | yfinance | HTTP Error 404: {"quoteSummary":{"result":null,"error":{"code":"Not Found","description":"Quote not found for symbol: ICICIBANK"}}}
2026-01-03 16:37:02,767 | ERROR | yfinance | $ICICIBANK: possibly delisted; no timezone found
2026-01-03 16:37:02,767 | WARNING | src.core.warmup_manager | Insufficient data for ICICIBANK: 0 days
2026-01-03 16:37:03,164 | ERROR | yfinance | $KOTAKBANK: possibly delisted; no timezone found
2026-01-03 16:37:03,165 | WARNING | src.core.warmup_manager | Insufficient data for KOTAKBANK: 0 days
2026-01-03 16:37:03,534 | ERROR | yfinance | $AXISBANK: possibly delisted; no timezone found
2026-01-03 16:37:03,534 | WARNING | src.core.warmup_manager | Insufficient data for AXISBANK: 0 days
2026-01-03 16:37:04,025 | ERROR | yfinance | $SBIN: possibly delisted; no timezone found
2026-01-03 16:37:04,025 | WARNING | src.core.warmup_manager | Insufficient data for SBIN: 0 days
2026-01-03 16:37:04,398 | ERROR | yfinance | $TCS: possibly delisted; no timezone found
2026-01-03 16:37:04,398 | WARNING | src.core.warmup_manager | Insufficient data for TCS: 0 days
2026-01-03 16:37:09,649 | ERROR | yfinance | $HCLTECH: possibly delisted; no timezone found
2026-01-03 16:37:09,650 | WARNING | src.core.warmup_manager | Insufficient data for HCLTECH: 0 days
2026-01-03 16:37:10,078 | ERROR | yfinance | $WIPRO: possibly delisted; no timezone found
2026-01-03 16:37:10,078 | WARNING | src.core.warmup_manager | Insufficient data for WIPRO: 0 days
2026-01-03 16:37:10,451 | ERROR | yfinance | $TECHM: possibly delisted; no timezone found
2026-01-03 16:37:10,451 | WARNING | src.core.warmup_manager | Insufficient data for TECHM: 0 days
2026-01-03 16:37:10,451 | INFO | src.core.warmup_manager | Market data loaded: 1/10 symbols, 41 total data points
2026-01-03 16:37:10,452 | INFO | src.core.warmup_manager |   ✅ Completed: load_market_data (10.27s, 41 data points)
2026-01-03 16:37:10,452 | INFO | src.core.warmup_manager |   🔄 Executing: calculate_indicators
2026-01-03 16:37:10,452 | WARNING | src.core.warmup_manager | TA-Lib not available, using simplified indicators
2026-01-03 16:37:10,457 | INFO | src.core.warmup_manager | Simple indicators calculated: 6 total indicators
2026-01-03 16:37:10,457 | INFO | src.core.warmup_manager |   ✅ Completed: calculate_indicators (0.01s, 6 data points)
2026-01-03 16:37:10,457 | INFO | src.core.warmup_manager |   🔄 Executing: warmup_timing
2026-01-03 16:37:11,161 | INFO | src.core.confidence_manager | Reactive confidence manager initialized
2026-01-03 16:37:11,161 | INFO | src.core.realtime_monitor | Real-time market monitor initialized with 60s update interval
2026-01-03 16:37:11,161 | INFO | src.core.data_risk_mitigator | Data source risk mitigator initialized
2026-01-03 16:37:11,161 | INFO | src.strategies.market_detector | Registered real-time callbacks for market events
2026-01-03 16:37:11,161 | INFO | src.core.realtime_monitor | Started monitoring 0 symbols
2026-01-03 16:37:11,161 | INFO | src.strategies.market_detector | Enhanced real-time market detector initialized
2026-01-03 16:37:11,161 | INFO | src.timing.market_regime | Unified MarketRegimeManager initialized
2026-01-03 16:37:11,490 | ERROR | src.strategies.market_detector | Failed to analyze market state: 'RealtimeMarketMonitor' object has no attribute 'get_realtime_state'
2026-01-03 16:37:11,490 | INFO | src.timing.market_regime | [MARKET REGIME] SIDEWAYS | confidence=0.50 | volatility=NORMAL
2026-01-03 16:37:11,491 | INFO | src.core.warmup_manager | Timing components warmed up - Current regime: (<MarketRegime.SIDEWAYS: 'SIDEWAYS'>, 0.5)
2026-01-03 16:37:11,491 | INFO | src.core.warmup_manager |   ✅ Completed: warmup_timing (1.03s, 1 data points)
2026-01-03 16:37:11,491 | INFO | src.core.warmup_manager |   🔄 Executing: warmup_regime
2026-01-03 16:37:11,493 | INFO | src.core.warmup_manager | Market regime detection warmed up for 1 symbols
2026-01-03 16:37:11,493 | INFO | src.core.warmup_manager |   ✅ Completed: warmup_regime (0.00s, 1 data points)
2026-01-03 16:37:11,493 | INFO | src.core.warmup_manager |   🔄 Executing: warmup_strategies
2026-01-03 16:37:11,493 | INFO | src.core.confidence_manager | Reactive confidence manager initialized
2026-01-03 16:37:11,493 | INFO | src.core.realtime_monitor | Real-time market monitor initialized with 60s update interval
2026-01-03 16:37:11,493 | INFO | src.core.data_risk_mitigator | Data source risk mitigator initialized
2026-01-03 16:37:11,493 | INFO | src.strategies.market_detector | Registered real-time callbacks for market events
2026-01-03 16:37:11,493 | INFO | src.core.realtime_monitor | Started monitoring 0 symbols
2026-01-03 16:37:11,493 | INFO | src.strategies.market_detector | Enhanced real-time market detector initialized
2026-01-03 16:37:11,493 | INFO | src.core.regime_weighting | Regime-aware strategy weighting system initialized
2026-01-03 16:37:11,493 | INFO | src.strategies.gap_trading | Gap trading strategy initialized
2026-01-03 16:37:11,493 | INFO | src.strategies.momentum_adaptive | Momentum adaptive strategy initialized
2026-01-03 16:37:11,493 | INFO | src.strategies.volatility_regime | Volatility regime strategy initialized
2026-01-03 16:37:11,494 | INFO | src.core.confidence_manager | Reactive confidence manager initialized
2026-01-03 16:37:11,494 | INFO | src.strategies.correlation_sync | Correlation sync strategy initialized with reactive confidence management
2026-01-03 16:37:11,494 | INFO | src.strategies.adaptive_manager | Adaptive strategy manager initialized with regime-aware weighting in AUTO mode
2026-01-03 16:37:11,562 | ERROR | src.strategies.market_detector | Failed to analyze market state: 'RealtimeMarketMonitor' object has no attribute 'get_realtime_state'
2026-01-03 16:37:11,712 | INFO | src.core.regime_weighting | Market regime change: None → MarketRegime.VOLATILE_NEUTRAL
2026-01-03 16:37:11,712 | WARNING | src.core.regime_weighting | Regime change to MarketRegime.VOLATILE_NEUTRAL - invalidating confidence
2026-01-03 16:37:11,712 | INFO | src.core.regime_weighting | Significant weight change - Session: POST_MARKET, Regime: VOLATILE_NEUTRAL
2026-01-03 16:37:11,712 | INFO | src.core.regime_weighting |   gap_trading: 0.17 (base: 0.25)
2026-01-03 16:37:11,712 | INFO | src.core.regime_weighting |   momentum_adaptive: 0.19 (base: 0.25)
2026-01-03 16:37:11,712 | INFO | src.core.regime_weighting |   volatility_regime: 0.52 (base: 0.25)
2026-01-03 16:37:11,712 | INFO | src.core.regime_weighting |   correlation_sync: 0.12 (base: 0.25)
2026-01-03 16:37:11,712 | INFO | src.strategies.adaptive_manager | Evaluating INFY with strategies: ['gap_trading', 'momentum_adaptive', 'volatility_regime', 'correlation_sync'] | Weights: {'gap_trading': 0.16666666666666666, 'momentum_adaptive': 0.18750000000000003, 'volatility_regime': 0.5208333333333334, 'correlation_sync': 0.125}
2026-01-03 16:37:11,713 | ERROR | src.strategies.market_detector | Failed to analyze market state: 'RealtimeMarketMonitor' object has no attribute 'get_realtime_state'
2026-01-03 16:38:27,774 | INFO | config.enhanced_config_manager | Timing config loaded: enabled=False
2026-01-03 16:38:27,774 | INFO | src.core.risk_manager | Risk Manager initialized with comprehensive risk controls
2026-01-03 16:38:27,775 | INFO | src.screener.excel_screener | Excel screener initialized: MiniRobo.xlsx
2026-01-03 16:38:29,358 | INFO | src.screener.excel_screener | Loaded 100 enabled stocks from universe
2026-01-03 16:38:29,924 | INFO | src.core.warmup_manager | WarmupManager initialized for 10 symbols with 60 days lookback
2026-01-03 16:38:29,924 | INFO | src.core.warmup_manager | 🔥 Starting system warmup sequence...
2026-01-03 16:38:29,924 | INFO | src.core.warmup_manager |   🔄 Executing: load_market_data
2026-01-03 16:38:31,018 | ERROR | yfinance | $HDFCBANK: possibly delisted; no timezone found
2026-01-03 16:38:31,018 | WARNING | src.core.warmup_manager | Insufficient data for HDFCBANK: 0 days
2026-01-03 16:38:31,953 | ERROR | yfinance | HTTP Error 404: {"quoteSummary":{"result":null,"error":{"code":"Not Found","description":"Quote not found for symbol: ICICIBANK"}}}
2026-01-03 16:38:32,089 | ERROR | yfinance | $ICICIBANK: possibly delisted; no timezone found
2026-01-03 16:38:32,090 | WARNING | src.core.warmup_manager | Insufficient data for ICICIBANK: 0 days
2026-01-03 16:38:32,519 | ERROR | yfinance | $KOTAKBANK: possibly delisted; no timezone found
2026-01-03 16:38:32,519 | WARNING | src.core.warmup_manager | Insufficient data for KOTAKBANK: 0 days
2026-01-03 16:38:32,962 | ERROR | yfinance | $AXISBANK: possibly delisted; no timezone found
2026-01-03 16:38:32,963 | WARNING | src.core.warmup_manager | Insufficient data for AXISBANK: 0 days
2026-01-03 16:38:33,370 | ERROR | yfinance | $SBIN: possibly delisted; no timezone found
2026-01-03 16:38:33,371 | WARNING | src.core.warmup_manager | Insufficient data for SBIN: 0 days
2026-01-03 16:38:33,816 | ERROR | yfinance | $TCS: possibly delisted; no timezone found
2026-01-03 16:38:33,817 | WARNING | src.core.warmup_manager | Insufficient data for TCS: 0 days
2026-01-03 16:38:35,690 | ERROR | yfinance | $HCLTECH: possibly delisted; no timezone found
2026-01-03 16:38:35,690 | WARNING | src.core.warmup_manager | Insufficient data for HCLTECH: 0 days
2026-01-03 16:38:36,466 | ERROR | yfinance | $WIPRO: possibly delisted; no timezone found
2026-01-03 16:38:36,467 | WARNING | src.core.warmup_manager | Insufficient data for WIPRO: 0 days
2026-01-03 16:38:36,886 | ERROR | yfinance | $TECHM: possibly delisted; no timezone found
2026-01-03 16:38:36,887 | WARNING | src.core.warmup_manager | Insufficient data for TECHM: 0 days
2026-01-03 16:38:36,887 | INFO | src.core.warmup_manager | Market data loaded: 1/10 symbols, 41 total data points
2026-01-03 16:38:36,888 | INFO | src.core.warmup_manager |   ✅ Completed: load_market_data (6.96s, 41 data points)
2026-01-03 16:38:36,889 | INFO | src.core.warmup_manager |   🔄 Executing: calculate_indicators
2026-01-03 16:38:36,933 | INFO | src.core.warmup_manager | Technical indicators calculated: 13 total indicators
2026-01-03 16:38:36,934 | INFO | src.core.warmup_manager |   ✅ Completed: calculate_indicators (0.04s, 13 data points)
2026-01-03 16:38:36,934 | INFO | src.core.warmup_manager |   🔄 Executing: warmup_timing
2026-01-03 16:38:43,677 | INFO | src.core.confidence_manager | Reactive confidence manager initialized
2026-01-03 16:38:43,678 | INFO | src.core.realtime_monitor | Real-time market monitor initialized with 60s update interval
2026-01-03 16:38:43,678 | INFO | src.core.data_risk_mitigator | Data source risk mitigator initialized
2026-01-03 16:38:43,678 | INFO | src.strategies.market_detector | Registered real-time callbacks for market events
2026-01-03 16:38:43,678 | INFO | src.core.realtime_monitor | Started monitoring 0 symbols
2026-01-03 16:38:43,678 | INFO | src.strategies.market_detector | Enhanced real-time market detector initialized
2026-01-03 16:38:43,679 | INFO | src.timing.market_regime | Unified MarketRegimeManager initialized
2026-01-03 16:38:44,002 | ERROR | src.strategies.market_detector | Failed to analyze market state: 'RealtimeMarketMonitor' object has no attribute 'get_realtime_state'
2026-01-03 16:38:44,002 | INFO | src.timing.market_regime | [MARKET REGIME] SIDEWAYS | confidence=0.50 | volatility=NORMAL
2026-01-03 16:38:44,002 | INFO | src.core.warmup_manager | Timing components warmed up - Current regime: (<MarketRegime.SIDEWAYS: 'SIDEWAYS'>, 0.5)
2026-01-03 16:38:44,002 | INFO | src.core.warmup_manager |   ✅ Completed: warmup_timing (7.07s, 1 data points)
2026-01-03 16:38:44,003 | INFO | src.core.warmup_manager |   🔄 Executing: warmup_regime
2026-01-03 16:38:44,004 | INFO | src.core.warmup_manager | Market regime detection warmed up for 1 symbols
2026-01-03 16:38:44,004 | INFO | src.core.warmup_manager |   ✅ Completed: warmup_regime (0.00s, 1 data points)
2026-01-03 16:38:44,005 | INFO | src.core.warmup_manager |   🔄 Executing: warmup_strategies
2026-01-03 16:38:44,005 | INFO | src.core.confidence_manager | Reactive confidence manager initialized
2026-01-03 16:38:44,005 | INFO | src.core.realtime_monitor | Real-time market monitor initialized with 60s update interval
2026-01-03 16:38:44,005 | INFO | src.core.data_risk_mitigator | Data source risk mitigator initialized
2026-01-03 16:38:44,006 | INFO | src.strategies.market_detector | Registered real-time callbacks for market events
2026-01-03 16:38:44,006 | INFO | src.core.realtime_monitor | Started monitoring 0 symbols
2026-01-03 16:38:44,006 | INFO | src.strategies.market_detector | Enhanced real-time market detector initialized
2026-01-03 16:38:44,006 | INFO | src.core.regime_weighting | Regime-aware strategy weighting system initialized
2026-01-03 16:38:44,007 | INFO | src.strategies.gap_trading | Gap trading strategy initialized
2026-01-03 16:38:44,007 | INFO | src.strategies.momentum_adaptive | Momentum adaptive strategy initialized
2026-01-03 16:38:44,007 | INFO | src.strategies.volatility_regime | Volatility regime strategy initialized
2026-01-03 16:38:44,007 | INFO | src.core.confidence_manager | Reactive confidence manager initialized
2026-01-03 16:38:44,007 | INFO | src.strategies.correlation_sync | Correlation sync strategy initialized with reactive confidence management
2026-01-03 16:38:44,008 | INFO | src.strategies.adaptive_manager | Adaptive strategy manager initialized with regime-aware weighting in AUTO mode
2026-01-03 16:38:44,083 | ERROR | src.strategies.market_detector | Failed to analyze market state: 'RealtimeMarketMonitor' object has no attribute 'get_realtime_state'
2026-01-03 16:38:44,232 | INFO | src.core.regime_weighting | Market regime change: None → MarketRegime.VOLATILE_NEUTRAL
2026-01-03 16:38:44,232 | WARNING | src.core.regime_weighting | Regime change to MarketRegime.VOLATILE_NEUTRAL - invalidating confidence
2026-01-03 16:38:44,232 | INFO | src.core.regime_weighting | Significant weight change - Session: POST_MARKET, Regime: VOLATILE_NEUTRAL
2026-01-03 16:38:44,232 | INFO | src.core.regime_weighting |   gap_trading: 0.17 (base: 0.25)
2026-01-03 16:38:44,233 | INFO | src.core.regime_weighting |   momentum_adaptive: 0.19 (base: 0.25)
2026-01-03 16:38:44,233 | INFO | src.core.regime_weighting |   volatility_regime: 0.52 (base: 0.25)
2026-01-03 16:38:44,233 | INFO | src.core.regime_weighting |   correlation_sync: 0.12 (base: 0.25)
2026-01-03 16:38:44,233 | INFO | src.strategies.adaptive_manager | Evaluating INFY with strategies: ['gap_trading', 'momentum_adaptive', 'volatility_regime', 'correlation_sync'] | Weights: {'gap_trading': 0.16666666666666666, 'momentum_adaptive': 0.18750000000000003, 'volatility_regime': 0.5208333333333334, 'correlation_sync': 0.125}
2026-01-03 16:38:44,234 | ERROR | src.strategies.market_detector | Failed to analyze market state: 'RealtimeMarketMonitor' object has no attribute 'get_realtime_state'
2026-01-03 16:38:44,532 | WARNING | src.core.warmup_manager | Strategy warmup failed for INFY: 'StrategyDecision' object has no attribute 'confidence'
2026-01-03 16:38:44,532 | INFO | src.core.warmup_manager | Strategy managers warmed up for 1 symbols
2026-01-03 16:38:44,532 | INFO | src.core.warmup_manager |   ✅ Completed: warmup_strategies (0.53s, 1 data points)
2026-01-03 16:38:44,533 | INFO | src.core.warmup_manager |   🔄 Executing: validate_warmup
2026-01-03 16:38:44,533 | ERROR | src.core.warmup_manager | Warmup validation failed: Only 1/10 symbols warmed
2026-01-03 16:38:44,533 | ERROR | src.core.warmup_manager |   ❌ Failed: validate_warmup (0.00s) - Only 1/10 symbols warmed
2026-01-03 16:38:44,533 | ERROR | src.core.warmup_manager | ❌ Warmup FAILED with 1 task failures
2026-01-03 16:38:44,533 | INFO | src.core.warmup_manager | ============================================================
2026-01-03 16:38:44,534 | INFO | src.core.warmup_manager | WARMUP SUMMARY
2026-01-03 16:38:44,534 | INFO | src.core.warmup_manager | ============================================================
2026-01-03 16:38:44,534 | INFO | src.core.warmup_manager | Status: FAILED
2026-01-03 16:38:44,534 | INFO | src.core.warmup_manager | Duration: 14.61 seconds
2026-01-03 16:38:44,535 | INFO | src.core.warmup_manager | Symbols warmed: 1/10
2026-01-03 16:38:44,535 | INFO | src.core.warmup_manager | Tasks completed: 5/6
2026-01-03 16:38:44,535 | INFO | src.core.warmup_manager | Failed tasks: 1
2026-01-03 16:38:44,535 | ERROR | src.core.warmup_manager |   - validate_warmup: Only 1/10 symbols warmed
2026-01-03 16:38:44,535 | INFO | src.core.warmup_manager | Indicator Status:
2026-01-03 16:38:44,535 | INFO | src.core.warmup_manager |   ❌ SMA_20
2026-01-03 16:38:44,536 | INFO | src.core.warmup_manager |   ❌ SMA_50
2026-01-03 16:38:44,536 | INFO | src.core.warmup_manager |   ❌ EMA_12
2026-01-03 16:38:44,536 | INFO | src.core.warmup_manager |   ❌ EMA_26
2026-01-03 16:38:44,536 | INFO | src.core.warmup_manager |   ❌ RSI_14
2026-01-03 16:38:44,536 | INFO | src.core.warmup_manager |   ❌ MACD
2026-01-03 16:38:44,536 | INFO | src.core.warmup_manager |   ❌ ATR_14
2026-01-03 16:38:44,536 | INFO | src.core.warmup_manager |   ❌ BOLLINGER_BANDS
2026-01-03 16:38:44,536 | INFO | src.core.warmup_manager | ============================================================
2026-01-03 16:38:44,537 | INFO | src.utils.sector_manager | Sector manager initialized
2026-01-03 16:38:44,537 | INFO | src.core.risk_manager | Risk Manager initialized with comprehensive risk controls
2026-01-03 16:38:44,537 | INFO | src.core.risk_governor | Added risk rule: EmergencyStop (priority: 5)
2026-01-03 16:38:44,537 | INFO | src.core.risk_governor | Added risk rule: MarketHours (priority: 10)
2026-01-03 16:38:44,537 | INFO | src.core.risk_governor | Added risk rule: DailyLossLimit (priority: 15)
2026-01-03 16:38:44,537 | INFO | src.core.risk_governor | Added risk rule: VolatilityAdjustment (priority: 25)
2026-01-03 16:38:44,538 | INFO | src.core.risk_governor | Risk Governor initialized with 4 risk rules
2026-01-03 16:38:44,538 | INFO | src.core.warmup_manager | WarmupManager initialized for 100 symbols with 60 days lookback
2026-01-03 16:38:44,538 | INFO | src.core.confidence_manager | Reactive confidence manager initialized
2026-01-03 16:38:44,538 | INFO | src.core.realtime_monitor | Real-time market monitor initialized with 60s update interval
2026-01-03 16:38:44,538 | INFO | src.core.data_risk_mitigator | Data source risk mitigator initialized
2026-01-03 16:38:44,538 | INFO | src.strategies.market_detector | Registered real-time callbacks for market events
2026-01-03 16:38:44,538 | INFO | src.core.realtime_monitor | Started monitoring 0 symbols
2026-01-03 16:38:44,539 | INFO | src.strategies.market_detector | Enhanced real-time market detector initialized
2026-01-03 16:38:44,539 | INFO | src.core.regime_weighting | Regime-aware strategy weighting system initialized
2026-01-03 16:38:44,539 | INFO | src.strategies.gap_trading | Gap trading strategy initialized
2026-01-03 16:38:44,539 | INFO | src.strategies.momentum_adaptive | Momentum adaptive strategy initialized
2026-01-03 16:38:44,539 | INFO | src.strategies.volatility_regime | Volatility regime strategy initialized
2026-01-03 16:38:44,539 | INFO | src.core.confidence_manager | Reactive confidence manager initialized
2026-01-03 16:38:44,540 | INFO | src.strategies.correlation_sync | Correlation sync strategy initialized with reactive confidence management
2026-01-03 16:38:44,540 | INFO | src.strategies.adaptive_manager | Adaptive strategy manager initialized with regime-aware weighting in AUTO mode
2026-01-03 16:38:44,540 | INFO | src.core.engine | Adaptive strategies initialized successfully
2026-01-03 16:38:44,540 | INFO | src.core.engine | Trading engine initialized with timing intelligence disabled
2026-01-03 16:38:44,540 | INFO | src.core.engine | Trading engine initialized with enhanced risk management
2026-01-03 16:38:44,540 | INFO | src.execution.adapter | Initialized PAPER execution adapter
2026-01-03 16:38:44,540 | INFO | src.broker.zerodha | ZerodhaBroker initialized in PAPER mode
2026-01-03 16:38:44,541 | INFO | src.broker.zerodha | Paper trading: No real connection required
2026-01-03 16:38:44,541 | INFO | src.execution.paper | Paper trading initialized
2026-01-03 16:38:44,541 | INFO | src.execution.paper | Paper trading mode initialized
2026-01-03 16:38:44,543 | INFO | src.core.system_arming | Added kill switch: emergency_file (Critical)
2026-01-03 16:38:44,543 | INFO | src.core.system_arming | Added kill switch: daily_loss_limit (Critical)
2026-01-03 16:38:44,543 | INFO | src.core.system_arming | Added kill switch: capital_availability (Critical)
2026-01-03 16:38:44,543 | INFO | src.core.system_arming | Added kill switch: market_hours (Non-critical)
2026-01-03 16:38:44,544 | INFO | src.core.system_arming | Added kill switch: system_health (Critical)
2026-01-03 16:38:44,544 | INFO | src.core.system_arming | Added kill switch: config_integrity (Critical)
2026-01-03 16:38:44,544 | INFO | src.core.system_arming | Added kill switch: state_integrity (Critical)
2026-01-03 16:38:44,544 | INFO | src.core.system_arming | System Arming initialized with 7 kill switches
2026-01-03 16:38:44,544 | INFO | src.core.system_arming | Starting system arming sequence...
2026-01-03 16:38:44,544 | ERROR | src.core.system_arming | Capital availability check failed: 'CapitalParameters' object has no attribute 'max_position_value'
2026-01-03 16:38:44,545 | ERROR | src.core.system_arming | Critical safety check failed: capital_availability
2026-01-03 16:39:16,880 | INFO | src.core.system_arming | Starting system arming sequence...
2026-01-03 16:39:16,881 | ERROR | src.core.system_arming | Capital availability check failed: 'CapitalParameters' object has no attribute 'max_position_value'
2026-01-03 16:39:16,883 | INFO | src.core.system_arming | 🔒 SYSTEM ARMED at 16:39:16
2026-01-03 16:39:16,883 | WARNING | src.core.system_arming | ⚠️  FORCE ARMED with 1 critical failures!
2026-01-03 16:39:16,884 | WARNING | src.core.engine | No regime manager available
2026-01-03 16:39:16,884 | INFO | src.screener.excel_screener | ============================================================
2026-01-03 16:39:16,884 | INFO | src.screener.excel_screener | STARTING EXCEL-DRIVEN SCREENER
2026-01-03 16:39:16,884 | INFO | src.screener.excel_screener | ============================================================
2026-01-03 16:39:18,358 | INFO | src.screener.excel_screener | Loaded 14 screener rules
2026-01-03 16:39:18,931 | INFO | src.screener.excel_screener | 
 ACTIVE FILTER RULES:
2026-01-03 16:39:20,596 | INFO | src.screener.excel_screener | Loaded 100 enabled stocks from universe
2026-01-03 16:39:22,664 | INFO | src.screener.excel_screener | Loaded sector mapping for 100 symbols
2026-01-03 16:39:23,540 | INFO | src.screener.excel_screener | Market Trend: BULLISH
2026-01-03 16:39:24,368 | INFO | src.screener.excel_screener | Successfully fetched data for 100/100 symbols
2026-01-03 16:39:24,368 | INFO | src.screener.excel_screener | Bulk data received: 100 symbols with data
2026-01-03 16:39:24,549 | INFO | src.screener.excel_screener | Starting screening of 100 symbols. Bulk data has 100 entries
2026-01-03 16:39:24,944 | INFO | src.screener.excel_screener | 
📊 REJECTION STATISTICS:
2026-01-03 16:39:24,944 | INFO | src.screener.excel_screener |    Total Processed: 100
2026-01-03 16:39:24,944 | INFO | src.screener.excel_screener |    Passed: 26
2026-01-03 16:39:24,945 | INFO | src.screener.excel_screener |    Rejected: 74
2026-01-03 16:39:24,945 | INFO | src.screener.excel_screener | 
   Top Rejection Reasons:
2026-01-03 16:39:24,945 | INFO | src.screener.excel_screener | Metrics calculated: 100, Passed: 26, Rejected: 74, Insufficient bars: 0, Missing data: 0
2026-01-03 16:39:24,946 | INFO | src.screener.excel_screener | Max trades (adjusted for BULLISH): 8
2026-01-03 16:39:24,946 | INFO | src.screener.excel_screener | 
============================================================
2026-01-03 16:39:24,947 | INFO | src.screener.excel_screener | TOP PICKS:
2026-01-03 16:39:24,947 | INFO | src.screener.excel_screener | ============================================================
2026-01-03 16:39:24,947 | INFO | src.screener.excel_screener | INDUSTOWER | Score:  47.37 | Price: Rs. 442.05 | BULLISH_TREND,HIGH_VOLUME,STRONG_TREND
2026-01-03 16:39:24,947 | INFO | src.screener.excel_screener | HINDALCO   | Score:  42.61 | Price: Rs. 925.70 | BULLISH_TREND,HIGH_VOLUME,STRONG_TREND
2026-01-03 16:39:24,948 | INFO | src.screener.excel_screener | COALINDIA  | Score:  39.61 | Price: Rs. 427.90 | BULLISH_TREND,HIGH_VOLUME,STRONG_TREND
2026-01-03 16:39:24,948 | INFO | src.screener.excel_screener | BLUEDART   | Score:  34.99 | Price: Rs.5593.50 | NEAR_EMA20,HIGH_VOLUME
2026-01-03 16:39:24,948 | INFO | src.screener.excel_screener | UPL        | Score:  34.61 | Price: Rs. 804.65 | BULLISH_TREND
2026-01-03 16:39:26,467 | INFO | src.screener.excel_screener | Written 8 results to Excel: SCREENER_OUTPUT
2026-01-03 16:39:27,013 | INFO | src.screener.excel_screener | ============================================================
2026-01-03 16:39:27,013 | INFO | src.screener.excel_screener | SCREENER COMPLETE
2026-01-03 16:39:27,013 | INFO | src.screener.excel_screener | ============================================================
2026-01-03 16:39:27,428 | ERROR | src.strategies.market_detector | Failed to analyze market state: 'RealtimeMarketMonitor' object has no attribute 'get_realtime_state'
2026-01-03 16:39:27,619 | INFO | src.core.regime_weighting | Market regime change: None → MarketRegime.VOLATILE_NEUTRAL
2026-01-03 16:39:27,619 | WARNING | src.core.regime_weighting | Regime change to MarketRegime.VOLATILE_NEUTRAL - invalidating confidence
2026-01-03 16:39:27,619 | INFO | src.core.regime_weighting | Significant weight change - Session: POST_MARKET, Regime: VOLATILE_NEUTRAL
2026-01-03 16:39:27,620 | INFO | src.core.regime_weighting |   gap_trading: 0.17 (base: 0.25)
2026-01-03 16:39:27,620 | INFO | src.core.regime_weighting |   momentum_adaptive: 0.19 (base: 0.25)
2026-01-03 16:39:27,620 | INFO | src.core.regime_weighting |   volatility_regime: 0.52 (base: 0.25)
2026-01-03 16:39:27,621 | INFO | src.core.regime_weighting |   correlation_sync: 0.12 (base: 0.25)
2026-01-03 16:39:27,621 | INFO | src.strategies.adaptive_manager | Evaluating HINDALCO with strategies: ['gap_trading', 'momentum_adaptive', 'volatility_regime', 'correlation_sync'] | Weights: {'gap_trading': 0.16666666666666666, 'momentum_adaptive': 0.18750000000000003, 'volatility_regime': 0.5208333333333334, 'correlation_sync': 0.125}
2026-01-03 16:39:27,621 | ERROR | src.strategies.market_detector | Failed to analyze market state: 'RealtimeMarketMonitor' object has no attribute 'get_realtime_state'
2026-01-03 16:39:28,133 | INFO | src.core.engine | HINDALCO: Adaptive strategy approved - volatility_regime | SL: 0.80x, Target: 2.50x, Size: 1.29x
2026-01-03 16:39:28,134 | INFO | src.core.engine | HINDALCO: Reserving capital for proposed order - Value: Rs.925.70
2026-01-03 16:39:28,134 | INFO | src.core.engine | HINDALCO: Reserved capital for proposed order - Value: Rs.925.70
2026-01-03 16:39:28,135 | INFO | src.core.risk_governor | Risk Governor evaluating trade: HINDALCO x 1
2026-01-03 16:39:28,135 | INFO | src.core.risk_manager | Risk assessment for HINDALCO: APPROVED (Score: 10.0, Level: LOW)
2026-01-03 16:39:28,135 | INFO | src.core.risk_governor | Risk Governor final decision: APPROVE for HINDALCO
2026-01-03 16:39:28,135 | INFO | src.core.engine | HINDALCO: Risk Governor APPROVED
2026-01-03 16:39:28,137 | INFO | src.core.engine | HINDALCO: Order created | BUY 1 @ Rs.925.70 | SL: Rs.911.90, Target: Rs.968.80
2026-01-03 16:39:28,310 | INFO | src.broker.zerodha | PAPER OrderSide.BUY   1 HINDALCO @ ₹925.70 | Order: PAPER-HINDALCO-OrderSide.BUY-1767438568310
2026-01-03 16:39:28,310 | INFO | src.execution.paper | HINDALCO: Paper order placed | OrderSide.BUY 1 @ ₹925.70 | Order: PAPER-HINDALCO-OrderSide.BUY-1767438568310
2026-01-03 16:39:28,310 | INFO | src.execution.adapter | HINDALCO: Signal processed and order placed
2026-01-03 16:39:28,322 | ERROR | src.strategies.market_detector | Failed to analyze market state: 'RealtimeMarketMonitor' object has no attribute 'get_realtime_state'
2026-01-03 16:39:28,521 | INFO | src.core.regime_weighting | Significant weight change - Session: POST_MARKET, Regime: VOLATILE_NEUTRAL
2026-01-03 16:39:28,521 | INFO | src.core.regime_weighting |   gap_trading: 0.17 (base: 0.25)
2026-01-03 16:39:28,521 | INFO | src.core.regime_weighting |   momentum_adaptive: 0.19 (base: 0.25)
2026-01-03 16:39:28,521 | INFO | src.core.regime_weighting |   volatility_regime: 0.52 (base: 0.25)
2026-01-03 16:39:28,521 | INFO | src.core.regime_weighting |   correlation_sync: 0.12 (base: 0.25)
2026-01-03 16:39:28,521 | INFO | src.strategies.adaptive_manager | Evaluating COALINDIA with strategies: ['gap_trading', 'momentum_adaptive', 'volatility_regime', 'correlation_sync'] | Weights: {'gap_trading': 0.16666666666666666, 'momentum_adaptive': 0.18750000000000003, 'volatility_regime': 0.5208333333333334, 'correlation_sync': 0.125}
2026-01-03 16:39:28,522 | INFO | src.core.engine | COALINDIA: Adaptive strategy approved - volatility_regime | SL: 0.80x, Target: 2.50x, Size: 1.29x
2026-01-03 16:39:28,522 | INFO | src.core.engine | COALINDIA: Reserving capital for proposed order - Value: Rs.2,139.50
2026-01-03 16:39:28,522 | INFO | src.core.engine | COALINDIA: Reserved capital for proposed order - Value: Rs.2,139.50
2026-01-03 16:39:28,522 | INFO | src.core.risk_governor | Risk Governor evaluating trade: COALINDIA x 5
2026-01-03 16:39:28,523 | INFO | src.core.risk_manager | Risk assessment for COALINDIA: APPROVED (Score: 10.0, Level: LOW)
2026-01-03 16:39:28,523 | INFO | src.core.risk_governor | Risk Governor final decision: APPROVE for COALINDIA
2026-01-03 16:39:28,523 | INFO | src.core.engine | COALINDIA: Risk Governor APPROVED
2026-01-03 16:39:28,525 | INFO | src.core.engine | COALINDIA: Order created | BUY 5 @ Rs.427.90 | SL: Rs.422.05, Target: Rs.446.20
2026-01-03 16:39:28,850 | INFO | src.broker.zerodha | PAPER OrderSide.BUY   5 COALINDIA @ ₹429.25 | Order: PAPER-COALINDIA-OrderSide.BUY-1767438568850
2026-01-03 16:39:28,851 | INFO | src.execution.paper | COALINDIA: Paper order placed | OrderSide.BUY 5 @ ₹429.25 | Order: PAPER-COALINDIA-OrderSide.BUY-1767438568850
2026-01-03 16:39:28,851 | INFO | src.execution.adapter | COALINDIA: Signal processed and order placed
2026-01-03 16:39:28,864 | ERROR | src.strategies.market_detector | Failed to analyze market state: 'RealtimeMarketMonitor' object has no attribute 'get_realtime_state'
2026-01-03 16:39:29,177 | INFO | src.core.regime_weighting | Significant weight change - Session: POST_MARKET, Regime: VOLATILE_NEUTRAL
2026-01-03 16:39:29,177 | INFO | src.core.regime_weighting |   gap_trading: 0.17 (base: 0.25)
2026-01-03 16:39:29,177 | INFO | src.core.regime_weighting |   momentum_adaptive: 0.19 (base: 0.25)
2026-01-03 16:39:29,178 | INFO | src.core.regime_weighting |   volatility_regime: 0.52 (base: 0.25)
2026-01-03 16:39:29,178 | INFO | src.core.regime_weighting |   correlation_sync: 0.12 (base: 0.25)
2026-01-03 16:39:29,178 | INFO | src.strategies.adaptive_manager | Evaluating INDUSTOWER with strategies: ['gap_trading', 'momentum_adaptive', 'volatility_regime', 'correlation_sync'] | Weights: {'gap_trading': 0.16666666666666666, 'momentum_adaptive': 0.18750000000000003, 'volatility_regime': 0.5208333333333334, 'correlation_sync': 0.125}
2026-01-03 16:39:29,179 | INFO | src.core.engine | INDUSTOWER: Adaptive strategy approved - volatility_regime | SL: 0.80x, Target: 2.50x, Size: 1.29x
2026-01-03 16:39:29,179 | INFO | src.core.engine | INDUSTOWER: Reserving capital for proposed order - Value: Rs.884.10
2026-01-03 16:39:29,179 | INFO | src.core.engine | INDUSTOWER: Reserved capital for proposed order - Value: Rs.884.10
2026-01-03 16:39:29,180 | INFO | src.core.risk_governor | Risk Governor evaluating trade: INDUSTOWER x 2
2026-01-03 16:39:29,180 | INFO | src.core.risk_manager | Risk assessment for INDUSTOWER: APPROVED (Score: 10.0, Level: LOW)
2026-01-03 16:39:29,181 | INFO | src.core.risk_governor | Risk Governor final decision: APPROVE for INDUSTOWER
2026-01-03 16:39:29,181 | INFO | src.core.engine | INDUSTOWER: Risk Governor APPROVED
2026-01-03 16:39:29,184 | INFO | src.core.engine | INDUSTOWER: Order created | BUY 2 @ Rs.442.05 | SL: Rs.433.45, Target: Rs.468.95
2026-01-03 16:39:29,377 | INFO | src.broker.zerodha | PAPER OrderSide.BUY   2 INDUSTOWER @ ₹442.05 | Order: PAPER-INDUSTOWER-OrderSide.BUY-1767438569377
2026-01-03 16:39:29,377 | INFO | src.execution.paper | INDUSTOWER: Paper order placed | OrderSide.BUY 2 @ ₹442.05 | Order: PAPER-INDUSTOWER-OrderSide.BUY-1767438569377
2026-01-03 16:39:29,378 | INFO | src.execution.adapter | INDUSTOWER: Signal processed and order placed
2026-01-03 16:39:29,402 | ERROR | src.strategies.market_detector | Failed to analyze market state: 'RealtimeMarketMonitor' object has no attribute 'get_realtime_state'
2026-01-03 16:39:29,631 | INFO | src.core.regime_weighting | Significant weight change - Session: POST_MARKET, Regime: VOLATILE_NEUTRAL
2026-01-03 16:39:29,631 | INFO | src.core.regime_weighting |   gap_trading: 0.17 (base: 0.25)
2026-01-03 16:39:29,631 | INFO | src.core.regime_weighting |   momentum_adaptive: 0.19 (base: 0.25)
2026-01-03 16:39:29,631 | INFO | src.core.regime_weighting |   volatility_regime: 0.52 (base: 0.25)
2026-01-03 16:39:29,632 | INFO | src.core.regime_weighting |   correlation_sync: 0.12 (base: 0.25)
2026-01-03 16:39:29,632 | INFO | src.strategies.adaptive_manager | Evaluating UPL with strategies: ['gap_trading', 'momentum_adaptive', 'volatility_regime', 'correlation_sync'] | Weights: {'gap_trading': 0.16666666666666666, 'momentum_adaptive': 0.18750000000000003, 'volatility_regime': 0.5208333333333334, 'correlation_sync': 0.125}
2026-01-03 16:39:29,632 | INFO | src.core.engine | UPL: Adaptive strategy approved - momentum_adaptive | SL: 0.80x, Target: 2.50x, Size: 1.00x
2026-01-03 16:39:29,633 | INFO | src.core.engine | UPL: Reserving capital for proposed order - Value: Rs.1,609.30
2026-01-03 16:39:29,633 | ERROR | src.core.engine | Error processing signal for UPL: Insufficient capital. Need Rs.1609.30, have Rs.300.70 releasing capital reservation Rs.1,609.30
2026-01-03 16:39:29,634 | ERROR | src.strategies.market_detector | Failed to analyze market state: 'RealtimeMarketMonitor' object has no attribute 'get_realtime_state'
2026-01-03 16:39:29,822 | INFO | src.core.regime_weighting | Significant weight change - Session: POST_MARKET, Regime: VOLATILE_NEUTRAL
2026-01-03 16:39:29,823 | INFO | src.core.regime_weighting |   gap_trading: 0.17 (base: 0.25)
2026-01-03 16:39:29,823 | INFO | src.core.regime_weighting |   momentum_adaptive: 0.19 (base: 0.25)
2026-01-03 16:39:29,823 | INFO | src.core.regime_weighting |   volatility_regime: 0.52 (base: 0.25)
2026-01-03 16:39:29,823 | INFO | src.core.regime_weighting |   correlation_sync: 0.12 (base: 0.25)
2026-01-03 16:39:29,824 | INFO | src.strategies.adaptive_manager | Evaluating SRF with strategies: ['gap_trading', 'momentum_adaptive', 'volatility_regime', 'correlation_sync'] | Weights: {'gap_trading': 0.16666666666666666, 'momentum_adaptive': 0.18750000000000003, 'volatility_regime': 0.5208333333333334, 'correlation_sync': 0.125}
2026-01-03 16:39:29,824 | INFO | src.core.engine | SRF: Adaptive strategy approved - momentum_adaptive | SL: 0.80x, Target: 2.50x, Size: 1.00x
2026-01-03 16:39:29,824 | INFO | src.core.engine | SRF: Reserving capital for proposed order - Value: Rs.3,059.50
2026-01-03 16:39:29,825 | ERROR | src.core.engine | Error processing signal for SRF: Insufficient capital. Need Rs.3059.50, have Rs.1910.00 releasing capital reservation Rs.3,059.50
2026-01-03 16:39:29,826 | ERROR | src.strategies.market_detector | Failed to analyze market state: 'RealtimeMarketMonitor' object has no attribute 'get_realtime_state'
2026-01-03 16:39:30,025 | INFO | src.core.regime_weighting | Significant weight change - Session: POST_MARKET, Regime: VOLATILE_NEUTRAL
2026-01-03 16:39:30,025 | INFO | src.core.regime_weighting |   gap_trading: 0.17 (base: 0.25)
2026-01-03 16:39:30,025 | INFO | src.core.regime_weighting |   momentum_adaptive: 0.19 (base: 0.25)
2026-01-03 16:39:30,026 | INFO | src.core.regime_weighting |   volatility_regime: 0.52 (base: 0.25)
2026-01-03 16:39:30,026 | INFO | src.core.regime_weighting |   correlation_sync: 0.12 (base: 0.25)
2026-01-03 16:39:30,026 | INFO | src.strategies.adaptive_manager | Evaluating CUMMINSIND with strategies: ['gap_trading', 'momentum_adaptive', 'volatility_regime', 'correlation_sync'] | Weights: {'gap_trading': 0.16666666666666666, 'momentum_adaptive': 0.18750000000000003, 'volatility_regime': 0.5208333333333334, 'correlation_sync': 0.125}
2026-01-03 16:39:30,026 | INFO | src.core.engine | CUMMINSIND: Adaptive strategy approved - momentum_adaptive | SL: 0.80x, Target: 2.50x, Size: 1.00x
2026-01-03 16:39:30,027 | INFO | src.core.engine | CUMMINSIND: Reserving capital for proposed order - Value: Rs.4,482.10
2026-01-03 16:39:30,027 | ERROR | src.core.engine | Error processing signal for CUMMINSIND: Insufficient capital. Need Rs.4482.10, have Rs.4250.00 releasing capital reservation Rs.4,482.10
2026-01-03 16:39:30,029 | ERROR | src.strategies.market_detector | Failed to analyze market state: 'RealtimeMarketMonitor' object has no attribute 'get_realtime_state'
2026-01-03 16:39:30,219 | INFO | src.core.regime_weighting | Significant weight change - Session: POST_MARKET, Regime: VOLATILE_NEUTRAL
2026-01-03 16:39:30,219 | INFO | src.core.regime_weighting |   gap_trading: 0.17 (base: 0.25)
2026-01-03 16:39:30,220 | INFO | src.core.regime_weighting |   momentum_adaptive: 0.19 (base: 0.25)
2026-01-03 16:39:30,220 | INFO | src.core.regime_weighting |   volatility_regime: 0.52 (base: 0.25)
2026-01-03 16:39:30,220 | INFO | src.core.regime_weighting |   correlation_sync: 0.12 (base: 0.25)
2026-01-03 16:39:30,220 | INFO | src.strategies.adaptive_manager | Evaluating SAREGAMA with strategies: ['gap_trading', 'momentum_adaptive', 'volatility_regime', 'correlation_sync'] | Weights: {'gap_trading': 0.16666666666666666, 'momentum_adaptive': 0.18750000000000003, 'volatility_regime': 0.5208333333333334, 'correlation_sync': 0.125}
2026-01-03 16:39:30,221 | INFO | src.core.engine | SAREGAMA: Adaptive strategy approved - momentum_adaptive | SL: 0.80x, Target: 2.50x, Size: 1.00x
2026-01-03 16:39:30,221 | INFO | src.core.engine | SAREGAMA: Reserving capital for proposed order - Value: Rs.715.90
2026-01-03 16:39:30,221 | INFO | src.core.engine | SAREGAMA: Reserved capital for proposed order - Value: Rs.715.90
2026-01-03 16:39:30,222 | INFO | src.core.risk_governor | Risk Governor evaluating trade: SAREGAMA x 2
2026-01-03 16:39:30,222 | INFO | src.core.risk_manager | Risk assessment for SAREGAMA: APPROVED (Score: 10.0, Level: LOW)
2026-01-03 16:39:30,222 | INFO | src.core.risk_governor | Risk Governor final decision: APPROVE for SAREGAMA
2026-01-03 16:39:30,222 | INFO | src.core.engine | SAREGAMA: Risk Governor APPROVED
2026-01-03 16:39:30,227 | INFO | src.core.engine | SAREGAMA: Order created | BUY 2 @ Rs.357.95 | SL: Rs.348.25, Target: Rs.388.35
2026-01-03 16:39:30,533 | INFO | src.broker.zerodha | PAPER OrderSide.BUY   2 SAREGAMA @ ₹357.80 | Order: PAPER-SAREGAMA-OrderSide.BUY-1767438570533
2026-01-03 16:39:30,534 | INFO | src.execution.paper | SAREGAMA: Paper order placed | OrderSide.BUY 2 @ ₹357.80 | Order: PAPER-SAREGAMA-OrderSide.BUY-1767438570533
2026-01-03 16:39:30,534 | INFO | src.execution.adapter | SAREGAMA: Signal processed and order placed
2026-01-03 16:39:30,550 | ERROR | src.strategies.market_detector | Failed to analyze market state: 'RealtimeMarketMonitor' object has no attribute 'get_realtime_state'
2026-01-03 16:39:30,747 | INFO | src.core.regime_weighting | Market regime change: MarketRegime.VOLATILE_NEUTRAL → MarketRegime.CORRELATION_BREAKDOWN
2026-01-03 16:39:30,748 | WARNING | src.core.regime_weighting | Regime change to MarketRegime.CORRELATION_BREAKDOWN - invalidating confidence
2026-01-03 16:39:30,749 | INFO | src.strategies.adaptive_manager | Evaluating BLUEDART with strategies: ['gap_trading', 'momentum_adaptive', 'volatility_regime', 'correlation_sync'] | Weights: {'gap_trading': 0.2941176470588235, 'momentum_adaptive': 0.2941176470588235, 'volatility_regime': 0.35294117647058826, 'correlation_sync': 0.058823529411764705}
2026-01-03 16:39:30,749 | INFO | src.core.engine | BLUEDART: Adaptive strategy approved - momentum_adaptive | SL: 0.80x, Target: 2.50x, Size: 1.00x
2026-01-03 16:39:30,750 | INFO | src.core.engine | BLUEDART: Reserving capital for proposed order - Value: Rs.5,593.50
2026-01-03 16:39:30,750 | ERROR | src.core.engine | Error processing signal for BLUEDART: Insufficient capital. Need Rs.5593.50, have Rs.3534.10 releasing capital reservation Rs.5,593.50
2026-01-03 21:47:31,488 | INFO | config.enhanced_config_manager | Timing config loaded: enabled=False
2026-01-03 21:47:31,489 | INFO | src.core.risk_manager | Risk Manager initialized with comprehensive risk controls
2026-01-03 21:47:31,490 | INFO | src.screener.excel_screener | Excel screener initialized: MiniRobo.xlsx
2026-01-03 21:47:33,487 | INFO | src.screener.excel_screener | Loaded 100 enabled stocks from universe
2026-01-03 21:47:34,200 | INFO | src.core.warmup_manager | WarmupManager initialized for 10 symbols with 60 days lookback
2026-01-03 21:47:34,200 | INFO | src.core.warmup_manager | 🔥 Starting system warmup sequence...
2026-01-03 21:47:34,200 | INFO | src.core.warmup_manager |   🔄 Executing: load_market_data
2026-01-03 21:47:35,329 | ERROR | yfinance | $HDFCBANK: possibly delisted; no timezone found
2026-01-03 21:47:35,331 | WARNING | src.core.warmup_manager | Insufficient data for HDFCBANK: 0 days
2026-01-03 21:47:36,200 | ERROR | yfinance | HTTP Error 404: {"quoteSummary":{"result":null,"error":{"code":"Not Found","description":"Quote not found for symbol: ICICIBANK"}}}
2026-01-03 21:47:36,398 | ERROR | yfinance | $ICICIBANK: possibly delisted; no timezone found
2026-01-03 21:47:36,399 | WARNING | src.core.warmup_manager | Insufficient data for ICICIBANK: 0 days
2026-01-03 21:47:37,047 | ERROR | yfinance | $KOTAKBANK: possibly delisted; no timezone found
2026-01-03 21:47:37,048 | WARNING | src.core.warmup_manager | Insufficient data for KOTAKBANK: 0 days
2026-01-03 21:47:37,489 | ERROR | yfinance | $AXISBANK: possibly delisted; no timezone found
2026-01-03 21:47:37,489 | WARNING | src.core.warmup_manager | Insufficient data for AXISBANK: 0 days
2026-01-03 21:47:38,035 | ERROR | yfinance | $SBIN: possibly delisted; no timezone found
2026-01-03 21:47:38,036 | WARNING | src.core.warmup_manager | Insufficient data for SBIN: 0 days
2026-01-03 21:47:38,476 | ERROR | yfinance | $TCS: possibly delisted; no timezone found
2026-01-03 21:47:38,477 | WARNING | src.core.warmup_manager | Insufficient data for TCS: 0 days
2026-01-03 21:47:44,855 | ERROR | yfinance | $HCLTECH: possibly delisted; no timezone found
2026-01-03 21:47:44,857 | WARNING | src.core.warmup_manager | Insufficient data for HCLTECH: 0 days
2026-01-03 21:47:45,297 | ERROR | yfinance | $WIPRO: possibly delisted; no timezone found
2026-01-03 21:47:45,299 | WARNING | src.core.warmup_manager | Insufficient data for WIPRO: 0 days
2026-01-03 21:47:45,744 | ERROR | yfinance | $TECHM: possibly delisted; no timezone found
2026-01-03 21:47:45,745 | WARNING | src.core.warmup_manager | Insufficient data for TECHM: 0 days
2026-01-03 21:47:45,746 | INFO | src.core.warmup_manager | Market data loaded: 1/10 symbols, 41 total data points
2026-01-03 21:47:45,746 | INFO | src.core.warmup_manager |   ✅ Completed: load_market_data (11.55s, 41 data points)
2026-01-03 21:47:45,747 | INFO | src.core.warmup_manager |   🔄 Executing: calculate_indicators
2026-01-03 21:47:45,794 | INFO | src.core.warmup_manager | Technical indicators calculated: 13 total indicators
2026-01-03 21:47:45,794 | INFO | src.core.warmup_manager |   ✅ Completed: calculate_indicators (0.05s, 13 data points)
2026-01-03 21:47:45,795 | INFO | src.core.warmup_manager |   🔄 Executing: warmup_timing
2026-01-03 21:47:53,037 | INFO | src.core.confidence_manager | Reactive confidence manager initialized
2026-01-03 21:47:53,037 | INFO | src.core.realtime_monitor | Real-time market monitor initialized with 60s update interval
2026-01-03 21:47:53,038 | INFO | src.core.data_risk_mitigator | Data source risk mitigator initialized
2026-01-03 21:47:53,038 | INFO | src.strategies.market_detector | Registered real-time callbacks for market events
2026-01-03 21:47:53,038 | INFO | src.core.realtime_monitor | Started monitoring 0 symbols
2026-01-03 21:47:53,038 | INFO | src.strategies.market_detector | Enhanced real-time market detector initialized
2026-01-03 21:47:53,038 | INFO | src.timing.market_regime | Unified MarketRegimeManager initialized
2026-01-03 21:47:53,577 | ERROR | src.strategies.market_detector | Failed to analyze market state: 'dict' object has no attribute 'momentum'
2026-01-03 21:47:53,577 | INFO | src.timing.market_regime | [MARKET REGIME] SIDEWAYS | confidence=0.50 | volatility=NORMAL
2026-01-03 21:47:53,577 | INFO | src.core.warmup_manager | Timing components warmed up - Current regime: (<MarketRegime.SIDEWAYS: 'SIDEWAYS'>, 0.5)
2026-01-03 21:47:53,578 | INFO | src.core.warmup_manager |   ✅ Completed: warmup_timing (7.78s, 1 data points)
2026-01-03 21:47:53,578 | INFO | src.core.warmup_manager |   🔄 Executing: warmup_regime
2026-01-03 21:47:53,579 | INFO | src.core.warmup_manager | Market regime detection warmed up for 1 symbols
2026-01-03 21:47:53,579 | INFO | src.core.warmup_manager |   ✅ Completed: warmup_regime (0.00s, 1 data points)
2026-01-03 21:47:53,579 | INFO | src.core.warmup_manager |   🔄 Executing: warmup_strategies
2026-01-03 21:47:53,580 | INFO | src.core.confidence_manager | Reactive confidence manager initialized
2026-01-03 21:47:53,580 | INFO | src.core.realtime_monitor | Real-time market monitor initialized with 60s update interval
2026-01-03 21:47:53,580 | INFO | src.core.data_risk_mitigator | Data source risk mitigator initialized
2026-01-03 21:47:53,580 | INFO | src.strategies.market_detector | Registered real-time callbacks for market events
2026-01-03 21:47:53,580 | INFO | src.core.realtime_monitor | Started monitoring 0 symbols
2026-01-03 21:47:53,581 | INFO | src.strategies.market_detector | Enhanced real-time market detector initialized
2026-01-03 21:47:53,581 | INFO | src.core.regime_weighting | Regime-aware strategy weighting system initialized
2026-01-03 21:47:53,581 | INFO | src.strategies.gap_trading | Gap trading strategy initialized
2026-01-03 21:47:53,581 | INFO | src.strategies.momentum_adaptive | Momentum adaptive strategy initialized
2026-01-03 21:47:53,582 | INFO | src.strategies.volatility_regime | Volatility regime strategy initialized
2026-01-03 21:47:53,582 | INFO | src.core.confidence_manager | Reactive confidence manager initialized
2026-01-03 21:47:53,582 | INFO | src.strategies.correlation_sync | Correlation sync strategy initialized with reactive confidence management
2026-01-03 21:47:53,582 | INFO | src.strategies.adaptive_manager | Adaptive strategy manager initialized with regime-aware weighting in AUTO mode
2026-01-03 21:47:53,665 | ERROR | src.strategies.market_detector | Failed to analyze market state: 'dict' object has no attribute 'momentum'
2026-01-03 21:47:53,815 | INFO | src.core.regime_weighting | Market regime change: None → MarketRegime.VOLATILE_NEUTRAL
2026-01-03 21:47:53,815 | WARNING | src.core.regime_weighting | Regime change to MarketRegime.VOLATILE_NEUTRAL - invalidating confidence
2026-01-03 21:47:53,816 | INFO | src.core.regime_weighting | Significant weight change - Session: POST_MARKET, Regime: VOLATILE_NEUTRAL
2026-01-03 21:47:53,816 | INFO | src.core.regime_weighting |   gap_trading: 0.17 (base: 0.25)
2026-01-03 21:47:53,816 | INFO | src.core.regime_weighting |   momentum_adaptive: 0.19 (base: 0.25)
2026-01-03 21:47:53,816 | INFO | src.core.regime_weighting |   volatility_regime: 0.52 (base: 0.25)
2026-01-03 21:47:53,816 | INFO | src.core.regime_weighting |   correlation_sync: 0.12 (base: 0.25)
2026-01-03 21:47:53,817 | INFO | src.strategies.adaptive_manager | Evaluating INFY with strategies: ['gap_trading', 'momentum_adaptive', 'volatility_regime', 'correlation_sync'] | Weights: {'gap_trading': 0.16666666666666666, 'momentum_adaptive': 0.18750000000000003, 'volatility_regime': 0.5208333333333334, 'correlation_sync': 0.125}
2026-01-03 21:47:53,818 | ERROR | src.strategies.market_detector | Failed to analyze market state: 'dict' object has no attribute 'momentum'
2026-01-03 21:47:54,273 | WARNING | src.core.warmup_manager | Strategy warmup failed for INFY: 'StrategyDecision' object has no attribute 'confidence'
2026-01-03 21:47:54,273 | INFO | src.core.warmup_manager | Strategy managers warmed up for 1 symbols
2026-01-03 21:47:54,274 | INFO | src.core.warmup_manager |   ✅ Completed: warmup_strategies (0.69s, 1 data points)
2026-01-03 21:47:54,274 | INFO | src.core.warmup_manager |   🔄 Executing: validate_warmup
2026-01-03 21:47:54,274 | ERROR | src.core.warmup_manager | Warmup validation failed: Only 1/10 symbols warmed
2026-01-03 21:47:54,275 | ERROR | src.core.warmup_manager |   ❌ Failed: validate_warmup (0.00s) - Only 1/10 symbols warmed
2026-01-03 21:47:54,275 | ERROR | src.core.warmup_manager | ❌ Warmup FAILED with 1 task failures
2026-01-03 21:47:54,275 | INFO | src.core.warmup_manager | ============================================================
2026-01-03 21:47:54,275 | INFO | src.core.warmup_manager | WARMUP SUMMARY
2026-01-03 21:47:54,276 | INFO | src.core.warmup_manager | ============================================================
2026-01-03 21:47:54,276 | INFO | src.core.warmup_manager | Status: FAILED
2026-01-03 21:47:54,276 | INFO | src.core.warmup_manager | Duration: 20.07 seconds
2026-01-03 21:47:54,276 | INFO | src.core.warmup_manager | Symbols warmed: 1/10
2026-01-03 21:47:54,277 | INFO | src.core.warmup_manager | Tasks completed: 5/6
2026-01-03 21:47:54,277 | INFO | src.core.warmup_manager | Failed tasks: 1
2026-01-03 21:47:54,277 | ERROR | src.core.warmup_manager |   - validate_warmup: Only 1/10 symbols warmed
2026-01-03 21:47:54,277 | INFO | src.core.warmup_manager | Indicator Status:
2026-01-03 21:47:54,278 | INFO | src.core.warmup_manager |   ❌ SMA_20
2026-01-03 21:47:54,278 | INFO | src.core.warmup_manager |   ❌ SMA_50
2026-01-03 21:47:54,278 | INFO | src.core.warmup_manager |   ❌ EMA_12
2026-01-03 21:47:54,278 | INFO | src.core.warmup_manager |   ❌ EMA_26
2026-01-03 21:47:54,278 | INFO | src.core.warmup_manager |   ❌ RSI_14
2026-01-03 21:47:54,278 | INFO | src.core.warmup_manager |   ❌ MACD
2026-01-03 21:47:54,278 | INFO | src.core.warmup_manager |   ❌ ATR_14
2026-01-03 21:47:54,279 | INFO | src.core.warmup_manager |   ❌ BOLLINGER_BANDS
2026-01-03 21:47:54,279 | INFO | src.core.warmup_manager | ============================================================
2026-01-03 21:47:54,279 | INFO | src.utils.sector_manager | Sector manager initialized
2026-01-03 21:47:54,279 | INFO | src.core.risk_manager | Risk Manager initialized with comprehensive risk controls
2026-01-03 21:47:54,280 | INFO | src.core.risk_governor | Added risk rule: EmergencyStop (priority: 5)
2026-01-03 21:47:54,280 | INFO | src.core.risk_governor | Added risk rule: MarketHours (priority: 10)
2026-01-03 21:47:54,280 | INFO | src.core.risk_governor | Added risk rule: DailyLossLimit (priority: 15)
2026-01-03 21:47:54,280 | INFO | src.core.risk_governor | Added risk rule: VolatilityAdjustment (priority: 25)
2026-01-03 21:47:54,280 | INFO | src.core.risk_governor | Risk Governor initialized with 4 risk rules
2026-01-03 21:47:54,280 | INFO | src.core.warmup_manager | WarmupManager initialized for 100 symbols with 60 days lookback
2026-01-03 21:47:54,280 | INFO | src.core.confidence_manager | Reactive confidence manager initialized
2026-01-03 21:47:54,280 | INFO | src.core.realtime_monitor | Real-time market monitor initialized with 60s update interval
2026-01-03 21:47:54,281 | INFO | src.core.data_risk_mitigator | Data source risk mitigator initialized
2026-01-03 21:47:54,281 | INFO | src.strategies.market_detector | Registered real-time callbacks for market events
2026-01-03 21:47:54,281 | INFO | src.core.realtime_monitor | Started monitoring 0 symbols
2026-01-03 21:47:54,281 | INFO | src.strategies.market_detector | Enhanced real-time market detector initialized
2026-01-03 21:47:54,281 | INFO | src.core.regime_weighting | Regime-aware strategy weighting system initialized
2026-01-03 21:47:54,281 | INFO | src.strategies.gap_trading | Gap trading strategy initialized
2026-01-03 21:47:54,281 | INFO | src.strategies.momentum_adaptive | Momentum adaptive strategy initialized
2026-01-03 21:47:54,281 | INFO | src.strategies.volatility_regime | Volatility regime strategy initialized
2026-01-03 21:47:54,281 | INFO | src.core.confidence_manager | Reactive confidence manager initialized
2026-01-03 21:47:54,282 | INFO | src.strategies.correlation_sync | Correlation sync strategy initialized with reactive confidence management
2026-01-03 21:47:54,282 | INFO | src.strategies.adaptive_manager | Adaptive strategy manager initialized with regime-aware weighting in AUTO mode
2026-01-03 21:47:54,282 | INFO | src.core.engine | Adaptive strategies initialized successfully
2026-01-03 21:47:54,282 | INFO | src.core.engine | Trading engine initialized with timing intelligence disabled
2026-01-03 21:47:54,282 | INFO | src.core.engine | Trading engine initialized with enhanced risk management
2026-01-03 21:47:54,282 | INFO | src.execution.adapter | Initialized PAPER execution adapter
2026-01-03 21:47:54,282 | INFO | src.broker.zerodha | ZerodhaBroker initialized in PAPER mode
2026-01-03 21:47:54,282 | INFO | src.broker.zerodha | Paper trading: No real connection required
2026-01-03 21:47:54,282 | INFO | src.execution.paper | Paper trading initialized
2026-01-03 21:47:54,283 | INFO | src.execution.paper | Paper trading mode initialized
2026-01-03 21:47:54,284 | INFO | src.core.system_arming | Added kill switch: emergency_file (Critical)
2026-01-03 21:47:54,285 | INFO | src.core.system_arming | Added kill switch: daily_loss_limit (Critical)
2026-01-03 21:47:54,285 | INFO | src.core.system_arming | Added kill switch: capital_availability (Critical)
2026-01-03 21:47:54,286 | INFO | src.core.system_arming | Added kill switch: market_hours (Non-critical)
2026-01-03 21:47:54,286 | INFO | src.core.system_arming | Added kill switch: system_health (Critical)
2026-01-03 21:47:54,286 | INFO | src.core.system_arming | Added kill switch: config_integrity (Critical)
2026-01-03 21:47:54,286 | INFO | src.core.system_arming | Added kill switch: state_integrity (Critical)
2026-01-03 21:47:54,286 | INFO | src.core.system_arming | System Arming initialized with 7 kill switches
2026-01-03 21:47:54,286 | INFO | src.core.system_arming | Starting system arming sequence...
2026-01-03 21:47:54,287 | ERROR | src.core.system_arming | Capital availability check failed: 'CapitalParameters' object has no attribute 'max_position_value'
2026-01-03 21:47:54,287 | ERROR | src.core.system_arming | Critical safety check failed: capital_availability
2026-01-03 22:09:50,923 | INFO | src.core.system_arming | Starting system arming sequence...
2026-01-03 22:09:50,924 | ERROR | src.core.system_arming | Capital availability check failed: 'CapitalParameters' object has no attribute 'max_position_value'
2026-01-03 22:09:50,979 | INFO | src.core.system_arming | 🔒 SYSTEM ARMED at 22:09:50
2026-01-03 22:09:50,979 | WARNING | src.core.system_arming | ⚠️  FORCE ARMED with 1 critical failures!
2026-01-03 22:09:50,979 | WARNING | src.core.engine | No regime manager available
2026-01-03 22:09:50,980 | INFO | src.screener.excel_screener | ============================================================
2026-01-03 22:09:50,980 | INFO | src.screener.excel_screener | STARTING EXCEL-DRIVEN SCREENER
2026-01-03 22:09:50,980 | INFO | src.screener.excel_screener | ============================================================
2026-01-03 22:09:52,400 | INFO | src.screener.excel_screener | Loaded 14 screener rules
2026-01-03 22:09:52,911 | INFO | src.screener.excel_screener | 
 ACTIVE FILTER RULES:
2026-01-03 22:09:54,327 | INFO | src.screener.excel_screener | Loaded 100 enabled stocks from universe
2026-01-03 22:09:56,229 | INFO | src.screener.excel_screener | Loaded sector mapping for 100 symbols
2026-01-03 22:09:56,886 | INFO | src.screener.excel_screener | Market Trend: BULLISH
2026-01-03 22:09:59,019 | INFO | src.screener.excel_screener | Successfully fetched data for 100/100 symbols
2026-01-03 22:09:59,020 | INFO | src.screener.excel_screener | Bulk data received: 100 symbols with data
2026-01-03 22:09:59,198 | INFO | src.screener.excel_screener | Starting screening of 100 symbols. Bulk data has 100 entries
2026-01-03 22:09:59,538 | INFO | src.screener.excel_screener | 
📊 REJECTION STATISTICS:
2026-01-03 22:09:59,538 | INFO | src.screener.excel_screener |    Total Processed: 100
2026-01-03 22:09:59,538 | INFO | src.screener.excel_screener |    Passed: 26
2026-01-03 22:09:59,539 | INFO | src.screener.excel_screener |    Rejected: 74
2026-01-03 22:09:59,539 | INFO | src.screener.excel_screener | 
   Top Rejection Reasons:
2026-01-03 22:09:59,539 | INFO | src.screener.excel_screener | Metrics calculated: 100, Passed: 26, Rejected: 74, Insufficient bars: 0, Missing data: 0
2026-01-03 22:09:59,540 | INFO | src.screener.excel_screener | Max trades (adjusted for BULLISH): 8
2026-01-03 22:09:59,540 | INFO | src.screener.excel_screener | 
============================================================
2026-01-03 22:09:59,541 | INFO | src.screener.excel_screener | TOP PICKS:
2026-01-03 22:09:59,541 | INFO | src.screener.excel_screener | ============================================================
2026-01-03 22:09:59,541 | INFO | src.screener.excel_screener | INDUSTOWER | Score:  47.37 | Price: Rs. 442.05 | BULLISH_TREND,HIGH_VOLUME,STRONG_TREND
2026-01-03 22:09:59,542 | INFO | src.screener.excel_screener | HINDALCO   | Score:  42.61 | Price: Rs. 925.70 | BULLISH_TREND,HIGH_VOLUME,STRONG_TREND
2026-01-03 22:09:59,542 | INFO | src.screener.excel_screener | COALINDIA  | Score:  39.61 | Price: Rs. 427.90 | BULLISH_TREND,HIGH_VOLUME,STRONG_TREND
2026-01-03 22:09:59,542 | INFO | src.screener.excel_screener | BLUEDART   | Score:  34.99 | Price: Rs.5593.50 | NEAR_EMA20,HIGH_VOLUME
2026-01-03 22:09:59,543 | INFO | src.screener.excel_screener | UPL        | Score:  34.61 | Price: Rs. 804.65 | BULLISH_TREND
2026-01-03 22:10:01,247 | INFO | src.screener.excel_screener | Written 8 results to Excel: SCREENER_OUTPUT
2026-01-03 22:10:01,789 | INFO | src.screener.excel_screener | ============================================================
2026-01-03 22:10:01,789 | INFO | src.screener.excel_screener | SCREENER COMPLETE
2026-01-03 22:10:01,790 | INFO | src.screener.excel_screener | ============================================================
2026-01-03 22:10:01,815 | WARNING | src.core.engine | DUPLICATE PREVENTED: HINDALCO has pending order | order_id: ORD_HINDALCO_1767438568136 | qty: 1
2026-01-03 22:10:01,816 | WARNING | src.core.engine | DUPLICATE PREVENTED: COALINDIA has pending order | order_id: ORD_COALINDIA_1767438568523 | qty: 5
2026-01-03 22:10:01,818 | WARNING | src.core.engine | DUPLICATE PREVENTED: INDUSTOWER has pending order | order_id: ORD_INDUSTOWER_1767438569181 | qty: 2
2026-01-03 22:10:02,175 | ERROR | src.strategies.market_detector | Failed to analyze market state: 'dict' object has no attribute 'momentum'
2026-01-03 22:10:02,356 | INFO | src.core.regime_weighting | Market regime change: None → MarketRegime.VOLATILE_NEUTRAL
2026-01-03 22:10:02,356 | WARNING | src.core.regime_weighting | Regime change to MarketRegime.VOLATILE_NEUTRAL - invalidating confidence
2026-01-03 22:10:02,357 | INFO | src.core.regime_weighting | Significant weight change - Session: POST_MARKET, Regime: VOLATILE_NEUTRAL
2026-01-03 22:10:02,357 | INFO | src.core.regime_weighting |   gap_trading: 0.17 (base: 0.25)
2026-01-03 22:10:02,357 | INFO | src.core.regime_weighting |   momentum_adaptive: 0.19 (base: 0.25)
2026-01-03 22:10:02,357 | INFO | src.core.regime_weighting |   volatility_regime: 0.52 (base: 0.25)
2026-01-03 22:10:02,358 | INFO | src.core.regime_weighting |   correlation_sync: 0.12 (base: 0.25)
2026-01-03 22:10:02,358 | INFO | src.strategies.adaptive_manager | Evaluating UPL with strategies: ['gap_trading', 'momentum_adaptive', 'volatility_regime', 'correlation_sync'] | Weights: {'gap_trading': 0.16666666666666666, 'momentum_adaptive': 0.18750000000000003, 'volatility_regime': 0.5208333333333334, 'correlation_sync': 0.125}
2026-01-03 22:10:02,360 | ERROR | src.strategies.market_detector | Failed to analyze market state: 'dict' object has no attribute 'momentum'
2026-01-03 22:10:02,623 | INFO | src.core.engine | UPL: Adaptive strategy approved - momentum_adaptive | SL: 0.80x, Target: 2.50x, Size: 1.00x
2026-01-03 22:10:02,623 | INFO | src.core.engine | UPL: Reserving capital for proposed order - Value: Rs.1,609.30
2026-01-03 22:10:02,623 | INFO | src.core.engine | UPL: Reserved capital for proposed order - Value: Rs.1,609.30
2026-01-03 22:10:02,624 | INFO | src.core.risk_governor | Risk Governor evaluating trade: UPL x 2
2026-01-03 22:10:02,624 | INFO | src.core.risk_manager | Risk assessment for UPL: APPROVED (Score: 10.0, Level: LOW)
2026-01-03 22:10:02,625 | INFO | src.core.risk_governor | Risk Governor final decision: APPROVE for UPL
2026-01-03 22:10:02,625 | INFO | src.core.engine | UPL: Risk Governor APPROVED
2026-01-03 22:10:02,628 | INFO | src.core.engine | UPL: Order created | BUY 2 @ Rs.804.65 | SL: Rs.792.30, Target: Rs.843.20
2026-01-03 22:10:02,754 | INFO | src.broker.zerodha | PAPER OrderSide.BUY   2 UPL      @ ₹804.65 | Order: PAPER-UPL-OrderSide.BUY-1767458402754
2026-01-03 22:10:02,754 | INFO | src.execution.paper | UPL: Paper order placed | OrderSide.BUY 2 @ ₹804.65 | Order: PAPER-UPL-OrderSide.BUY-1767458402754
2026-01-03 22:10:02,754 | INFO | src.execution.adapter | UPL: Signal processed and order placed
2026-01-03 22:10:02,768 | ERROR | src.strategies.market_detector | Failed to analyze market state: 'dict' object has no attribute 'momentum'
2026-01-03 22:10:02,941 | INFO | src.core.regime_weighting | Significant weight change - Session: POST_MARKET, Regime: VOLATILE_NEUTRAL
2026-01-03 22:10:02,942 | INFO | src.core.regime_weighting |   gap_trading: 0.17 (base: 0.25)
2026-01-03 22:10:02,942 | INFO | src.core.regime_weighting |   momentum_adaptive: 0.19 (base: 0.25)
2026-01-03 22:10:02,942 | INFO | src.core.regime_weighting |   volatility_regime: 0.52 (base: 0.25)
2026-01-03 22:10:02,943 | INFO | src.core.regime_weighting |   correlation_sync: 0.12 (base: 0.25)
2026-01-03 22:10:02,943 | INFO | src.strategies.adaptive_manager | Evaluating SRF with strategies: ['gap_trading', 'momentum_adaptive', 'volatility_regime', 'correlation_sync'] | Weights: {'gap_trading': 0.16666666666666666, 'momentum_adaptive': 0.18750000000000003, 'volatility_regime': 0.5208333333333334, 'correlation_sync': 0.125}
2026-01-03 22:10:02,943 | INFO | src.core.engine | SRF: Adaptive strategy approved - momentum_adaptive | SL: 0.80x, Target: 2.50x, Size: 1.00x
2026-01-03 22:10:02,943 | INFO | src.core.engine | SRF: Reserving capital for proposed order - Value: Rs.3,059.50
2026-01-03 22:10:02,944 | ERROR | src.core.engine | Error processing signal for SRF: Insufficient capital. Need Rs.3059.50, have Rs.2640.70 releasing capital reservation Rs.3,059.50
2026-01-03 22:10:02,946 | ERROR | src.strategies.market_detector | Failed to analyze market state: 'dict' object has no attribute 'momentum'
2026-01-03 22:10:03,106 | INFO | src.core.regime_weighting | Significant weight change - Session: POST_MARKET, Regime: VOLATILE_NEUTRAL
2026-01-03 22:10:03,106 | INFO | src.core.regime_weighting |   gap_trading: 0.17 (base: 0.25)
2026-01-03 22:10:03,106 | INFO | src.core.regime_weighting |   momentum_adaptive: 0.19 (base: 0.25)
2026-01-03 22:10:03,107 | INFO | src.core.regime_weighting |   volatility_regime: 0.52 (base: 0.25)
2026-01-03 22:10:03,107 | INFO | src.core.regime_weighting |   correlation_sync: 0.12 (base: 0.25)
2026-01-03 22:10:03,107 | INFO | src.strategies.adaptive_manager | Evaluating CUMMINSIND with strategies: ['gap_trading', 'momentum_adaptive', 'volatility_regime', 'correlation_sync'] | Weights: {'gap_trading': 0.16666666666666666, 'momentum_adaptive': 0.18750000000000003, 'volatility_regime': 0.5208333333333334, 'correlation_sync': 0.125}
2026-01-03 22:10:03,107 | INFO | src.core.engine | CUMMINSIND: Adaptive strategy approved - momentum_adaptive | SL: 0.80x, Target: 2.50x, Size: 1.00x
2026-01-03 22:10:03,108 | INFO | src.core.engine | CUMMINSIND: Reserving capital for proposed order - Value: Rs.4,482.10
2026-01-03 22:10:03,108 | ERROR | src.core.engine | Error processing signal for CUMMINSIND: Insufficient capital. Need Rs.4482.10, have Rs.4250.00 releasing capital reservation Rs.4,482.10
2026-01-03 22:10:03,109 | WARNING | src.core.engine | DUPLICATE PREVENTED: SAREGAMA has pending order | order_id: ORD_SAREGAMA_1767438570223 | qty: 2
2026-01-03 22:10:03,112 | ERROR | src.strategies.market_detector | Failed to analyze market state: 'dict' object has no attribute 'momentum'
2026-01-03 22:10:03,256 | INFO | src.core.regime_weighting | Market regime change: MarketRegime.VOLATILE_NEUTRAL → MarketRegime.CORRELATION_BREAKDOWN
2026-01-03 22:10:03,257 | WARNING | src.core.regime_weighting | Regime change to MarketRegime.CORRELATION_BREAKDOWN - invalidating confidence
2026-01-03 22:10:03,257 | INFO | src.strategies.adaptive_manager | Evaluating BLUEDART with strategies: ['gap_trading', 'momentum_adaptive', 'volatility_regime', 'correlation_sync'] | Weights: {'gap_trading': 0.2941176470588235, 'momentum_adaptive': 0.2941176470588235, 'volatility_regime': 0.35294117647058826, 'correlation_sync': 0.058823529411764705}
2026-01-03 22:10:03,258 | INFO | src.core.engine | BLUEDART: Adaptive strategy approved - momentum_adaptive | SL: 0.80x, Target: 2.50x, Size: 1.00x
2026-01-03 22:10:03,258 | INFO | src.core.engine | BLUEDART: Reserving capital for proposed order - Value: Rs.5,593.50
2026-01-03 22:10:03,258 | ERROR | src.core.engine | Error processing signal for BLUEDART: Insufficient capital. Need Rs.5593.50, have Rs.4250.00 releasing capital reservation Rs.5,593.50
