2026-01-04 07:51:59,125 | INFO | config.enhanced_config_manager | Timing config loaded: enabled=False
2026-01-04 07:51:59,126 | INFO | src.core.risk_manager | Risk Manager initialized with comprehensive risk controls
2026-01-04 07:51:59,127 | INFO | src.screener.excel_screener | Excel screener initialized: MiniRobo.xlsx
2026-01-04 07:52:02,244 | INFO | src.screener.excel_screener | Loaded 100 enabled stocks from universe
2026-01-04 07:52:03,017 | INFO | src.core.warmup_manager | WarmupManager initialized for 10 symbols with 60 days lookback
2026-01-04 07:52:03,017 | INFO | src.core.warmup_manager | 🔥 Starting system warmup sequence...
2026-01-04 07:52:03,018 | INFO | src.core.warmup_manager |   🔄 Executing: load_market_data
2026-01-04 07:52:04,269 | ERROR | yfinance | $HDFCBANK: possibly delisted; no timezone found
2026-01-04 07:52:04,270 | WARNING | src.core.warmup_manager | Insufficient data for HDFCBANK: 0 days
2026-01-04 07:52:05,095 | ERROR | yfinance | HTTP Error 404: {"quoteSummary":{"result":null,"error":{"code":"Not Found","description":"Quote not found for symbol: ICICIBANK"}}}
2026-01-04 07:52:05,241 | ERROR | yfinance | $ICICIBANK: possibly delisted; no timezone found
2026-01-04 07:52:05,242 | WARNING | src.core.warmup_manager | Insufficient data for ICICIBANK: 0 days
2026-01-04 07:52:05,700 | ERROR | yfinance | $KOTAKBANK: possibly delisted; no timezone found
2026-01-04 07:52:05,700 | WARNING | src.core.warmup_manager | Insufficient data for KOTAKBANK: 0 days
2026-01-04 07:52:06,115 | ERROR | yfinance | $AXISBANK: possibly delisted; no timezone found
2026-01-04 07:52:06,123 | WARNING | src.core.warmup_manager | Insufficient data for AXISBANK: 0 days
2026-01-04 07:52:06,558 | ERROR | yfinance | $SBIN: possibly delisted; no timezone found
2026-01-04 07:52:06,559 | WARNING | src.core.warmup_manager | Insufficient data for SBIN: 0 days
2026-01-04 07:52:07,153 | ERROR | yfinance | $TCS: possibly delisted; no timezone found
2026-01-04 07:52:07,154 | WARNING | src.core.warmup_manager | Insufficient data for TCS: 0 days
2026-01-04 07:52:16,979 | ERROR | yfinance | $HCLTECH: possibly delisted; no timezone found
2026-01-04 07:52:16,979 | WARNING | src.core.warmup_manager | Insufficient data for HCLTECH: 0 days
2026-01-04 07:52:17,397 | ERROR | yfinance | $WIPRO: possibly delisted; no timezone found
2026-01-04 07:52:17,397 | WARNING | src.core.warmup_manager | Insufficient data for WIPRO: 0 days
2026-01-04 07:52:17,785 | ERROR | yfinance | $TECHM: possibly delisted; no timezone found
2026-01-04 07:52:17,786 | WARNING | src.core.warmup_manager | Insufficient data for TECHM: 0 days
2026-01-04 07:52:17,787 | INFO | src.core.warmup_manager | Market data loaded: 1/10 symbols, 40 total data points
2026-01-04 07:52:17,787 | INFO | src.core.warmup_manager |   ✅ Completed: load_market_data (14.77s, 40 data points)
2026-01-04 07:52:17,787 | INFO | src.core.warmup_manager |   🔄 Executing: calculate_indicators
2026-01-04 07:52:17,852 | INFO | src.core.warmup_manager | Technical indicators calculated: 13 total indicators
2026-01-04 07:52:17,853 | INFO | src.core.warmup_manager |   ✅ Completed: calculate_indicators (0.07s, 13 data points)
2026-01-04 07:52:17,854 | INFO | src.core.warmup_manager |   🔄 Executing: warmup_timing
2026-01-04 07:52:27,036 | INFO | src.core.confidence_manager | Reactive confidence manager initialized
2026-01-04 07:52:27,036 | INFO | src.core.realtime_monitor | Real-time market monitor initialized with 60s update interval
2026-01-04 07:52:27,036 | INFO | src.core.data_risk_mitigator | Data source risk mitigator initialized
2026-01-04 07:52:27,037 | INFO | src.strategies.market_detector | Registered real-time callbacks for market events
2026-01-04 07:52:27,037 | INFO | src.core.realtime_monitor | Started monitoring 0 symbols
2026-01-04 07:52:27,037 | INFO | src.strategies.market_detector | Enhanced real-time market detector initialized
2026-01-04 07:52:27,037 | INFO | src.timing.market_regime | Unified MarketRegimeManager initialized
2026-01-04 07:52:27,546 | ERROR | src.strategies.market_detector | Failed to analyze market state: 'dict' object has no attribute 'candle_count'
2026-01-04 07:52:27,551 | INFO | src.timing.market_regime | [MARKET REGIME] SIDEWAYS | confidence=0.50 | volatility=NORMAL
2026-01-04 07:52:27,552 | INFO | src.core.warmup_manager | Timing components warmed up - Current regime: (<MarketRegime.SIDEWAYS: 'SIDEWAYS'>, 0.5)
2026-01-04 07:52:27,552 | INFO | src.core.warmup_manager |   ✅ Completed: warmup_timing (9.70s, 1 data points)
2026-01-04 07:52:27,552 | INFO | src.core.warmup_manager |   🔄 Executing: warmup_regime
2026-01-04 07:52:27,554 | INFO | src.core.warmup_manager | Market regime detection warmed up for 1 symbols
2026-01-04 07:52:27,556 | INFO | src.core.warmup_manager |   ✅ Completed: warmup_regime (0.00s, 1 data points)
2026-01-04 07:52:27,557 | INFO | src.core.warmup_manager |   🔄 Executing: warmup_strategies
2026-01-04 07:52:27,557 | INFO | src.core.confidence_manager | Reactive confidence manager initialized
2026-01-04 07:52:27,557 | INFO | src.core.realtime_monitor | Real-time market monitor initialized with 60s update interval
2026-01-04 07:52:27,557 | INFO | src.core.data_risk_mitigator | Data source risk mitigator initialized
2026-01-04 07:52:27,558 | INFO | src.strategies.market_detector | Registered real-time callbacks for market events
2026-01-04 07:52:27,558 | INFO | src.core.realtime_monitor | Started monitoring 0 symbols
2026-01-04 07:52:27,558 | INFO | src.strategies.market_detector | Enhanced real-time market detector initialized
2026-01-04 07:52:27,558 | INFO | src.core.regime_weighting | Regime-aware strategy weighting system initialized
2026-01-04 07:52:27,559 | INFO | src.strategies.gap_trading | Gap trading strategy initialized
2026-01-04 07:52:27,559 | INFO | src.strategies.momentum_adaptive | Momentum adaptive strategy initialized
2026-01-04 07:52:27,559 | INFO | src.strategies.volatility_regime | Volatility regime strategy initialized
2026-01-04 07:52:27,559 | INFO | src.core.confidence_manager | Reactive confidence manager initialized
2026-01-04 07:52:27,560 | INFO | src.strategies.correlation_sync | Correlation sync strategy initialized with reactive confidence management
2026-01-04 07:52:27,560 | INFO | src.strategies.adaptive_manager | Adaptive strategy manager initialized with regime-aware weighting in AUTO mode
2026-01-04 07:52:28,259 | ERROR | src.strategies.market_detector | Failed to analyze market state: 'dict' object has no attribute 'candle_count'
2026-01-04 07:52:28,506 | INFO | src.core.regime_weighting | Market regime change: None → MarketRegime.VOLATILE_NEUTRAL
2026-01-04 07:52:28,507 | WARNING | src.core.regime_weighting | Regime change to MarketRegime.VOLATILE_NEUTRAL - invalidating confidence
2026-01-04 07:52:28,508 | INFO | src.core.regime_weighting | Significant weight change - Session: PRE_MARKET, Regime: VOLATILE_NEUTRAL
2026-01-04 07:52:28,508 | INFO | src.core.regime_weighting |   gap_trading: 0.17 (base: 0.25)
2026-01-04 07:52:28,508 | INFO | src.core.regime_weighting |   momentum_adaptive: 0.19 (base: 0.25)
2026-01-04 07:52:28,508 | INFO | src.core.regime_weighting |   volatility_regime: 0.52 (base: 0.25)
2026-01-04 07:52:28,509 | INFO | src.core.regime_weighting |   correlation_sync: 0.12 (base: 0.25)
2026-01-04 07:52:28,509 | INFO | src.strategies.adaptive_manager | Evaluating INFY with strategies: ['gap_trading', 'momentum_adaptive', 'volatility_regime', 'correlation_sync'] | Weights: {'gap_trading': 0.16666666666666666, 'momentum_adaptive': 0.18750000000000003, 'volatility_regime': 0.5208333333333334, 'correlation_sync': 0.125}
2026-01-04 07:52:28,601 | ERROR | src.strategies.market_detector | Failed to analyze market state: 'dict' object has no attribute 'candle_count'
2026-01-04 07:52:29,049 | WARNING | src.core.warmup_manager | Strategy warmup failed for INFY: 'StrategyDecision' object has no attribute 'confidence'
2026-01-04 07:52:29,050 | INFO | src.core.warmup_manager | Strategy managers warmed up for 1 symbols
2026-01-04 07:52:29,050 | INFO | src.core.warmup_manager |   ✅ Completed: warmup_strategies (1.49s, 1 data points)
2026-01-04 07:52:29,051 | INFO | src.core.warmup_manager |   🔄 Executing: validate_warmup
2026-01-04 07:52:29,051 | ERROR | src.core.warmup_manager | Warmup validation failed: Only 1/10 symbols warmed
2026-01-04 07:52:29,051 | ERROR | src.core.warmup_manager |   ❌ Failed: validate_warmup (0.00s) - Only 1/10 symbols warmed
2026-01-04 07:52:29,052 | ERROR | src.core.warmup_manager | ❌ Warmup FAILED with 1 task failures
2026-01-04 07:52:29,052 | INFO | src.core.warmup_manager | ============================================================
2026-01-04 07:52:29,052 | INFO | src.core.warmup_manager | WARMUP SUMMARY
2026-01-04 07:52:29,052 | INFO | src.core.warmup_manager | ============================================================
2026-01-04 07:52:29,053 | INFO | src.core.warmup_manager | Status: FAILED
2026-01-04 07:52:29,053 | INFO | src.core.warmup_manager | Duration: 26.03 seconds
2026-01-04 07:52:29,053 | INFO | src.core.warmup_manager | Symbols warmed: 1/10
2026-01-04 07:52:29,054 | INFO | src.core.warmup_manager | Tasks completed: 5/6
2026-01-04 07:52:29,054 | INFO | src.core.warmup_manager | Failed tasks: 1
2026-01-04 07:52:29,054 | ERROR | src.core.warmup_manager |   - validate_warmup: Only 1/10 symbols warmed
2026-01-04 07:52:29,054 | INFO | src.core.warmup_manager | Indicator Status:
2026-01-04 07:52:29,055 | INFO | src.core.warmup_manager |   ❌ SMA_20
2026-01-04 07:52:29,055 | INFO | src.core.warmup_manager |   ❌ SMA_50
2026-01-04 07:52:29,055 | INFO | src.core.warmup_manager |   ❌ EMA_12
2026-01-04 07:52:29,055 | INFO | src.core.warmup_manager |   ❌ EMA_26
2026-01-04 07:52:29,056 | INFO | src.core.warmup_manager |   ❌ RSI_14
2026-01-04 07:52:29,056 | INFO | src.core.warmup_manager |   ❌ MACD
2026-01-04 07:52:29,056 | INFO | src.core.warmup_manager |   ❌ ATR_14
2026-01-04 07:52:29,057 | INFO | src.core.warmup_manager |   ❌ BOLLINGER_BANDS
2026-01-04 07:52:29,057 | INFO | src.core.warmup_manager | ============================================================
2026-01-04 07:52:29,058 | INFO | src.utils.sector_manager | Sector manager initialized
2026-01-04 07:52:29,058 | INFO | src.core.risk_manager | Risk Manager initialized with comprehensive risk controls
2026-01-04 07:52:29,059 | INFO | src.core.risk_governor | Added risk rule: EmergencyStop (priority: 5)
2026-01-04 07:52:29,059 | INFO | src.core.risk_governor | Added risk rule: MarketHours (priority: 10)
2026-01-04 07:52:29,059 | INFO | src.core.risk_governor | Added risk rule: DailyLossLimit (priority: 15)
2026-01-04 07:52:29,060 | INFO | src.core.risk_governor | Added risk rule: VolatilityAdjustment (priority: 25)
2026-01-04 07:52:29,060 | INFO | src.core.risk_governor | Risk Governor initialized with 4 risk rules
2026-01-04 07:52:29,060 | INFO | src.core.warmup_manager | WarmupManager initialized for 100 symbols with 60 days lookback
2026-01-04 07:52:29,061 | INFO | src.core.confidence_manager | Reactive confidence manager initialized
2026-01-04 07:52:29,061 | INFO | src.core.realtime_monitor | Real-time market monitor initialized with 60s update interval
2026-01-04 07:52:29,061 | INFO | src.core.data_risk_mitigator | Data source risk mitigator initialized
2026-01-04 07:52:29,062 | INFO | src.strategies.market_detector | Registered real-time callbacks for market events
2026-01-04 07:52:29,062 | INFO | src.core.realtime_monitor | Started monitoring 0 symbols
2026-01-04 07:52:29,062 | INFO | src.strategies.market_detector | Enhanced real-time market detector initialized
2026-01-04 07:52:29,062 | INFO | src.core.regime_weighting | Regime-aware strategy weighting system initialized
2026-01-04 07:52:29,063 | INFO | src.strategies.gap_trading | Gap trading strategy initialized
2026-01-04 07:52:29,063 | INFO | src.strategies.momentum_adaptive | Momentum adaptive strategy initialized
2026-01-04 07:52:29,063 | INFO | src.strategies.volatility_regime | Volatility regime strategy initialized
2026-01-04 07:52:29,063 | INFO | src.core.confidence_manager | Reactive confidence manager initialized
2026-01-04 07:52:29,064 | INFO | src.strategies.correlation_sync | Correlation sync strategy initialized with reactive confidence management
2026-01-04 07:52:29,064 | INFO | src.strategies.adaptive_manager | Adaptive strategy manager initialized with regime-aware weighting in AUTO mode
2026-01-04 07:52:29,064 | INFO | src.core.engine | Adaptive strategies initialized successfully
2026-01-04 07:52:29,064 | INFO | src.core.engine | Trading engine initialized with timing intelligence disabled
2026-01-04 07:52:29,064 | INFO | src.core.engine | Trading engine initialized with enhanced risk management
2026-01-04 07:52:29,066 | INFO | src.execution.adapter | Initialized PAPER execution adapter
2026-01-04 07:52:29,067 | INFO | src.broker.zerodha | ZerodhaBroker initialized in PAPER mode
2026-01-04 07:52:29,067 | INFO | src.broker.zerodha | Paper trading: No real connection required
2026-01-04 07:52:29,068 | INFO | src.execution.paper | Paper trading initialized
2026-01-04 07:52:29,068 | INFO | src.execution.paper | Paper trading mode initialized
2026-01-04 07:52:29,075 | INFO | src.core.system_arming | Added kill switch: emergency_file (Critical)
2026-01-04 07:52:29,075 | INFO | src.core.system_arming | Added kill switch: daily_loss_limit (Critical)
2026-01-04 07:52:29,076 | INFO | src.core.system_arming | Added kill switch: capital_availability (Critical)
2026-01-04 07:52:29,076 | INFO | src.core.system_arming | Added kill switch: market_hours (Non-critical)
2026-01-04 07:52:29,076 | INFO | src.core.system_arming | Added kill switch: system_health (Critical)
2026-01-04 07:52:29,076 | INFO | src.core.system_arming | Added kill switch: config_integrity (Critical)
2026-01-04 07:52:29,077 | INFO | src.core.system_arming | Added kill switch: state_integrity (Critical)
2026-01-04 07:52:29,077 | INFO | src.core.system_arming | System Arming initialized with 7 kill switches
2026-01-04 07:52:29,077 | INFO | src.core.system_arming | Starting system arming sequence...
2026-01-04 07:52:29,078 | ERROR | src.core.system_arming | Capital availability check failed: 'CapitalParameters' object has no attribute 'max_position_value'
2026-01-04 07:52:29,078 | ERROR | src.core.system_arming | Critical safety check failed: capital_availability
2026-01-04 08:04:21,372 | INFO | config.enhanced_config_manager | Timing config loaded: enabled=False
2026-01-04 08:04:21,373 | INFO | src.core.risk_manager | Risk Manager initialized with comprehensive risk controls
2026-01-04 08:04:21,374 | INFO | src.screener.excel_screener | Excel screener initialized: MiniRobo.xlsx
2026-01-04 08:04:24,839 | INFO | src.screener.excel_screener | Loaded 100 enabled stocks from universe
2026-01-04 08:04:25,551 | INFO | src.core.warmup_manager | WarmupManager initialized for 10 symbols with 60 days lookback
2026-01-04 08:04:25,551 | INFO | src.core.warmup_manager | 🔥 Starting system warmup sequence...
2026-01-04 08:04:25,552 | INFO | src.core.warmup_manager |   🔄 Executing: load_market_data
2026-01-04 08:04:26,745 | ERROR | yfinance | $HDFCBANK: possibly delisted; no timezone found
2026-01-04 08:04:26,746 | WARNING | src.core.warmup_manager | Insufficient data for HDFCBANK: 0 days
2026-01-04 08:04:27,538 | ERROR | yfinance | HTTP Error 404: {"quoteSummary":{"result":null,"error":{"code":"Not Found","description":"Quote not found for symbol: ICICIBANK"}}}
2026-01-04 08:04:27,663 | ERROR | yfinance | $ICICIBANK: possibly delisted; no timezone found
2026-01-04 08:04:27,664 | WARNING | src.core.warmup_manager | Insufficient data for ICICIBANK: 0 days
2026-01-04 08:04:28,105 | ERROR | yfinance | $KOTAKBANK: possibly delisted; no timezone found
2026-01-04 08:04:28,105 | WARNING | src.core.warmup_manager | Insufficient data for KOTAKBANK: 0 days
2026-01-04 08:04:28,717 | ERROR | yfinance | $AXISBANK: possibly delisted; no timezone found
2026-01-04 08:04:28,718 | WARNING | src.core.warmup_manager | Insufficient data for AXISBANK: 0 days
2026-01-04 08:04:29,318 | ERROR | yfinance | $SBIN: possibly delisted; no timezone found
2026-01-04 08:04:29,318 | WARNING | src.core.warmup_manager | Insufficient data for SBIN: 0 days
2026-01-04 08:04:29,949 | ERROR | yfinance | $TCS: possibly delisted; no timezone found
2026-01-04 08:04:29,950 | WARNING | src.core.warmup_manager | Insufficient data for TCS: 0 days
2026-01-04 08:04:40,492 | ERROR | yfinance | $HCLTECH: possibly delisted; no timezone found
2026-01-04 08:04:40,493 | WARNING | src.core.warmup_manager | Insufficient data for HCLTECH: 0 days
2026-01-04 08:04:41,011 | ERROR | yfinance | $WIPRO: possibly delisted; no timezone found
2026-01-04 08:04:41,012 | WARNING | src.core.warmup_manager | Insufficient data for WIPRO: 0 days
2026-01-04 08:04:41,416 | ERROR | yfinance | $TECHM: possibly delisted; no timezone found
2026-01-04 08:04:41,416 | WARNING | src.core.warmup_manager | Insufficient data for TECHM: 0 days
2026-01-04 08:04:41,417 | INFO | src.core.warmup_manager | Market data loaded: 1/10 symbols, 40 total data points
2026-01-04 08:04:41,417 | INFO | src.core.warmup_manager |   ✅ Completed: load_market_data (15.87s, 40 data points)
2026-01-04 08:04:41,417 | INFO | src.core.warmup_manager |   🔄 Executing: calculate_indicators
2026-01-04 08:04:41,486 | ERROR | src.core.warmup_manager | Indicator calculation failed for INFY: input array type is not double
2026-01-04 08:04:41,486 | INFO | src.core.warmup_manager | Technical indicators calculated: 0 total indicators
2026-01-04 08:04:41,487 | INFO | src.core.warmup_manager |   ✅ Completed: calculate_indicators (0.07s, 0 data points)
2026-01-04 08:04:41,487 | INFO | src.core.warmup_manager |   🔄 Executing: warmup_timing
2026-01-04 08:04:52,670 | INFO | src.core.confidence_manager | Reactive confidence manager initialized
2026-01-04 08:04:52,670 | INFO | src.core.realtime_monitor | Real-time market monitor initialized with 60s update interval
2026-01-04 08:04:52,671 | INFO | src.core.data_risk_mitigator | Data source risk mitigator initialized
2026-01-04 08:04:52,671 | INFO | src.strategies.market_detector | Registered real-time callbacks for market events
2026-01-04 08:04:52,671 | INFO | src.core.realtime_monitor | Started monitoring 0 symbols
2026-01-04 08:04:52,671 | INFO | src.strategies.market_detector | Enhanced real-time market detector initialized
2026-01-04 08:04:52,671 | INFO | src.timing.market_regime | Unified MarketRegimeManager initialized
2026-01-04 08:04:53,302 | ERROR | src.strategies.market_detector | Failed to analyze market state: 'dict' object has no attribute 'candle_count'
2026-01-04 08:04:53,303 | INFO | src.timing.market_regime | [MARKET REGIME] SIDEWAYS | confidence=0.50 | volatility=NORMAL
2026-01-04 08:04:53,303 | INFO | src.core.warmup_manager | Timing components warmed up - Current regime: (<MarketRegime.SIDEWAYS: 'SIDEWAYS'>, 0.5)
2026-01-04 08:04:53,304 | INFO | src.core.warmup_manager |   ✅ Completed: warmup_timing (11.82s, 1 data points)
2026-01-04 08:04:53,304 | INFO | src.core.warmup_manager |   🔄 Executing: warmup_regime
2026-01-04 08:04:53,306 | INFO | src.core.warmup_manager | Market regime detection warmed up for 1 symbols
2026-01-04 08:04:53,306 | INFO | src.core.warmup_manager |   ✅ Completed: warmup_regime (0.00s, 1 data points)
2026-01-04 08:04:53,306 | INFO | src.core.warmup_manager |   🔄 Executing: warmup_strategies
2026-01-04 08:04:53,306 | INFO | src.core.confidence_manager | Reactive confidence manager initialized
2026-01-04 08:04:53,306 | INFO | src.core.realtime_monitor | Real-time market monitor initialized with 60s update interval
2026-01-04 08:04:53,307 | INFO | src.core.data_risk_mitigator | Data source risk mitigator initialized
2026-01-04 08:04:53,307 | INFO | src.strategies.market_detector | Registered real-time callbacks for market events
2026-01-04 08:04:53,307 | INFO | src.core.realtime_monitor | Started monitoring 0 symbols
2026-01-04 08:04:53,307 | INFO | src.strategies.market_detector | Enhanced real-time market detector initialized
2026-01-04 08:04:53,307 | INFO | src.core.regime_weighting | Regime-aware strategy weighting system initialized
2026-01-04 08:04:53,308 | INFO | src.strategies.gap_trading | Gap trading strategy initialized
2026-01-04 08:04:53,308 | INFO | src.strategies.momentum_adaptive | Momentum adaptive strategy initialized
2026-01-04 08:04:53,309 | INFO | src.strategies.volatility_regime | Volatility regime strategy initialized
2026-01-04 08:04:53,309 | INFO | src.core.confidence_manager | Reactive confidence manager initialized
2026-01-04 08:04:53,309 | INFO | src.strategies.correlation_sync | Correlation sync strategy initialized with reactive confidence management
2026-01-04 08:04:53,309 | INFO | src.strategies.adaptive_manager | Adaptive strategy manager initialized with regime-aware weighting in AUTO mode
2026-01-04 08:04:53,622 | ERROR | src.strategies.market_detector | Failed to analyze market state: 'dict' object has no attribute 'candle_count'
2026-01-04 08:04:53,816 | INFO | src.core.regime_weighting | Market regime change: None → MarketRegime.VOLATILE_NEUTRAL
2026-01-04 08:04:53,817 | WARNING | src.core.regime_weighting | Regime change to MarketRegime.VOLATILE_NEUTRAL - invalidating confidence
2026-01-04 08:04:53,817 | INFO | src.core.regime_weighting | Significant weight change - Session: PRE_MARKET, Regime: VOLATILE_NEUTRAL
2026-01-04 08:04:53,817 | INFO | src.core.regime_weighting |   gap_trading: 0.17 (base: 0.25)
2026-01-04 08:04:53,818 | INFO | src.core.regime_weighting |   momentum_adaptive: 0.19 (base: 0.25)
2026-01-04 08:04:53,818 | INFO | src.core.regime_weighting |   volatility_regime: 0.52 (base: 0.25)
2026-01-04 08:04:53,818 | INFO | src.core.regime_weighting |   correlation_sync: 0.12 (base: 0.25)
2026-01-04 08:04:53,818 | INFO | src.strategies.adaptive_manager | Evaluating INFY with strategies: ['gap_trading', 'momentum_adaptive', 'volatility_regime', 'correlation_sync'] | Weights: {'gap_trading': 0.16666666666666666, 'momentum_adaptive': 0.18750000000000003, 'volatility_regime': 0.5208333333333334, 'correlation_sync': 0.125}
2026-01-04 08:04:53,963 | ERROR | src.strategies.market_detector | Failed to analyze market state: 'dict' object has no attribute 'candle_count'
2026-01-04 08:04:54,374 | INFO | src.core.warmup_manager | Strategy managers warmed up for 1 symbols
2026-01-04 08:04:54,375 | INFO | src.core.warmup_manager |   ✅ Completed: warmup_strategies (1.07s, 1 data points)
2026-01-04 08:04:54,376 | INFO | src.core.warmup_manager |   🔄 Executing: validate_warmup
2026-01-04 08:04:54,376 | ERROR | src.core.warmup_manager | Warmup validation failed: Only 1/10 symbols warmed
2026-01-04 08:04:54,376 | ERROR | src.core.warmup_manager |   ❌ Failed: validate_warmup (0.00s) - Only 1/10 symbols warmed
2026-01-04 08:04:54,377 | ERROR | src.core.warmup_manager | ❌ Warmup FAILED with 1 task failures
2026-01-04 08:04:54,377 | INFO | src.core.warmup_manager | ============================================================
2026-01-04 08:04:54,378 | INFO | src.core.warmup_manager | WARMUP SUMMARY
2026-01-04 08:04:54,378 | INFO | src.core.warmup_manager | ============================================================
2026-01-04 08:04:54,379 | INFO | src.core.warmup_manager | Status: FAILED
2026-01-04 08:04:54,379 | INFO | src.core.warmup_manager | Duration: 28.83 seconds
2026-01-04 08:04:54,380 | INFO | src.core.warmup_manager | Symbols warmed: 1/10
2026-01-04 08:04:54,380 | INFO | src.core.warmup_manager | Tasks completed: 5/6
2026-01-04 08:04:54,380 | INFO | src.core.warmup_manager | Failed tasks: 1
2026-01-04 08:04:54,381 | ERROR | src.core.warmup_manager |   - validate_warmup: Only 1/10 symbols warmed
2026-01-04 08:04:54,381 | INFO | src.core.warmup_manager | Indicator Status:
2026-01-04 08:04:54,381 | INFO | src.core.warmup_manager |   ❌ SMA_20
2026-01-04 08:04:54,382 | INFO | src.core.warmup_manager |   ❌ SMA_50
2026-01-04 08:04:54,383 | INFO | src.core.warmup_manager |   ❌ EMA_12
2026-01-04 08:04:54,383 | INFO | src.core.warmup_manager |   ❌ EMA_26
2026-01-04 08:04:54,383 | INFO | src.core.warmup_manager |   ❌ RSI_14
2026-01-04 08:04:54,384 | INFO | src.core.warmup_manager |   ❌ MACD
2026-01-04 08:04:54,384 | INFO | src.core.warmup_manager |   ❌ ATR_14
2026-01-04 08:04:54,384 | INFO | src.core.warmup_manager |   ❌ BOLLINGER_BANDS
2026-01-04 08:04:54,385 | INFO | src.core.warmup_manager | ============================================================
2026-01-04 08:04:54,386 | INFO | src.utils.sector_manager | Sector manager initialized
2026-01-04 08:04:54,386 | INFO | src.core.risk_manager | Risk Manager initialized with comprehensive risk controls
2026-01-04 08:04:54,386 | INFO | src.core.risk_governor | Added risk rule: EmergencyStop (priority: 5)
2026-01-04 08:04:54,387 | INFO | src.core.risk_governor | Added risk rule: MarketHours (priority: 10)
2026-01-04 08:04:54,387 | INFO | src.core.risk_governor | Added risk rule: DailyLossLimit (priority: 15)
2026-01-04 08:04:54,387 | INFO | src.core.risk_governor | Added risk rule: VolatilityAdjustment (priority: 25)
2026-01-04 08:04:54,388 | INFO | src.core.risk_governor | Risk Governor initialized with 4 risk rules
2026-01-04 08:04:54,388 | INFO | src.core.warmup_manager | WarmupManager initialized for 100 symbols with 60 days lookback
2026-01-04 08:04:54,388 | INFO | src.core.confidence_manager | Reactive confidence manager initialized
2026-01-04 08:04:54,389 | INFO | src.core.realtime_monitor | Real-time market monitor initialized with 60s update interval
2026-01-04 08:04:54,389 | INFO | src.core.data_risk_mitigator | Data source risk mitigator initialized
2026-01-04 08:04:54,389 | INFO | src.strategies.market_detector | Registered real-time callbacks for market events
2026-01-04 08:04:54,390 | INFO | src.core.realtime_monitor | Started monitoring 0 symbols
2026-01-04 08:04:54,390 | INFO | src.strategies.market_detector | Enhanced real-time market detector initialized
2026-01-04 08:04:54,390 | INFO | src.core.regime_weighting | Regime-aware strategy weighting system initialized
2026-01-04 08:04:54,391 | INFO | src.strategies.gap_trading | Gap trading strategy initialized
2026-01-04 08:04:54,392 | INFO | src.strategies.momentum_adaptive | Momentum adaptive strategy initialized
2026-01-04 08:04:54,392 | INFO | src.strategies.volatility_regime | Volatility regime strategy initialized
2026-01-04 08:04:54,393 | INFO | src.core.confidence_manager | Reactive confidence manager initialized
2026-01-04 08:04:54,393 | INFO | src.strategies.correlation_sync | Correlation sync strategy initialized with reactive confidence management
2026-01-04 08:04:54,393 | INFO | src.strategies.adaptive_manager | Adaptive strategy manager initialized with regime-aware weighting in AUTO mode
2026-01-04 08:04:54,394 | INFO | src.core.engine | Adaptive strategies initialized successfully
2026-01-04 08:04:54,394 | INFO | src.core.engine | Trading engine initialized with timing intelligence disabled
2026-01-04 08:04:54,394 | INFO | src.core.engine | Trading engine initialized with enhanced risk management
2026-01-04 08:04:54,395 | INFO | src.execution.adapter | Initialized PAPER execution adapter
2026-01-04 08:04:54,395 | INFO | src.broker.zerodha | ZerodhaBroker initialized in PAPER mode
2026-01-04 08:04:54,396 | INFO | src.broker.zerodha | Paper trading: No real connection required
2026-01-04 08:04:54,396 | INFO | src.execution.paper | Paper trading initialized
2026-01-04 08:04:54,396 | INFO | src.execution.paper | Paper trading mode initialized
2026-01-04 08:04:54,402 | INFO | src.core.system_arming | Added kill switch: emergency_file (Critical)
2026-01-04 08:04:54,403 | INFO | src.core.system_arming | Added kill switch: daily_loss_limit (Critical)
2026-01-04 08:04:54,403 | INFO | src.core.system_arming | Added kill switch: capital_availability (Critical)
2026-01-04 08:04:54,404 | INFO | src.core.system_arming | Added kill switch: market_hours (Non-critical)
2026-01-04 08:04:54,404 | INFO | src.core.system_arming | Added kill switch: system_health (Critical)
2026-01-04 08:04:54,404 | INFO | src.core.system_arming | Added kill switch: config_integrity (Critical)
2026-01-04 08:04:54,405 | INFO | src.core.system_arming | Added kill switch: state_integrity (Critical)
2026-01-04 08:04:54,405 | INFO | src.core.system_arming | System Arming initialized with 7 kill switches
2026-01-04 08:04:54,406 | INFO | src.core.system_arming | Starting system arming sequence...
2026-01-04 08:04:54,406 | ERROR | src.core.system_arming | Capital availability check failed: 'CapitalParameters' object has no attribute 'max_position_value'
2026-01-04 08:04:54,406 | ERROR | src.core.system_arming | Critical safety check failed: capital_availability
2026-01-04 08:07:14,528 | INFO | config.enhanced_config_manager | Timing config loaded: enabled=False
2026-01-04 08:07:14,529 | INFO | src.core.risk_manager | Risk Manager initialized with comprehensive risk controls
2026-01-04 08:07:14,529 | INFO | src.screener.excel_screener | Excel screener initialized: MiniRobo.xlsx
2026-01-04 08:07:17,184 | INFO | src.screener.excel_screener | Loaded 100 enabled stocks from universe
2026-01-04 08:07:17,896 | INFO | src.core.warmup_manager | WarmupManager initialized for 10 symbols with 60 days lookback
2026-01-04 08:07:17,896 | INFO | src.core.warmup_manager | 🔥 Starting system warmup sequence...
2026-01-04 08:07:17,896 | INFO | src.core.warmup_manager |   🔄 Executing: load_market_data
2026-01-04 08:07:19,948 | INFO | src.core.warmup_manager | Market data loaded: 10/10 symbols, 430 total data points
2026-01-04 08:07:19,949 | INFO | src.core.warmup_manager |   ✅ Completed: load_market_data (2.05s, 430 data points)
2026-01-04 08:07:19,949 | INFO | src.core.warmup_manager |   🔄 Executing: calculate_indicators
2026-01-04 08:07:19,959 | ERROR | src.core.warmup_manager | Indicator calculation failed for HDFCBANK: input array type is not double
2026-01-04 08:07:19,960 | ERROR | src.core.warmup_manager | Indicator calculation failed for ICICIBANK: input array type is not double
2026-01-04 08:07:19,960 | ERROR | src.core.warmup_manager | Indicator calculation failed for KOTAKBANK: input array type is not double
2026-01-04 08:07:19,961 | ERROR | src.core.warmup_manager | Indicator calculation failed for AXISBANK: input array type is not double
2026-01-04 08:07:19,961 | ERROR | src.core.warmup_manager | Indicator calculation failed for SBIN: input array type is not double
2026-01-04 08:07:19,962 | ERROR | src.core.warmup_manager | Indicator calculation failed for TCS: input array type is not double
2026-01-04 08:07:19,962 | ERROR | src.core.warmup_manager | Indicator calculation failed for INFY: input array type is not double
2026-01-04 08:07:19,963 | ERROR | src.core.warmup_manager | Indicator calculation failed for HCLTECH: input array type is not double
2026-01-04 08:07:19,963 | ERROR | src.core.warmup_manager | Indicator calculation failed for WIPRO: input array type is not double
2026-01-04 08:07:19,964 | ERROR | src.core.warmup_manager | Indicator calculation failed for TECHM: input array type is not double
2026-01-04 08:07:19,964 | INFO | src.core.warmup_manager | Technical indicators calculated: 0 total indicators
2026-01-04 08:07:19,964 | INFO | src.core.warmup_manager |   ✅ Completed: calculate_indicators (0.01s, 0 data points)
2026-01-04 08:07:19,964 | INFO | src.core.warmup_manager |   🔄 Executing: warmup_timing
2026-01-04 08:07:20,901 | INFO | src.core.confidence_manager | Reactive confidence manager initialized
2026-01-04 08:07:20,902 | INFO | src.core.realtime_monitor | Real-time market monitor initialized with 60s update interval
2026-01-04 08:07:20,902 | INFO | src.core.data_risk_mitigator | Data source risk mitigator initialized
2026-01-04 08:07:20,902 | INFO | src.strategies.market_detector | Registered real-time callbacks for market events
2026-01-04 08:07:20,902 | INFO | src.core.realtime_monitor | Started monitoring 0 symbols
2026-01-04 08:07:20,903 | INFO | src.strategies.market_detector | Enhanced real-time market detector initialized
2026-01-04 08:07:20,903 | INFO | src.timing.market_regime | Unified MarketRegimeManager initialized
2026-01-04 08:07:21,446 | ERROR | src.strategies.market_detector | Failed to analyze market state: 'dict' object has no attribute 'candle_count'
2026-01-04 08:07:21,447 | INFO | src.timing.market_regime | [MARKET REGIME] SIDEWAYS | confidence=0.50 | volatility=NORMAL
2026-01-04 08:07:21,447 | INFO | src.core.warmup_manager | Timing components warmed up - Current regime: (<MarketRegime.SIDEWAYS: 'SIDEWAYS'>, 0.5)
2026-01-04 08:07:21,447 | INFO | src.core.warmup_manager |   ✅ Completed: warmup_timing (1.48s, 1 data points)
2026-01-04 08:07:21,447 | INFO | src.core.warmup_manager |   🔄 Executing: warmup_regime
2026-01-04 08:07:21,451 | INFO | src.core.warmup_manager | Market regime detection warmed up for 5 symbols
2026-01-04 08:07:21,451 | INFO | src.core.warmup_manager |   ✅ Completed: warmup_regime (0.00s, 5 data points)
2026-01-04 08:07:21,451 | INFO | src.core.warmup_manager |   🔄 Executing: warmup_strategies
2026-01-04 08:07:21,452 | INFO | src.core.confidence_manager | Reactive confidence manager initialized
2026-01-04 08:07:21,452 | INFO | src.core.realtime_monitor | Real-time market monitor initialized with 60s update interval
2026-01-04 08:07:21,452 | INFO | src.core.data_risk_mitigator | Data source risk mitigator initialized
2026-01-04 08:07:21,452 | INFO | src.strategies.market_detector | Registered real-time callbacks for market events
2026-01-04 08:07:21,453 | INFO | src.core.realtime_monitor | Started monitoring 0 symbols
2026-01-04 08:07:21,453 | INFO | src.strategies.market_detector | Enhanced real-time market detector initialized
2026-01-04 08:07:21,454 | INFO | src.core.regime_weighting | Regime-aware strategy weighting system initialized
2026-01-04 08:07:21,454 | INFO | src.strategies.gap_trading | Gap trading strategy initialized
2026-01-04 08:07:21,454 | INFO | src.strategies.momentum_adaptive | Momentum adaptive strategy initialized
2026-01-04 08:07:21,454 | INFO | src.strategies.volatility_regime | Volatility regime strategy initialized
2026-01-04 08:07:21,455 | INFO | src.core.confidence_manager | Reactive confidence manager initialized
2026-01-04 08:07:21,455 | INFO | src.strategies.correlation_sync | Correlation sync strategy initialized with reactive confidence management
2026-01-04 08:07:21,455 | INFO | src.strategies.adaptive_manager | Adaptive strategy manager initialized with regime-aware weighting in AUTO mode
2026-01-04 08:07:21,964 | ERROR | src.strategies.market_detector | Failed to analyze market state: 'dict' object has no attribute 'candle_count'
2026-01-04 08:07:22,155 | INFO | src.core.regime_weighting | Market regime change: None → MarketRegime.VOLATILE_NEUTRAL
2026-01-04 08:07:22,155 | WARNING | src.core.regime_weighting | Regime change to MarketRegime.VOLATILE_NEUTRAL - invalidating confidence
2026-01-04 08:07:22,156 | INFO | src.core.regime_weighting | Significant weight change - Session: PRE_MARKET, Regime: VOLATILE_NEUTRAL
2026-01-04 08:07:22,156 | INFO | src.core.regime_weighting |   gap_trading: 0.17 (base: 0.25)
2026-01-04 08:07:22,156 | INFO | src.core.regime_weighting |   momentum_adaptive: 0.19 (base: 0.25)
2026-01-04 08:07:22,156 | INFO | src.core.regime_weighting |   volatility_regime: 0.52 (base: 0.25)
2026-01-04 08:07:22,156 | INFO | src.core.regime_weighting |   correlation_sync: 0.12 (base: 0.25)
2026-01-04 08:07:22,156 | INFO | src.strategies.adaptive_manager | Evaluating HDFCBANK with strategies: ['gap_trading', 'momentum_adaptive', 'volatility_regime', 'correlation_sync'] | Weights: {'gap_trading': 0.16666666666666666, 'momentum_adaptive': 0.18750000000000003, 'volatility_regime': 0.5208333333333334, 'correlation_sync': 0.125}
2026-01-04 08:07:22,319 | ERROR | src.strategies.market_detector | Failed to analyze market state: 'dict' object has no attribute 'candle_count'
2026-01-04 08:07:22,757 | INFO | src.strategies.correlation_sync | Correlation entry approved for HDFCBANK: Correlation entry: MEDIUM correlation (0.565) | Regime: MEDIUM | Confidence: 0.79 (reactive: 0.00)
2026-01-04 08:07:22,893 | ERROR | src.strategies.market_detector | Failed to analyze market state: 'dict' object has no attribute 'candle_count'
2026-01-04 08:07:23,058 | INFO | src.core.regime_weighting | Significant weight change - Session: PRE_MARKET, Regime: VOLATILE_NEUTRAL
2026-01-04 08:07:23,058 | INFO | src.core.regime_weighting |   gap_trading: 0.17 (base: 0.25)
2026-01-04 08:07:23,059 | INFO | src.core.regime_weighting |   momentum_adaptive: 0.19 (base: 0.25)
2026-01-04 08:07:23,059 | INFO | src.core.regime_weighting |   volatility_regime: 0.52 (base: 0.25)
2026-01-04 08:07:23,059 | INFO | src.core.regime_weighting |   correlation_sync: 0.12 (base: 0.25)
2026-01-04 08:07:23,060 | INFO | src.strategies.adaptive_manager | Evaluating ICICIBANK with strategies: ['gap_trading', 'momentum_adaptive', 'volatility_regime', 'correlation_sync'] | Weights: {'gap_trading': 0.16666666666666666, 'momentum_adaptive': 0.18750000000000003, 'volatility_regime': 0.5208333333333334, 'correlation_sync': 0.125}
2026-01-04 08:07:23,060 | INFO | src.strategies.correlation_sync | Correlation entry approved for ICICIBANK: Correlation entry: MEDIUM correlation (0.400) | Regime: MEDIUM | Confidence: 0.61 (reactive: 0.00)
2026-01-04 08:07:23,203 | ERROR | src.strategies.market_detector | Failed to analyze market state: 'dict' object has no attribute 'candle_count'
2026-01-04 08:07:23,411 | INFO | src.core.regime_weighting | Significant weight change - Session: PRE_MARKET, Regime: VOLATILE_NEUTRAL
2026-01-04 08:07:23,413 | INFO | src.core.regime_weighting |   gap_trading: 0.17 (base: 0.25)
2026-01-04 08:07:23,413 | INFO | src.core.regime_weighting |   momentum_adaptive: 0.19 (base: 0.25)
2026-01-04 08:07:23,414 | INFO | src.core.regime_weighting |   volatility_regime: 0.52 (base: 0.25)
2026-01-04 08:07:23,414 | INFO | src.core.regime_weighting |   correlation_sync: 0.12 (base: 0.25)
2026-01-04 08:07:23,414 | INFO | src.strategies.adaptive_manager | Evaluating KOTAKBANK with strategies: ['gap_trading', 'momentum_adaptive', 'volatility_regime', 'correlation_sync'] | Weights: {'gap_trading': 0.16666666666666666, 'momentum_adaptive': 0.18750000000000003, 'volatility_regime': 0.5208333333333334, 'correlation_sync': 0.125}
2026-01-04 08:07:23,415 | INFO | src.core.warmup_manager | Strategy managers warmed up for 3 symbols
2026-01-04 08:07:23,415 | INFO | src.core.warmup_manager |   ✅ Completed: warmup_strategies (1.96s, 3 data points)
2026-01-04 08:07:23,416 | INFO | src.core.warmup_manager |   🔄 Executing: validate_warmup
2026-01-04 08:07:23,416 | ERROR | src.core.warmup_manager | Warmup validation failed: No indicators calculated
2026-01-04 08:07:23,417 | ERROR | src.core.warmup_manager |   ❌ Failed: validate_warmup (0.00s) - No indicators calculated
2026-01-04 08:07:23,417 | ERROR | src.core.warmup_manager | ❌ Warmup FAILED with 1 task failures
2026-01-04 08:07:23,417 | INFO | src.core.warmup_manager | ============================================================
2026-01-04 08:07:23,418 | INFO | src.core.warmup_manager | WARMUP SUMMARY
2026-01-04 08:07:23,418 | INFO | src.core.warmup_manager | ============================================================
2026-01-04 08:07:23,418 | INFO | src.core.warmup_manager | Status: FAILED
2026-01-04 08:07:23,419 | INFO | src.core.warmup_manager | Duration: 5.52 seconds
2026-01-04 08:07:23,420 | INFO | src.core.warmup_manager | Symbols warmed: 10/10
2026-01-04 08:07:23,422 | INFO | src.core.warmup_manager | Tasks completed: 5/6
2026-01-04 08:07:23,424 | INFO | src.core.warmup_manager | Failed tasks: 1
2026-01-04 08:07:23,424 | ERROR | src.core.warmup_manager |   - validate_warmup: No indicators calculated
2026-01-04 08:07:23,425 | INFO | src.core.warmup_manager | Indicator Status:
2026-01-04 08:07:23,425 | INFO | src.core.warmup_manager |   ❌ SMA_20
2026-01-04 08:07:23,425 | INFO | src.core.warmup_manager |   ❌ SMA_50
2026-01-04 08:07:23,426 | INFO | src.core.warmup_manager |   ❌ EMA_12
2026-01-04 08:07:23,428 | INFO | src.core.warmup_manager |   ❌ EMA_26
2026-01-04 08:07:23,428 | INFO | src.core.warmup_manager |   ❌ RSI_14
2026-01-04 08:07:23,428 | INFO | src.core.warmup_manager |   ❌ MACD
2026-01-04 08:07:23,433 | INFO | src.core.warmup_manager |   ❌ ATR_14
2026-01-04 08:07:23,433 | INFO | src.core.warmup_manager |   ❌ BOLLINGER_BANDS
2026-01-04 08:07:23,434 | INFO | src.core.warmup_manager | ============================================================
2026-01-04 08:07:23,436 | INFO | src.utils.sector_manager | Sector manager initialized
2026-01-04 08:07:23,437 | INFO | src.core.risk_manager | Risk Manager initialized with comprehensive risk controls
2026-01-04 08:07:23,458 | INFO | src.core.risk_governor | Added risk rule: EmergencyStop (priority: 5)
2026-01-04 08:07:23,465 | INFO | src.core.risk_governor | Added risk rule: MarketHours (priority: 10)
2026-01-04 08:07:23,466 | INFO | src.core.risk_governor | Added risk rule: DailyLossLimit (priority: 15)
2026-01-04 08:07:23,467 | INFO | src.core.risk_governor | Added risk rule: VolatilityAdjustment (priority: 25)
2026-01-04 08:07:23,467 | INFO | src.core.risk_governor | Risk Governor initialized with 4 risk rules
2026-01-04 08:07:23,468 | INFO | src.core.warmup_manager | WarmupManager initialized for 100 symbols with 60 days lookback
2026-01-04 08:07:23,470 | INFO | src.core.confidence_manager | Reactive confidence manager initialized
2026-01-04 08:07:23,474 | INFO | src.core.realtime_monitor | Real-time market monitor initialized with 60s update interval
2026-01-04 08:07:23,475 | INFO | src.core.data_risk_mitigator | Data source risk mitigator initialized
2026-01-04 08:07:23,482 | INFO | src.strategies.market_detector | Registered real-time callbacks for market events
2026-01-04 08:07:23,483 | INFO | src.core.realtime_monitor | Started monitoring 0 symbols
2026-01-04 08:07:23,484 | INFO | src.strategies.market_detector | Enhanced real-time market detector initialized
2026-01-04 08:07:23,484 | INFO | src.core.regime_weighting | Regime-aware strategy weighting system initialized
2026-01-04 08:07:23,485 | INFO | src.strategies.gap_trading | Gap trading strategy initialized
2026-01-04 08:07:23,486 | INFO | src.strategies.momentum_adaptive | Momentum adaptive strategy initialized
2026-01-04 08:07:23,488 | INFO | src.strategies.volatility_regime | Volatility regime strategy initialized
2026-01-04 08:07:23,489 | INFO | src.core.confidence_manager | Reactive confidence manager initialized
2026-01-04 08:07:23,489 | INFO | src.strategies.correlation_sync | Correlation sync strategy initialized with reactive confidence management
2026-01-04 08:07:23,489 | INFO | src.strategies.adaptive_manager | Adaptive strategy manager initialized with regime-aware weighting in AUTO mode
2026-01-04 08:07:23,490 | INFO | src.core.engine | Adaptive strategies initialized successfully
2026-01-04 08:07:23,490 | INFO | src.core.engine | Trading engine initialized with timing intelligence disabled
2026-01-04 08:07:23,490 | INFO | src.core.engine | Trading engine initialized with enhanced risk management
2026-01-04 08:07:23,491 | INFO | src.execution.adapter | Initialized PAPER execution adapter
2026-01-04 08:07:23,491 | INFO | src.broker.zerodha | ZerodhaBroker initialized in PAPER mode
2026-01-04 08:07:23,491 | INFO | src.broker.zerodha | Paper trading: No real connection required
2026-01-04 08:07:23,492 | INFO | src.execution.paper | Paper trading initialized
2026-01-04 08:07:23,492 | INFO | src.execution.paper | Paper trading mode initialized
2026-01-04 08:07:23,501 | INFO | src.core.system_arming | Added kill switch: emergency_file (Critical)
2026-01-04 08:07:23,501 | INFO | src.core.system_arming | Added kill switch: daily_loss_limit (Critical)
2026-01-04 08:07:23,502 | INFO | src.core.system_arming | Added kill switch: capital_availability (Critical)
2026-01-04 08:07:23,502 | INFO | src.core.system_arming | Added kill switch: market_hours (Non-critical)
2026-01-04 08:07:23,503 | INFO | src.core.system_arming | Added kill switch: system_health (Critical)
2026-01-04 08:07:23,503 | INFO | src.core.system_arming | Added kill switch: config_integrity (Critical)
2026-01-04 08:07:23,503 | INFO | src.core.system_arming | Added kill switch: state_integrity (Critical)
2026-01-04 08:07:23,504 | INFO | src.core.system_arming | System Arming initialized with 7 kill switches
2026-01-04 08:07:23,507 | INFO | src.core.system_arming | Starting system arming sequence...
2026-01-04 08:07:23,507 | ERROR | src.core.system_arming | Capital availability check failed: 'CapitalParameters' object has no attribute 'max_position_value'
2026-01-04 08:07:23,508 | ERROR | src.core.system_arming | Critical safety check failed: capital_availability
2026-01-04 08:15:10,644 | INFO | config.enhanced_config_manager | Timing config loaded: enabled=False
2026-01-04 08:15:10,645 | INFO | src.core.risk_manager | Risk Manager initialized with comprehensive risk controls
2026-01-04 08:15:10,646 | INFO | src.screener.excel_screener | Excel screener initialized: MiniRobo.xlsx
2026-01-04 08:15:13,392 | INFO | src.screener.excel_screener | Loaded 100 enabled stocks from universe
2026-01-04 08:15:14,131 | INFO | src.core.warmup_manager | WarmupManager initialized for 10 symbols with 60 days lookback
2026-01-04 08:15:14,131 | INFO | src.core.warmup_manager | 🔥 Starting system warmup sequence...
2026-01-04 08:15:14,132 | INFO | src.core.warmup_manager |   🔄 Executing: load_market_data
2026-01-04 08:15:16,241 | INFO | src.core.warmup_manager | Market data loaded: 10/10 symbols, 430 total data points
2026-01-04 08:15:16,241 | INFO | src.core.warmup_manager |   ✅ Completed: load_market_data (2.11s, 430 data points)
2026-01-04 08:15:16,241 | INFO | src.core.warmup_manager |   🔄 Executing: calculate_indicators
2026-01-04 08:15:16,261 | ERROR | src.core.warmup_manager | Indicator calculation failed for HDFCBANK: 'open'
2026-01-04 08:15:16,261 | ERROR | src.core.warmup_manager | Indicator calculation failed for ICICIBANK: 'open'
2026-01-04 08:15:16,263 | ERROR | src.core.warmup_manager | Indicator calculation failed for KOTAKBANK: 'open'
2026-01-04 08:15:16,263 | ERROR | src.core.warmup_manager | Indicator calculation failed for AXISBANK: 'open'
2026-01-04 08:15:16,264 | ERROR | src.core.warmup_manager | Indicator calculation failed for SBIN: 'open'
2026-01-04 08:15:16,264 | ERROR | src.core.warmup_manager | Indicator calculation failed for TCS: 'open'
2026-01-04 08:15:16,264 | ERROR | src.core.warmup_manager | Indicator calculation failed for INFY: 'open'
2026-01-04 08:15:16,265 | ERROR | src.core.warmup_manager | Indicator calculation failed for HCLTECH: 'open'
2026-01-04 08:15:16,265 | ERROR | src.core.warmup_manager | Indicator calculation failed for WIPRO: 'open'
2026-01-04 08:15:16,266 | ERROR | src.core.warmup_manager | Indicator calculation failed for TECHM: 'open'
2026-01-04 08:15:16,266 | INFO | src.core.warmup_manager | Technical indicators calculated: 0 total indicators
2026-01-04 08:15:16,266 | INFO | src.core.warmup_manager |   ✅ Completed: calculate_indicators (0.02s, 0 data points)
2026-01-04 08:15:16,267 | INFO | src.core.warmup_manager |   🔄 Executing: warmup_timing
2026-01-04 08:15:17,268 | INFO | src.core.confidence_manager | Reactive confidence manager initialized
2026-01-04 08:15:17,269 | INFO | src.core.realtime_monitor | Real-time market monitor initialized with 60s update interval
2026-01-04 08:15:17,270 | INFO | src.core.data_risk_mitigator | Data source risk mitigator initialized
2026-01-04 08:15:17,270 | INFO | src.strategies.market_detector | Registered real-time callbacks for market events
2026-01-04 08:15:17,270 | INFO | src.core.realtime_monitor | Started monitoring 0 symbols
2026-01-04 08:15:17,271 | INFO | src.strategies.market_detector | Enhanced real-time market detector initialized
2026-01-04 08:15:17,271 | INFO | src.timing.market_regime | Unified MarketRegimeManager initialized
2026-01-04 08:15:17,805 | ERROR | src.strategies.market_detector | Failed to analyze market state: 'dict' object has no attribute 'candle_count'
2026-01-04 08:15:17,805 | INFO | src.timing.market_regime | [MARKET REGIME] SIDEWAYS | confidence=0.50 | volatility=NORMAL
2026-01-04 08:15:17,806 | INFO | src.core.warmup_manager | Timing components warmed up - Current regime: (<MarketRegime.SIDEWAYS: 'SIDEWAYS'>, 0.5)
2026-01-04 08:15:17,806 | INFO | src.core.warmup_manager |   ✅ Completed: warmup_timing (1.54s, 1 data points)
2026-01-04 08:15:17,806 | INFO | src.core.warmup_manager |   🔄 Executing: warmup_regime
2026-01-04 08:15:17,811 | INFO | src.core.warmup_manager | Market regime detection warmed up for 5 symbols
2026-01-04 08:15:17,812 | INFO | src.core.warmup_manager |   ✅ Completed: warmup_regime (0.00s, 5 data points)
2026-01-04 08:15:17,812 | INFO | src.core.warmup_manager |   🔄 Executing: warmup_strategies
2026-01-04 08:15:17,812 | INFO | src.core.confidence_manager | Reactive confidence manager initialized
2026-01-04 08:15:17,813 | INFO | src.core.realtime_monitor | Real-time market monitor initialized with 60s update interval
2026-01-04 08:15:17,813 | INFO | src.core.data_risk_mitigator | Data source risk mitigator initialized
2026-01-04 08:15:17,813 | INFO | src.strategies.market_detector | Registered real-time callbacks for market events
2026-01-04 08:15:17,814 | INFO | src.core.realtime_monitor | Started monitoring 0 symbols
2026-01-04 08:15:17,814 | INFO | src.strategies.market_detector | Enhanced real-time market detector initialized
2026-01-04 08:15:17,815 | INFO | src.core.regime_weighting | Regime-aware strategy weighting system initialized
2026-01-04 08:15:17,815 | INFO | src.strategies.gap_trading | Gap trading strategy initialized
2026-01-04 08:15:17,815 | INFO | src.strategies.momentum_adaptive | Momentum adaptive strategy initialized
2026-01-04 08:15:17,816 | INFO | src.strategies.volatility_regime | Volatility regime strategy initialized
2026-01-04 08:15:17,816 | INFO | src.core.confidence_manager | Reactive confidence manager initialized
2026-01-04 08:15:17,816 | INFO | src.strategies.correlation_sync | Correlation sync strategy initialized with reactive confidence management
2026-01-04 08:15:17,817 | INFO | src.strategies.adaptive_manager | Adaptive strategy manager initialized with regime-aware weighting in AUTO mode
2026-01-04 08:15:18,133 | ERROR | src.strategies.market_detector | Failed to analyze market state: 'dict' object has no attribute 'candle_count'
2026-01-04 08:15:18,327 | INFO | src.core.regime_weighting | Market regime change: None → MarketRegime.VOLATILE_NEUTRAL
2026-01-04 08:15:18,327 | WARNING | src.core.regime_weighting | Regime change to MarketRegime.VOLATILE_NEUTRAL - invalidating confidence
2026-01-04 08:15:18,328 | INFO | src.core.regime_weighting | Significant weight change - Session: PRE_MARKET, Regime: VOLATILE_NEUTRAL
2026-01-04 08:15:18,328 | INFO | src.core.regime_weighting |   gap_trading: 0.17 (base: 0.25)
2026-01-04 08:15:18,328 | INFO | src.core.regime_weighting |   momentum_adaptive: 0.19 (base: 0.25)
2026-01-04 08:15:18,329 | INFO | src.core.regime_weighting |   volatility_regime: 0.52 (base: 0.25)
2026-01-04 08:15:18,329 | INFO | src.core.regime_weighting |   correlation_sync: 0.12 (base: 0.25)
2026-01-04 08:15:18,329 | INFO | src.strategies.adaptive_manager | Evaluating HDFCBANK with strategies: ['gap_trading', 'momentum_adaptive', 'volatility_regime', 'correlation_sync'] | Weights: {'gap_trading': 0.16666666666666666, 'momentum_adaptive': 0.18750000000000003, 'volatility_regime': 0.5208333333333334, 'correlation_sync': 0.125}
2026-01-04 08:15:18,460 | ERROR | src.strategies.market_detector | Failed to analyze market state: 'dict' object has no attribute 'candle_count'
2026-01-04 08:15:18,871 | INFO | src.strategies.correlation_sync | Correlation entry approved for HDFCBANK: Correlation entry: MEDIUM correlation (0.565) | Regime: MEDIUM | Confidence: 0.79 (reactive: 0.00)
2026-01-04 08:15:19,018 | ERROR | src.strategies.market_detector | Failed to analyze market state: 'dict' object has no attribute 'candle_count'
2026-01-04 08:15:19,238 | INFO | src.core.regime_weighting | Significant weight change - Session: PRE_MARKET, Regime: VOLATILE_NEUTRAL
2026-01-04 08:15:19,238 | INFO | src.core.regime_weighting |   gap_trading: 0.17 (base: 0.25)
2026-01-04 08:15:19,238 | INFO | src.core.regime_weighting |   momentum_adaptive: 0.19 (base: 0.25)
2026-01-04 08:15:19,238 | INFO | src.core.regime_weighting |   volatility_regime: 0.52 (base: 0.25)
2026-01-04 08:15:19,238 | INFO | src.core.regime_weighting |   correlation_sync: 0.12 (base: 0.25)
2026-01-04 08:15:19,239 | INFO | src.strategies.adaptive_manager | Evaluating ICICIBANK with strategies: ['gap_trading', 'momentum_adaptive', 'volatility_regime', 'correlation_sync'] | Weights: {'gap_trading': 0.16666666666666666, 'momentum_adaptive': 0.18750000000000003, 'volatility_regime': 0.5208333333333334, 'correlation_sync': 0.125}
2026-01-04 08:15:19,239 | INFO | src.strategies.correlation_sync | Correlation entry approved for ICICIBANK: Correlation entry: MEDIUM correlation (0.400) | Regime: MEDIUM | Confidence: 0.61 (reactive: 0.00)
2026-01-04 08:15:19,489 | ERROR | src.strategies.market_detector | Failed to analyze market state: 'dict' object has no attribute 'candle_count'
2026-01-04 08:15:19,681 | INFO | src.core.regime_weighting | Significant weight change - Session: PRE_MARKET, Regime: VOLATILE_NEUTRAL
2026-01-04 08:15:19,681 | INFO | src.core.regime_weighting |   gap_trading: 0.17 (base: 0.25)
2026-01-04 08:15:19,681 | INFO | src.core.regime_weighting |   momentum_adaptive: 0.19 (base: 0.25)
2026-01-04 08:15:19,681 | INFO | src.core.regime_weighting |   volatility_regime: 0.52 (base: 0.25)
2026-01-04 08:15:19,682 | INFO | src.core.regime_weighting |   correlation_sync: 0.12 (base: 0.25)
2026-01-04 08:15:19,682 | INFO | src.strategies.adaptive_manager | Evaluating KOTAKBANK with strategies: ['gap_trading', 'momentum_adaptive', 'volatility_regime', 'correlation_sync'] | Weights: {'gap_trading': 0.16666666666666666, 'momentum_adaptive': 0.18750000000000003, 'volatility_regime': 0.5208333333333334, 'correlation_sync': 0.125}
2026-01-04 08:15:19,682 | INFO | src.core.warmup_manager | Strategy managers warmed up for 3 symbols
2026-01-04 08:15:19,682 | INFO | src.core.warmup_manager |   ✅ Completed: warmup_strategies (1.87s, 3 data points)
2026-01-04 08:15:19,682 | INFO | src.core.warmup_manager |   🔄 Executing: validate_warmup
2026-01-04 08:15:19,683 | ERROR | src.core.warmup_manager | Warmup validation failed: No indicators calculated
2026-01-04 08:15:19,683 | ERROR | src.core.warmup_manager |   ❌ Failed: validate_warmup (0.00s) - No indicators calculated
2026-01-04 08:15:19,683 | ERROR | src.core.warmup_manager | ❌ Warmup FAILED with 1 task failures
2026-01-04 08:15:19,684 | INFO | src.core.warmup_manager | ============================================================
2026-01-04 08:15:19,684 | INFO | src.core.warmup_manager | WARMUP SUMMARY
2026-01-04 08:15:19,684 | INFO | src.core.warmup_manager | ============================================================
2026-01-04 08:15:19,684 | INFO | src.core.warmup_manager | Status: FAILED
2026-01-04 08:15:19,684 | INFO | src.core.warmup_manager | Duration: 5.55 seconds
2026-01-04 08:15:19,684 | INFO | src.core.warmup_manager | Symbols warmed: 10/10
2026-01-04 08:15:19,684 | INFO | src.core.warmup_manager | Tasks completed: 5/6
2026-01-04 08:15:19,685 | INFO | src.core.warmup_manager | Failed tasks: 1
2026-01-04 08:15:19,685 | ERROR | src.core.warmup_manager |   - validate_warmup: No indicators calculated
2026-01-04 08:15:19,685 | INFO | src.core.warmup_manager | Indicator Status:
2026-01-04 08:15:19,686 | INFO | src.core.warmup_manager |   ❌ SMA_20
2026-01-04 08:15:19,686 | INFO | src.core.warmup_manager |   ❌ SMA_50
2026-01-04 08:15:19,686 | INFO | src.core.warmup_manager |   ❌ EMA_12
2026-01-04 08:15:19,686 | INFO | src.core.warmup_manager |   ❌ EMA_26
2026-01-04 08:15:19,687 | INFO | src.core.warmup_manager |   ❌ RSI_14
2026-01-04 08:15:19,687 | INFO | src.core.warmup_manager |   ❌ MACD
2026-01-04 08:15:19,687 | INFO | src.core.warmup_manager |   ❌ ATR_14
2026-01-04 08:15:19,687 | INFO | src.core.warmup_manager |   ❌ BOLLINGER_BANDS
2026-01-04 08:15:19,687 | INFO | src.core.warmup_manager | ============================================================
2026-01-04 08:15:19,688 | INFO | src.utils.sector_manager | Sector manager initialized
2026-01-04 08:15:19,689 | INFO | src.core.risk_manager | Risk Manager initialized with comprehensive risk controls
2026-01-04 08:15:19,689 | INFO | src.core.risk_governor | Added risk rule: EmergencyStop (priority: 5)
2026-01-04 08:15:19,689 | INFO | src.core.risk_governor | Added risk rule: MarketHours (priority: 10)
2026-01-04 08:15:19,690 | INFO | src.core.risk_governor | Added risk rule: DailyLossLimit (priority: 15)
2026-01-04 08:15:19,690 | INFO | src.core.risk_governor | Added risk rule: VolatilityAdjustment (priority: 25)
2026-01-04 08:15:19,690 | INFO | src.core.risk_governor | Risk Governor initialized with 4 risk rules
2026-01-04 08:15:19,690 | INFO | src.core.warmup_manager | WarmupManager initialized for 100 symbols with 60 days lookback
2026-01-04 08:15:19,691 | INFO | src.core.confidence_manager | Reactive confidence manager initialized
2026-01-04 08:15:19,691 | INFO | src.core.realtime_monitor | Real-time market monitor initialized with 60s update interval
2026-01-04 08:15:19,691 | INFO | src.core.data_risk_mitigator | Data source risk mitigator initialized
2026-01-04 08:15:19,692 | INFO | src.strategies.market_detector | Registered real-time callbacks for market events
2026-01-04 08:15:19,692 | INFO | src.core.realtime_monitor | Started monitoring 0 symbols
2026-01-04 08:15:19,693 | INFO | src.strategies.market_detector | Enhanced real-time market detector initialized
2026-01-04 08:15:19,693 | INFO | src.core.regime_weighting | Regime-aware strategy weighting system initialized
2026-01-04 08:15:19,693 | INFO | src.strategies.gap_trading | Gap trading strategy initialized
2026-01-04 08:15:19,693 | INFO | src.strategies.momentum_adaptive | Momentum adaptive strategy initialized
2026-01-04 08:15:19,693 | INFO | src.strategies.volatility_regime | Volatility regime strategy initialized
2026-01-04 08:15:19,694 | INFO | src.core.confidence_manager | Reactive confidence manager initialized
2026-01-04 08:15:19,694 | INFO | src.strategies.correlation_sync | Correlation sync strategy initialized with reactive confidence management
2026-01-04 08:15:19,694 | INFO | src.strategies.adaptive_manager | Adaptive strategy manager initialized with regime-aware weighting in AUTO mode
2026-01-04 08:15:19,694 | INFO | src.core.engine | Adaptive strategies initialized successfully
2026-01-04 08:15:19,695 | INFO | src.core.engine | Trading engine initialized with timing intelligence disabled
2026-01-04 08:15:19,695 | INFO | src.core.engine | Trading engine initialized with enhanced risk management
2026-01-04 08:15:19,695 | INFO | src.execution.adapter | Initialized PAPER execution adapter
2026-01-04 08:15:19,695 | INFO | src.broker.zerodha | ZerodhaBroker initialized in PAPER mode
2026-01-04 08:15:19,696 | INFO | src.broker.zerodha | Paper trading: No real connection required
2026-01-04 08:15:19,696 | INFO | src.execution.paper | Paper trading initialized
2026-01-04 08:15:19,696 | INFO | src.execution.paper | Paper trading mode initialized
2026-01-04 08:15:19,699 | INFO | src.core.system_arming | Added kill switch: emergency_file (Critical)
2026-01-04 08:15:19,699 | INFO | src.core.system_arming | Added kill switch: daily_loss_limit (Critical)
2026-01-04 08:15:19,700 | INFO | src.core.system_arming | Added kill switch: capital_availability (Critical)
2026-01-04 08:15:19,700 | INFO | src.core.system_arming | Added kill switch: market_hours (Non-critical)
2026-01-04 08:15:19,700 | INFO | src.core.system_arming | Added kill switch: system_health (Critical)
2026-01-04 08:15:19,701 | INFO | src.core.system_arming | Added kill switch: config_integrity (Critical)
2026-01-04 08:15:19,702 | INFO | src.core.system_arming | Added kill switch: state_integrity (Critical)
2026-01-04 08:15:19,704 | INFO | src.core.system_arming | System Arming initialized with 7 kill switches
2026-01-04 08:15:19,705 | INFO | src.core.system_arming | Starting system arming sequence...
2026-01-04 08:15:19,705 | ERROR | src.core.system_arming | Capital availability check failed: 'CapitalParameters' object has no attribute 'max_position_value'
2026-01-04 08:15:19,706 | ERROR | src.core.system_arming | Critical safety check failed: capital_availability
2026-01-04 12:12:21,119 | INFO | config.enhanced_config_manager | Timing config loaded: enabled=False
2026-01-04 12:12:21,120 | INFO | src.core.risk_manager | Risk Manager initialized with comprehensive risk controls
2026-01-04 12:12:21,121 | INFO | src.screener.excel_screener | Excel screener initialized: MiniRobo.xlsx
2026-01-04 12:12:22,892 | INFO | src.screener.excel_screener | Loaded 100 enabled stocks from universe
2026-01-04 12:12:23,415 | INFO | src.core.warmup_manager | WarmupManager initialized for 10 symbols with 60 days lookback
2026-01-04 12:12:23,416 | INFO | src.core.warmup_manager | 🔥 Starting system warmup sequence...
2026-01-04 12:12:23,416 | INFO | src.core.warmup_manager |   🔄 Executing: load_market_data
2026-01-04 12:12:32,111 | INFO | src.core.warmup_manager | Market data loaded: 10/10 symbols, 430 total data points
2026-01-04 12:12:32,111 | INFO | src.core.warmup_manager |   ✅ Completed: load_market_data (8.70s, 430 data points)
2026-01-04 12:12:32,112 | INFO | src.core.warmup_manager |   🔄 Executing: calculate_indicators
2026-01-04 12:12:32,165 | ERROR | src.core.warmup_manager | Indicator calculation failed for HDFCBANK: 'high'
2026-01-04 12:12:32,165 | ERROR | src.core.warmup_manager | Indicator calculation failed for ICICIBANK: 'high'
2026-01-04 12:12:32,166 | ERROR | src.core.warmup_manager | Indicator calculation failed for KOTAKBANK: 'high'
2026-01-04 12:12:32,166 | ERROR | src.core.warmup_manager | Indicator calculation failed for AXISBANK: 'high'
2026-01-04 12:12:32,166 | ERROR | src.core.warmup_manager | Indicator calculation failed for SBIN: 'high'
2026-01-04 12:12:32,166 | ERROR | src.core.warmup_manager | Indicator calculation failed for TCS: 'high'
2026-01-04 12:12:32,166 | ERROR | src.core.warmup_manager | Indicator calculation failed for INFY: 'high'
2026-01-04 12:12:32,167 | ERROR | src.core.warmup_manager | Indicator calculation failed for HCLTECH: 'high'
2026-01-04 12:12:32,167 | ERROR | src.core.warmup_manager | Indicator calculation failed for WIPRO: 'high'
2026-01-04 12:12:32,167 | ERROR | src.core.warmup_manager | Indicator calculation failed for TECHM: input array type is not double
2026-01-04 12:12:32,167 | INFO | src.core.warmup_manager | Technical indicators calculated: 0 total indicators
2026-01-04 12:12:32,168 | INFO | src.core.warmup_manager |   ✅ Completed: calculate_indicators (0.06s, 0 data points)
2026-01-04 12:12:32,168 | INFO | src.core.warmup_manager |   🔄 Executing: warmup_timing
2026-01-04 12:12:39,002 | INFO | src.core.confidence_manager | Reactive confidence manager initialized
2026-01-04 12:12:39,002 | INFO | src.core.realtime_monitor | Real-time market monitor initialized with 60s update interval
2026-01-04 12:12:39,003 | INFO | src.core.data_risk_mitigator | Data source risk mitigator initialized
2026-01-04 12:12:39,003 | INFO | src.strategies.market_detector | Registered real-time callbacks for market events
2026-01-04 12:12:39,003 | INFO | src.core.realtime_monitor | Started monitoring 0 symbols
2026-01-04 12:12:39,004 | INFO | src.strategies.market_detector | Enhanced real-time market detector initialized
2026-01-04 12:12:39,004 | INFO | src.timing.market_regime | Unified MarketRegimeManager initialized
2026-01-04 12:12:39,574 | ERROR | src.strategies.market_detector | Failed to analyze market state: 'dict' object has no attribute 'candle_count'
2026-01-04 12:12:39,574 | INFO | src.timing.market_regime | [MARKET REGIME] SIDEWAYS | confidence=0.50 | volatility=NORMAL
2026-01-04 12:12:39,574 | INFO | src.core.warmup_manager | Timing components warmed up - Current regime: (<MarketRegime.SIDEWAYS: 'SIDEWAYS'>, 0.5)
2026-01-04 12:12:39,574 | INFO | src.core.warmup_manager |   ✅ Completed: warmup_timing (7.41s, 1 data points)
2026-01-04 12:12:39,575 | INFO | src.core.warmup_manager |   🔄 Executing: warmup_regime
2026-01-04 12:12:39,575 | ERROR | src.core.warmup_manager | Market regime warmup failed: 'close'
2026-01-04 12:12:39,575 | ERROR | src.core.warmup_manager |   ❌ Failed: warmup_regime (0.00s) - 'close'
2026-01-04 12:12:39,575 | INFO | src.core.warmup_manager |   🔄 Executing: warmup_strategies
2026-01-04 12:12:39,576 | INFO | src.core.confidence_manager | Reactive confidence manager initialized
2026-01-04 12:12:39,576 | INFO | src.core.realtime_monitor | Real-time market monitor initialized with 60s update interval
2026-01-04 12:12:39,576 | INFO | src.core.data_risk_mitigator | Data source risk mitigator initialized
2026-01-04 12:12:39,576 | INFO | src.strategies.market_detector | Registered real-time callbacks for market events
2026-01-04 12:12:39,577 | INFO | src.core.realtime_monitor | Started monitoring 0 symbols
2026-01-04 12:12:39,577 | INFO | src.strategies.market_detector | Enhanced real-time market detector initialized
2026-01-04 12:12:39,577 | INFO | src.core.regime_weighting | Regime-aware strategy weighting system initialized
2026-01-04 12:12:39,578 | INFO | src.strategies.gap_trading | Gap trading strategy initialized
2026-01-04 12:12:39,578 | INFO | src.strategies.momentum_adaptive | Momentum adaptive strategy initialized
2026-01-04 12:12:39,578 | INFO | src.strategies.volatility_regime | Volatility regime strategy initialized
2026-01-04 12:12:39,578 | INFO | src.core.confidence_manager | Reactive confidence manager initialized
2026-01-04 12:12:39,578 | INFO | src.strategies.correlation_sync | Correlation sync strategy initialized with reactive confidence management
2026-01-04 12:12:39,578 | INFO | src.strategies.adaptive_manager | Adaptive strategy manager initialized with regime-aware weighting in AUTO mode
2026-01-04 12:12:39,579 | WARNING | src.core.warmup_manager | Strategy warmup failed for HDFCBANK: 'close'
2026-01-04 12:12:39,579 | WARNING | src.core.warmup_manager | Strategy warmup failed for ICICIBANK: 'close'
2026-01-04 12:12:39,579 | WARNING | src.core.warmup_manager | Strategy warmup failed for KOTAKBANK: 'close'
2026-01-04 12:12:39,579 | INFO | src.core.warmup_manager | Strategy managers warmed up for 0 symbols
2026-01-04 12:12:39,579 | INFO | src.core.warmup_manager |   ✅ Completed: warmup_strategies (0.00s, 0 data points)
2026-01-04 12:12:39,579 | INFO | src.core.warmup_manager |   🔄 Executing: validate_warmup
2026-01-04 12:12:39,580 | ERROR | src.core.warmup_manager | Warmup validation failed: No indicators calculated
2026-01-04 12:12:39,580 | ERROR | src.core.warmup_manager |   ❌ Failed: validate_warmup (0.00s) - No indicators calculated
2026-01-04 12:12:39,580 | ERROR | src.core.warmup_manager | ❌ Warmup FAILED with 2 task failures
2026-01-04 12:12:39,580 | INFO | src.core.warmup_manager | ============================================================
2026-01-04 12:12:39,580 | INFO | src.core.warmup_manager | WARMUP SUMMARY
2026-01-04 12:12:39,580 | INFO | src.core.warmup_manager | ============================================================
2026-01-04 12:12:39,580 | INFO | src.core.warmup_manager | Status: FAILED
2026-01-04 12:12:39,581 | INFO | src.core.warmup_manager | Duration: 16.16 seconds
2026-01-04 12:12:39,581 | INFO | src.core.warmup_manager | Symbols warmed: 10/10
2026-01-04 12:12:39,581 | INFO | src.core.warmup_manager | Tasks completed: 4/6
2026-01-04 12:12:39,581 | INFO | src.core.warmup_manager | Failed tasks: 2
2026-01-04 12:12:39,581 | ERROR | src.core.warmup_manager |   - warmup_regime: 'close'
2026-01-04 12:12:39,581 | ERROR | src.core.warmup_manager |   - validate_warmup: No indicators calculated
2026-01-04 12:12:39,581 | INFO | src.core.warmup_manager | Indicator Status:
2026-01-04 12:12:39,581 | INFO | src.core.warmup_manager |   ❌ SMA_20
2026-01-04 12:12:39,581 | INFO | src.core.warmup_manager |   ❌ SMA_50
2026-01-04 12:12:39,581 | INFO | src.core.warmup_manager |   ❌ EMA_12
2026-01-04 12:12:39,582 | INFO | src.core.warmup_manager |   ❌ EMA_26
2026-01-04 12:12:39,582 | INFO | src.core.warmup_manager |   ❌ RSI_14
2026-01-04 12:12:39,582 | INFO | src.core.warmup_manager |   ❌ MACD
2026-01-04 12:12:39,582 | INFO | src.core.warmup_manager |   ❌ ATR_14
2026-01-04 12:12:39,582 | INFO | src.core.warmup_manager |   ❌ BOLLINGER_BANDS
2026-01-04 12:12:39,582 | INFO | src.core.warmup_manager | ============================================================
2026-01-04 12:12:39,583 | INFO | src.utils.sector_manager | Sector manager initialized
2026-01-04 12:12:39,583 | INFO | src.core.risk_manager | Risk Manager initialized with comprehensive risk controls
2026-01-04 12:12:39,583 | INFO | src.core.risk_governor | Added risk rule: EmergencyStop (priority: 5)
2026-01-04 12:12:39,584 | INFO | src.core.risk_governor | Added risk rule: MarketHours (priority: 10)
2026-01-04 12:12:39,584 | INFO | src.core.risk_governor | Added risk rule: DailyLossLimit (priority: 15)
2026-01-04 12:12:39,584 | INFO | src.core.risk_governor | Added risk rule: VolatilityAdjustment (priority: 25)
2026-01-04 12:12:39,584 | INFO | src.core.risk_governor | Risk Governor initialized with 4 risk rules
2026-01-04 12:12:39,584 | INFO | src.core.warmup_manager | WarmupManager initialized for 100 symbols with 60 days lookback
2026-01-04 12:12:39,584 | INFO | src.core.confidence_manager | Reactive confidence manager initialized
2026-01-04 12:12:39,584 | INFO | src.core.realtime_monitor | Real-time market monitor initialized with 60s update interval
2026-01-04 12:12:39,584 | INFO | src.core.data_risk_mitigator | Data source risk mitigator initialized
2026-01-04 12:12:39,585 | INFO | src.strategies.market_detector | Registered real-time callbacks for market events
2026-01-04 12:12:39,585 | INFO | src.core.realtime_monitor | Started monitoring 0 symbols
2026-01-04 12:12:39,585 | INFO | src.strategies.market_detector | Enhanced real-time market detector initialized
2026-01-04 12:12:39,585 | INFO | src.core.regime_weighting | Regime-aware strategy weighting system initialized
2026-01-04 12:12:39,585 | INFO | src.strategies.gap_trading | Gap trading strategy initialized
2026-01-04 12:12:39,585 | INFO | src.strategies.momentum_adaptive | Momentum adaptive strategy initialized
2026-01-04 12:12:39,585 | INFO | src.strategies.volatility_regime | Volatility regime strategy initialized
2026-01-04 12:12:39,586 | INFO | src.core.confidence_manager | Reactive confidence manager initialized
2026-01-04 12:12:39,586 | INFO | src.strategies.correlation_sync | Correlation sync strategy initialized with reactive confidence management
2026-01-04 12:12:39,586 | INFO | src.strategies.adaptive_manager | Adaptive strategy manager initialized with regime-aware weighting in AUTO mode
2026-01-04 12:12:39,586 | INFO | src.core.engine | Adaptive strategies initialized successfully
2026-01-04 12:12:39,586 | INFO | src.core.engine | Trading engine initialized with timing intelligence disabled
2026-01-04 12:12:39,586 | INFO | src.core.engine | Trading engine initialized with enhanced risk management
2026-01-04 12:12:39,586 | INFO | src.execution.adapter | Initialized PAPER execution adapter
2026-01-04 12:12:39,587 | INFO | src.broker.zerodha | ZerodhaBroker initialized in PAPER mode
2026-01-04 12:12:39,587 | INFO | src.broker.zerodha | Paper trading: No real connection required
2026-01-04 12:12:39,587 | INFO | src.execution.paper | Paper trading initialized
2026-01-04 12:12:39,587 | INFO | src.execution.paper | Paper trading mode initialized
2026-01-04 12:12:39,593 | INFO | src.core.system_arming | Added kill switch: emergency_file (Critical)
2026-01-04 12:12:39,593 | INFO | src.core.system_arming | Added kill switch: daily_loss_limit (Critical)
2026-01-04 12:12:39,594 | INFO | src.core.system_arming | Added kill switch: capital_availability (Critical)
2026-01-04 12:12:39,594 | INFO | src.core.system_arming | Added kill switch: market_hours (Non-critical)
2026-01-04 12:12:39,594 | INFO | src.core.system_arming | Added kill switch: system_health (Critical)
2026-01-04 12:12:39,594 | INFO | src.core.system_arming | Added kill switch: config_integrity (Critical)
2026-01-04 12:12:39,594 | INFO | src.core.system_arming | Added kill switch: state_integrity (Critical)
2026-01-04 12:12:39,594 | INFO | src.core.system_arming | System Arming initialized with 7 kill switches
2026-01-04 12:12:39,595 | INFO | src.core.system_arming | Starting system arming sequence...
2026-01-04 12:12:39,595 | ERROR | src.core.system_arming | Capital availability check failed: 'CapitalParameters' object has no attribute 'max_position_value'
2026-01-04 12:12:39,595 | ERROR | src.core.system_arming | Critical safety check failed: capital_availability
2026-01-04 12:12:46,199 | INFO | src.core.system_arming | Starting system arming sequence...
2026-01-04 12:12:46,199 | ERROR | src.core.system_arming | Capital availability check failed: 'CapitalParameters' object has no attribute 'max_position_value'
2026-01-04 12:12:46,222 | INFO | src.core.system_arming | 🔒 SYSTEM ARMED at 12:12:46
2026-01-04 12:12:46,223 | WARNING | src.core.system_arming | ⚠️  FORCE ARMED with 1 critical failures!
2026-01-04 12:12:46,223 | WARNING | src.core.engine | No regime manager available
2026-01-04 12:12:46,223 | INFO | src.screener.excel_screener | ============================================================
2026-01-04 12:12:46,224 | INFO | src.screener.excel_screener | STARTING EXCEL-DRIVEN SCREENER
2026-01-04 12:12:46,224 | INFO | src.screener.excel_screener | ============================================================
2026-01-04 12:12:47,569 | INFO | src.screener.excel_screener | Loaded 14 screener rules
2026-01-04 12:12:48,098 | INFO | src.screener.excel_screener | 
 ACTIVE FILTER RULES:
2026-01-04 12:12:49,431 | INFO | src.screener.excel_screener | Loaded 100 enabled stocks from universe
2026-01-04 12:12:51,331 | INFO | src.screener.excel_screener | Loaded sector mapping for 100 symbols
2026-01-04 12:12:51,968 | INFO | src.screener.excel_screener | Market Trend: BULLISH
2026-01-04 12:13:10,147 | INFO | src.screener.excel_screener | Successfully fetched data for 100/100 symbols
2026-01-04 12:13:10,148 | INFO | src.screener.excel_screener | Bulk data received: 100 symbols with data
2026-01-04 12:13:10,323 | INFO | src.screener.excel_screener | Starting screening of 100 symbols. Bulk data has 100 entries
2026-01-04 12:13:10,696 | INFO | src.screener.excel_screener | 
📊 REJECTION STATISTICS:
2026-01-04 12:13:10,696 | INFO | src.screener.excel_screener |    Total Processed: 100
2026-01-04 12:13:10,696 | INFO | src.screener.excel_screener |    Passed: 26
2026-01-04 12:13:10,697 | INFO | src.screener.excel_screener |    Rejected: 74
2026-01-04 12:13:10,697 | INFO | src.screener.excel_screener | 
   Top Rejection Reasons:
2026-01-04 12:13:10,697 | INFO | src.screener.excel_screener | Metrics calculated: 100, Passed: 26, Rejected: 74, Insufficient bars: 0, Missing data: 0
2026-01-04 12:13:10,708 | INFO | src.screener.excel_screener | Max trades (adjusted for BULLISH): 8
2026-01-04 12:13:10,708 | INFO | src.screener.excel_screener | 
============================================================
2026-01-04 12:13:10,709 | INFO | src.screener.excel_screener | TOP PICKS:
2026-01-04 12:13:10,709 | INFO | src.screener.excel_screener | ============================================================
2026-01-04 12:13:10,710 | INFO | src.screener.excel_screener | INDUSTOWER | Score:  47.37 | Price: Rs. 442.05 | BULLISH_TREND,HIGH_VOLUME,STRONG_TREND
2026-01-04 12:13:10,710 | INFO | src.screener.excel_screener | HINDALCO   | Score:  42.61 | Price: Rs. 925.70 | BULLISH_TREND,HIGH_VOLUME,STRONG_TREND
2026-01-04 12:13:10,711 | INFO | src.screener.excel_screener | COALINDIA  | Score:  39.61 | Price: Rs. 427.90 | BULLISH_TREND,HIGH_VOLUME,STRONG_TREND
2026-01-04 12:13:10,711 | INFO | src.screener.excel_screener | BLUEDART   | Score:  34.99 | Price: Rs.5593.50 | NEAR_EMA20,HIGH_VOLUME
2026-01-04 12:13:10,712 | INFO | src.screener.excel_screener | UPL        | Score:  34.61 | Price: Rs. 804.65 | BULLISH_TREND
2026-01-04 12:13:12,213 | INFO | src.screener.excel_screener | Written 8 results to Excel: SCREENER_OUTPUT
2026-01-04 12:13:12,772 | INFO | src.screener.excel_screener | ============================================================
2026-01-04 12:13:12,773 | INFO | src.screener.excel_screener | SCREENER COMPLETE
2026-01-04 12:13:12,773 | INFO | src.screener.excel_screener | ============================================================
2026-01-04 12:13:12,802 | WARNING | src.core.engine | DUPLICATE PREVENTED: HINDALCO has pending order | order_id: ORD_HINDALCO_1767438568136 | qty: 1
2026-01-04 12:13:12,804 | WARNING | src.core.engine | DUPLICATE PREVENTED: COALINDIA has pending order | order_id: ORD_COALINDIA_1767438568523 | qty: 5
2026-01-04 12:13:12,805 | WARNING | src.core.engine | DUPLICATE PREVENTED: INDUSTOWER has pending order | order_id: ORD_INDUSTOWER_1767438569181 | qty: 2
2026-01-04 12:13:12,806 | WARNING | src.core.engine | DUPLICATE PREVENTED: UPL has pending order | order_id: ORD_UPL_1767458402625 | qty: 2
2026-01-04 12:13:13,281 | ERROR | src.strategies.market_detector | Failed to analyze market state: 'dict' object has no attribute 'candle_count'
2026-01-04 12:13:13,475 | INFO | src.core.regime_weighting | Market regime change: None → MarketRegime.VOLATILE_NEUTRAL
2026-01-04 12:13:13,476 | WARNING | src.core.regime_weighting | Regime change to MarketRegime.VOLATILE_NEUTRAL - invalidating confidence
2026-01-04 12:13:13,476 | INFO | src.core.regime_weighting | Significant weight change - Session: MID_SESSION, Regime: VOLATILE_NEUTRAL
2026-01-04 12:13:13,477 | INFO | src.core.regime_weighting |   gap_trading: 0.08 (base: 0.25)
2026-01-04 12:13:13,477 | INFO | src.core.regime_weighting |   momentum_adaptive: 0.21 (base: 0.25)
2026-01-04 12:13:13,477 | INFO | src.core.regime_weighting |   volatility_regime: 0.48 (base: 0.25)
2026-01-04 12:13:13,477 | INFO | src.core.regime_weighting |   correlation_sync: 0.23 (base: 0.25)
2026-01-04 12:13:13,477 | INFO | src.strategies.adaptive_manager | Evaluating SRF with strategies: ['gap_trading', 'momentum_adaptive', 'volatility_regime', 'correlation_sync'] | Weights: {'gap_trading': 0.07722007722007722, 'momentum_adaptive': 0.2084942084942085, 'volatility_regime': 0.4826254826254826, 'correlation_sync': 0.23166023166023164}
2026-01-04 12:13:13,631 | ERROR | src.strategies.market_detector | Failed to analyze market state: 'dict' object has no attribute 'candle_count'
2026-01-04 12:13:14,075 | INFO | src.core.engine | SRF: Adaptive strategy approved - momentum_adaptive | SL: 0.80x, Target: 2.50x, Size: 1.00x
2026-01-04 12:13:14,075 | INFO | src.core.engine | SRF: Reserving capital for proposed order - Value: Rs.3,059.50
2026-01-04 12:13:14,076 | INFO | src.core.engine | SRF: Reserved capital for proposed order - Value: Rs.3,059.50
2026-01-04 12:13:14,076 | INFO | src.core.risk_governor | Risk Governor evaluating trade: SRF x 1
2026-01-04 12:13:14,076 | INFO | src.core.risk_manager | Risk assessment for SRF: APPROVED (Score: 50.0, Level: MEDIUM)
2026-01-04 12:13:14,077 | INFO | src.core.risk_governor | Risk Governor final decision: APPROVE for SRF
2026-01-04 12:13:14,077 | INFO | src.core.engine | SRF: Risk Governor APPROVED
2026-01-04 12:13:14,080 | INFO | src.core.engine | SRF: Order created | BUY 1 @ Rs.3059.50 | SL: Rs.3016.00, Target: Rs.3195.50
2026-01-04 12:13:14,234 | INFO | src.broker.zerodha | PAPER OrderSide.BUY   1 SRF      @ ₹3059.60 | Order: PAPER-SRF-OrderSide.BUY-1767508994234
2026-01-04 12:13:14,234 | INFO | src.execution.paper | SRF: Paper order placed | OrderSide.BUY 1 @ ₹3059.60 | Order: PAPER-SRF-OrderSide.BUY-1767508994234
2026-01-04 12:13:14,234 | INFO | src.execution.adapter | SRF: Signal processed and order placed
2026-01-04 12:13:14,430 | ERROR | src.strategies.market_detector | Failed to analyze market state: 'dict' object has no attribute 'candle_count'
2026-01-04 12:13:14,577 | INFO | src.core.regime_weighting | Significant weight change - Session: MID_SESSION, Regime: VOLATILE_NEUTRAL
2026-01-04 12:13:14,577 | INFO | src.core.regime_weighting |   gap_trading: 0.08 (base: 0.25)
2026-01-04 12:13:14,578 | INFO | src.core.regime_weighting |   momentum_adaptive: 0.21 (base: 0.25)
2026-01-04 12:13:14,578 | INFO | src.core.regime_weighting |   volatility_regime: 0.48 (base: 0.25)
2026-01-04 12:13:14,578 | INFO | src.core.regime_weighting |   correlation_sync: 0.23 (base: 0.25)
2026-01-04 12:13:14,578 | INFO | src.strategies.adaptive_manager | Evaluating CUMMINSIND with strategies: ['gap_trading', 'momentum_adaptive', 'volatility_regime', 'correlation_sync'] | Weights: {'gap_trading': 0.07722007722007722, 'momentum_adaptive': 0.2084942084942085, 'volatility_regime': 0.4826254826254826, 'correlation_sync': 0.23166023166023164}
2026-01-04 12:13:14,578 | INFO | src.core.engine | CUMMINSIND: Adaptive strategy approved - momentum_adaptive | SL: 0.80x, Target: 2.50x, Size: 1.00x
2026-01-04 12:13:14,579 | INFO | src.core.engine | CUMMINSIND: Reserving capital for proposed order - Value: Rs.4,482.10
2026-01-04 12:13:14,579 | ERROR | src.core.engine | Error processing signal for CUMMINSIND: Insufficient capital. Need Rs.4482.10, have Rs.1190.50 releasing capital reservation Rs.4,482.10
2026-01-04 12:13:14,580 | WARNING | src.core.engine | DUPLICATE PREVENTED: SAREGAMA has pending order | order_id: ORD_SAREGAMA_1767438570223 | qty: 2
2026-01-04 12:13:14,749 | ERROR | src.strategies.market_detector | Failed to analyze market state: 'dict' object has no attribute 'candle_count'
2026-01-04 12:13:14,926 | INFO | src.core.regime_weighting | Market regime change: MarketRegime.VOLATILE_NEUTRAL → MarketRegime.CORRELATION_BREAKDOWN
2026-01-04 12:13:14,926 | WARNING | src.core.regime_weighting | Regime change to MarketRegime.CORRELATION_BREAKDOWN - invalidating confidence
2026-01-04 12:13:14,927 | INFO | src.strategies.adaptive_manager | Evaluating BLUEDART with strategies: ['gap_trading', 'momentum_adaptive', 'volatility_regime', 'correlation_sync'] | Weights: {'gap_trading': 0.15151515151515152, 'momentum_adaptive': 0.3636363636363636, 'volatility_regime': 0.3636363636363637, 'correlation_sync': 0.12121212121212122}
2026-01-04 12:13:14,927 | INFO | src.core.engine | BLUEDART: Adaptive strategy approved - momentum_adaptive | SL: 0.80x, Target: 2.50x, Size: 1.00x
2026-01-04 12:13:14,928 | INFO | src.core.engine | BLUEDART: Reserving capital for proposed order - Value: Rs.5,593.50
2026-01-04 12:13:14,928 | ERROR | src.core.engine | Error processing signal for BLUEDART: Insufficient capital. Need Rs.5593.50, have Rs.4250.00 releasing capital reservation Rs.5,593.50
2026-01-04 12:17:12,615 | INFO | config.enhanced_config_manager | Timing config loaded: enabled=False
2026-01-04 12:17:12,615 | INFO | src.core.risk_manager | Risk Manager initialized with comprehensive risk controls
2026-01-04 12:17:12,616 | INFO | src.screener.excel_screener | Excel screener initialized: MiniRobo.xlsx
2026-01-04 12:17:14,177 | INFO | src.screener.excel_screener | Loaded 100 enabled stocks from universe
2026-01-04 12:17:14,673 | INFO | src.core.warmup_manager | WarmupManager initialized for 10 symbols with 60 days lookback
2026-01-04 12:17:14,673 | INFO | src.core.warmup_manager | 🔥 Starting system warmup sequence...
2026-01-04 12:17:14,673 | INFO | src.core.warmup_manager |   🔄 Executing: load_market_data
2026-01-04 12:17:16,277 | INFO | src.core.warmup_manager | Market data loaded: 10/10 symbols, 430 total data points
2026-01-04 12:17:16,278 | INFO | src.core.warmup_manager |   ✅ Completed: load_market_data (1.60s, 430 data points)
2026-01-04 12:17:16,278 | INFO | src.core.warmup_manager |   🔄 Executing: calculate_indicators
2026-01-04 12:17:16,287 | ERROR | src.core.warmup_manager | Indicator calculation failed for HDFCBANK: 'high'
2026-01-04 12:17:16,288 | ERROR | src.core.warmup_manager | Indicator calculation failed for ICICIBANK: 'high'
2026-01-04 12:17:16,288 | ERROR | src.core.warmup_manager | Indicator calculation failed for KOTAKBANK: 'high'
2026-01-04 12:17:16,288 | ERROR | src.core.warmup_manager | Indicator calculation failed for AXISBANK: 'high'
2026-01-04 12:17:16,289 | ERROR | src.core.warmup_manager | Indicator calculation failed for SBIN: 'high'
2026-01-04 12:17:16,289 | ERROR | src.core.warmup_manager | Indicator calculation failed for TCS: 'high'
2026-01-04 12:17:16,289 | ERROR | src.core.warmup_manager | Indicator calculation failed for INFY: 'high'
2026-01-04 12:17:16,289 | ERROR | src.core.warmup_manager | Indicator calculation failed for HCLTECH: 'high'
2026-01-04 12:17:16,290 | ERROR | src.core.warmup_manager | Indicator calculation failed for WIPRO: 'high'
2026-01-04 12:17:16,290 | ERROR | src.core.warmup_manager | Indicator calculation failed for TECHM: input array type is not double
2026-01-04 12:17:16,290 | INFO | src.core.warmup_manager | Technical indicators calculated: 0 total indicators
2026-01-04 12:17:16,290 | INFO | src.core.warmup_manager |   ✅ Completed: calculate_indicators (0.01s, 0 data points)
2026-01-04 12:17:16,291 | INFO | src.core.warmup_manager |   🔄 Executing: warmup_timing
2026-01-04 12:17:16,975 | INFO | src.core.confidence_manager | Reactive confidence manager initialized
2026-01-04 12:17:16,975 | INFO | src.core.realtime_monitor | Real-time market monitor initialized with 60s update interval
2026-01-04 12:17:16,976 | INFO | src.core.data_risk_mitigator | Data source risk mitigator initialized
2026-01-04 12:17:16,976 | INFO | src.strategies.market_detector | Registered real-time callbacks for market events
2026-01-04 12:17:16,976 | INFO | src.core.realtime_monitor | Started monitoring 0 symbols
2026-01-04 12:17:16,976 | INFO | src.strategies.market_detector | Enhanced real-time market detector initialized
2026-01-04 12:17:16,977 | INFO | src.timing.market_regime | Unified MarketRegimeManager initialized
2026-01-04 12:17:17,398 | ERROR | src.strategies.market_detector | Failed to analyze market state: 'dict' object has no attribute 'candle_count'
2026-01-04 12:17:17,399 | INFO | src.timing.market_regime | [MARKET REGIME] SIDEWAYS | confidence=0.50 | volatility=NORMAL
2026-01-04 12:17:17,399 | INFO | src.core.warmup_manager | Timing components warmed up - Current regime: (<MarketRegime.SIDEWAYS: 'SIDEWAYS'>, 0.5)
2026-01-04 12:17:17,399 | INFO | src.core.warmup_manager |   ✅ Completed: warmup_timing (1.11s, 1 data points)
2026-01-04 12:17:17,400 | INFO | src.core.warmup_manager |   🔄 Executing: warmup_regime
2026-01-04 12:17:17,400 | ERROR | src.core.warmup_manager | Market regime warmup failed: 'close'
2026-01-04 12:17:17,400 | ERROR | src.core.warmup_manager |   ❌ Failed: warmup_regime (0.00s) - 'close'
2026-01-04 12:17:17,400 | INFO | src.core.warmup_manager |   🔄 Executing: warmup_strategies
2026-01-04 12:17:17,400 | INFO | src.core.confidence_manager | Reactive confidence manager initialized
2026-01-04 12:17:17,401 | INFO | src.core.realtime_monitor | Real-time market monitor initialized with 60s update interval
2026-01-04 12:17:17,401 | INFO | src.core.data_risk_mitigator | Data source risk mitigator initialized
2026-01-04 12:17:17,401 | INFO | src.strategies.market_detector | Registered real-time callbacks for market events
2026-01-04 12:17:17,401 | INFO | src.core.realtime_monitor | Started monitoring 0 symbols
2026-01-04 12:17:17,402 | INFO | src.strategies.market_detector | Enhanced real-time market detector initialized
2026-01-04 12:17:17,402 | INFO | src.core.regime_weighting | Regime-aware strategy weighting system initialized
2026-01-04 12:17:17,402 | INFO | src.strategies.gap_trading | Gap trading strategy initialized
2026-01-04 12:17:17,402 | INFO | src.strategies.momentum_adaptive | Momentum adaptive strategy initialized
2026-01-04 12:17:17,402 | INFO | src.strategies.volatility_regime | Volatility regime strategy initialized
2026-01-04 12:17:17,403 | INFO | src.core.confidence_manager | Reactive confidence manager initialized
2026-01-04 12:17:17,403 | INFO | src.strategies.correlation_sync | Correlation sync strategy initialized with reactive confidence management
2026-01-04 12:17:17,403 | INFO | src.strategies.adaptive_manager | Adaptive strategy manager initialized with regime-aware weighting in AUTO mode
2026-01-04 12:17:17,403 | WARNING | src.core.warmup_manager | Strategy warmup failed for HDFCBANK: 'close'
2026-01-04 12:17:17,404 | WARNING | src.core.warmup_manager | Strategy warmup failed for ICICIBANK: 'close'
2026-01-04 12:17:17,404 | WARNING | src.core.warmup_manager | Strategy warmup failed for KOTAKBANK: 'close'
2026-01-04 12:17:17,404 | INFO | src.core.warmup_manager | Strategy managers warmed up for 0 symbols
2026-01-04 12:17:17,404 | INFO | src.core.warmup_manager |   ✅ Completed: warmup_strategies (0.00s, 0 data points)
2026-01-04 12:17:17,404 | INFO | src.core.warmup_manager |   🔄 Executing: validate_warmup
2026-01-04 12:17:17,405 | ERROR | src.core.warmup_manager | Warmup validation failed: No indicators calculated
2026-01-04 12:17:17,405 | ERROR | src.core.warmup_manager |   ❌ Failed: validate_warmup (0.00s) - No indicators calculated
2026-01-04 12:17:17,405 | ERROR | src.core.warmup_manager | ❌ Warmup FAILED with 2 task failures
2026-01-04 12:17:17,405 | INFO | src.core.warmup_manager | ============================================================
2026-01-04 12:17:17,406 | INFO | src.core.warmup_manager | WARMUP SUMMARY
2026-01-04 12:17:17,406 | INFO | src.core.warmup_manager | ============================================================
2026-01-04 12:17:17,406 | INFO | src.core.warmup_manager | Status: FAILED
2026-01-04 12:17:17,406 | INFO | src.core.warmup_manager | Duration: 2.73 seconds
2026-01-04 12:17:17,406 | INFO | src.core.warmup_manager | Symbols warmed: 10/10
2026-01-04 12:17:17,407 | INFO | src.core.warmup_manager | Tasks completed: 4/6
2026-01-04 12:17:17,407 | INFO | src.core.warmup_manager | Failed tasks: 2
2026-01-04 12:17:17,407 | ERROR | src.core.warmup_manager |   - warmup_regime: 'close'
2026-01-04 12:17:17,407 | ERROR | src.core.warmup_manager |   - validate_warmup: No indicators calculated
2026-01-04 12:17:17,407 | INFO | src.core.warmup_manager | Indicator Status:
2026-01-04 12:17:17,408 | INFO | src.core.warmup_manager |   ❌ SMA_20
2026-01-04 12:17:17,408 | INFO | src.core.warmup_manager |   ❌ SMA_50
2026-01-04 12:17:17,408 | INFO | src.core.warmup_manager |   ❌ EMA_12
2026-01-04 12:17:17,408 | INFO | src.core.warmup_manager |   ❌ EMA_26
2026-01-04 12:17:17,409 | INFO | src.core.warmup_manager |   ❌ RSI_14
2026-01-04 12:17:17,409 | INFO | src.core.warmup_manager |   ❌ MACD
2026-01-04 12:17:17,409 | INFO | src.core.warmup_manager |   ❌ ATR_14
2026-01-04 12:17:17,409 | INFO | src.core.warmup_manager |   ❌ BOLLINGER_BANDS
2026-01-04 12:17:17,409 | INFO | src.core.warmup_manager | ============================================================
2026-01-04 12:17:17,410 | INFO | src.utils.sector_manager | Sector manager initialized
2026-01-04 12:17:17,410 | INFO | src.core.risk_manager | Risk Manager initialized with comprehensive risk controls
2026-01-04 12:17:17,410 | INFO | src.core.risk_governor | Added risk rule: EmergencyStop (priority: 5)
2026-01-04 12:17:17,410 | INFO | src.core.risk_governor | Added risk rule: MarketHours (priority: 10)
2026-01-04 12:17:17,410 | INFO | src.core.risk_governor | Added risk rule: DailyLossLimit (priority: 15)
2026-01-04 12:17:17,411 | INFO | src.core.risk_governor | Added risk rule: VolatilityAdjustment (priority: 25)
2026-01-04 12:17:17,411 | INFO | src.core.risk_governor | Risk Governor initialized with 4 risk rules
2026-01-04 12:17:17,411 | INFO | src.core.warmup_manager | WarmupManager initialized for 100 symbols with 60 days lookback
2026-01-04 12:17:17,411 | INFO | src.core.confidence_manager | Reactive confidence manager initialized
2026-01-04 12:17:17,411 | INFO | src.core.realtime_monitor | Real-time market monitor initialized with 60s update interval
2026-01-04 12:17:17,411 | INFO | src.core.data_risk_mitigator | Data source risk mitigator initialized
2026-01-04 12:17:17,411 | INFO | src.strategies.market_detector | Registered real-time callbacks for market events
2026-01-04 12:17:17,411 | INFO | src.core.realtime_monitor | Started monitoring 0 symbols
2026-01-04 12:17:17,411 | INFO | src.strategies.market_detector | Enhanced real-time market detector initialized
2026-01-04 12:17:17,412 | INFO | src.core.regime_weighting | Regime-aware strategy weighting system initialized
2026-01-04 12:17:17,412 | INFO | src.strategies.gap_trading | Gap trading strategy initialized
2026-01-04 12:17:17,412 | INFO | src.strategies.momentum_adaptive | Momentum adaptive strategy initialized
2026-01-04 12:17:17,412 | INFO | src.strategies.volatility_regime | Volatility regime strategy initialized
2026-01-04 12:17:17,412 | INFO | src.core.confidence_manager | Reactive confidence manager initialized
2026-01-04 12:17:17,412 | INFO | src.strategies.correlation_sync | Correlation sync strategy initialized with reactive confidence management
2026-01-04 12:17:17,412 | INFO | src.strategies.adaptive_manager | Adaptive strategy manager initialized with regime-aware weighting in AUTO mode
2026-01-04 12:17:17,412 | INFO | src.core.engine | Adaptive strategies initialized successfully
2026-01-04 12:17:17,412 | INFO | src.core.engine | Trading engine initialized with timing intelligence disabled
2026-01-04 12:17:17,412 | INFO | src.core.engine | Trading engine initialized with enhanced risk management
2026-01-04 12:17:17,413 | INFO | src.execution.adapter | Initialized PAPER execution adapter
2026-01-04 12:17:17,413 | INFO | src.broker.zerodha | ZerodhaBroker initialized in PAPER mode
2026-01-04 12:17:17,413 | INFO | src.broker.zerodha | Paper trading: No real connection required
2026-01-04 12:17:17,413 | INFO | src.execution.paper | Paper trading initialized
2026-01-04 12:17:17,413 | INFO | src.execution.paper | Paper trading mode initialized
2026-01-04 12:17:17,416 | INFO | src.core.system_arming | Added kill switch: emergency_file (Critical)
2026-01-04 12:17:17,416 | INFO | src.core.system_arming | Added kill switch: daily_loss_limit (Critical)
2026-01-04 12:17:17,416 | INFO | src.core.system_arming | Added kill switch: capital_availability (Critical)
2026-01-04 12:17:17,416 | INFO | src.core.system_arming | Added kill switch: market_hours (Non-critical)
2026-01-04 12:17:17,417 | INFO | src.core.system_arming | Added kill switch: system_health (Critical)
2026-01-04 12:17:17,417 | INFO | src.core.system_arming | Added kill switch: config_integrity (Critical)
2026-01-04 12:17:17,417 | INFO | src.core.system_arming | Added kill switch: state_integrity (Critical)
2026-01-04 12:17:17,417 | INFO | src.core.system_arming | System Arming initialized with 7 kill switches
2026-01-04 12:17:17,417 | INFO | src.core.system_arming | Starting system arming sequence...
2026-01-04 12:17:17,417 | ERROR | src.core.system_arming | Capital availability check failed: 'CapitalParameters' object has no attribute 'max_position_value'
2026-01-04 12:17:17,417 | ERROR | src.core.system_arming | Critical safety check failed: capital_availability
2026-01-04 12:17:21,553 | INFO | src.core.system_arming | Starting system arming sequence...
2026-01-04 12:17:21,553 | ERROR | src.core.system_arming | Capital availability check failed: 'CapitalParameters' object has no attribute 'max_position_value'
2026-01-04 12:17:21,555 | INFO | src.core.system_arming | 🔒 SYSTEM ARMED at 12:17:21
2026-01-04 12:17:21,556 | WARNING | src.core.system_arming | ⚠️  FORCE ARMED with 1 critical failures!
2026-01-04 12:17:21,556 | WARNING | src.core.engine | No regime manager available
2026-01-04 12:17:21,556 | INFO | src.screener.excel_screener | ============================================================
2026-01-04 12:17:21,557 | INFO | src.screener.excel_screener | STARTING EXCEL-DRIVEN SCREENER
2026-01-04 12:17:21,557 | INFO | src.screener.excel_screener | ============================================================
2026-01-04 12:17:22,896 | INFO | src.screener.excel_screener | Loaded 14 screener rules
2026-01-04 12:17:23,436 | INFO | src.screener.excel_screener | 
 ACTIVE FILTER RULES:
2026-01-04 12:17:24,894 | INFO | src.screener.excel_screener | Loaded 100 enabled stocks from universe
2026-01-04 12:17:26,761 | INFO | src.screener.excel_screener | Loaded sector mapping for 100 symbols
2026-01-04 12:17:27,394 | INFO | src.screener.excel_screener | Market Trend: BULLISH
2026-01-04 12:17:27,433 | INFO | src.screener.excel_screener | Successfully fetched data for 100/100 symbols
2026-01-04 12:17:27,433 | INFO | src.screener.excel_screener | Bulk data received: 100 symbols with data
2026-01-04 12:17:27,592 | INFO | src.screener.excel_screener | Starting screening of 100 symbols. Bulk data has 100 entries
2026-01-04 12:17:27,979 | INFO | src.screener.excel_screener | 
📊 REJECTION STATISTICS:
2026-01-04 12:17:27,979 | INFO | src.screener.excel_screener |    Total Processed: 100
2026-01-04 12:17:27,979 | INFO | src.screener.excel_screener |    Passed: 26
2026-01-04 12:17:27,980 | INFO | src.screener.excel_screener |    Rejected: 74
2026-01-04 12:17:27,980 | INFO | src.screener.excel_screener | 
   Top Rejection Reasons:
2026-01-04 12:17:27,980 | INFO | src.screener.excel_screener | Metrics calculated: 100, Passed: 26, Rejected: 74, Insufficient bars: 0, Missing data: 0
2026-01-04 12:17:27,981 | INFO | src.screener.excel_screener | Max trades (adjusted for BULLISH): 8
2026-01-04 12:17:27,982 | INFO | src.screener.excel_screener | 
============================================================
2026-01-04 12:17:27,982 | INFO | src.screener.excel_screener | TOP PICKS:
2026-01-04 12:17:27,982 | INFO | src.screener.excel_screener | ============================================================
2026-01-04 12:17:27,983 | INFO | src.screener.excel_screener | INDUSTOWER | Score:  47.37 | Price: Rs. 442.05 | BULLISH_TREND,HIGH_VOLUME,STRONG_TREND
2026-01-04 12:17:27,983 | INFO | src.screener.excel_screener | HINDALCO   | Score:  42.61 | Price: Rs. 925.70 | BULLISH_TREND,HIGH_VOLUME,STRONG_TREND
2026-01-04 12:17:27,983 | INFO | src.screener.excel_screener | COALINDIA  | Score:  39.61 | Price: Rs. 427.90 | BULLISH_TREND,HIGH_VOLUME,STRONG_TREND
2026-01-04 12:17:27,984 | INFO | src.screener.excel_screener | BLUEDART   | Score:  34.99 | Price: Rs.5593.50 | NEAR_EMA20,HIGH_VOLUME
2026-01-04 12:17:27,984 | INFO | src.screener.excel_screener | UPL        | Score:  34.61 | Price: Rs. 804.65 | BULLISH_TREND
2026-01-04 12:17:29,629 | INFO | src.screener.excel_screener | Written 8 results to Excel: SCREENER_OUTPUT
2026-01-04 12:17:30,185 | INFO | src.screener.excel_screener | ============================================================
2026-01-04 12:17:30,185 | INFO | src.screener.excel_screener | SCREENER COMPLETE
2026-01-04 12:17:30,186 | INFO | src.screener.excel_screener | ============================================================
2026-01-04 12:17:30,189 | WARNING | src.core.engine | DUPLICATE PREVENTED: HINDALCO has pending order | order_id: ORD_HINDALCO_1767438568136 | qty: 1
2026-01-04 12:17:30,190 | WARNING | src.core.engine | DUPLICATE PREVENTED: COALINDIA has pending order | order_id: ORD_COALINDIA_1767438568523 | qty: 5
2026-01-04 12:17:30,191 | WARNING | src.core.engine | DUPLICATE PREVENTED: INDUSTOWER has pending order | order_id: ORD_INDUSTOWER_1767438569181 | qty: 2
2026-01-04 12:17:30,192 | WARNING | src.core.engine | DUPLICATE PREVENTED: UPL has pending order | order_id: ORD_UPL_1767458402625 | qty: 2
2026-01-04 12:17:30,194 | WARNING | src.core.engine | DUPLICATE PREVENTED: SRF has pending order | order_id: ORD_SRF_1767508994077 | qty: 1
2026-01-04 12:17:30,792 | ERROR | src.strategies.market_detector | Failed to analyze market state: 'dict' object has no attribute 'candle_count'
2026-01-04 12:17:31,016 | INFO | src.core.regime_weighting | Market regime change: None → MarketRegime.VOLATILE_NEUTRAL
2026-01-04 12:17:31,017 | WARNING | src.core.regime_weighting | Regime change to MarketRegime.VOLATILE_NEUTRAL - invalidating confidence
2026-01-04 12:17:31,017 | INFO | src.core.regime_weighting | Significant weight change - Session: MID_SESSION, Regime: VOLATILE_NEUTRAL
2026-01-04 12:17:31,017 | INFO | src.core.regime_weighting |   gap_trading: 0.08 (base: 0.25)
2026-01-04 12:17:31,017 | INFO | src.core.regime_weighting |   momentum_adaptive: 0.21 (base: 0.25)
2026-01-04 12:17:31,018 | INFO | src.core.regime_weighting |   volatility_regime: 0.48 (base: 0.25)
2026-01-04 12:17:31,018 | INFO | src.core.regime_weighting |   correlation_sync: 0.23 (base: 0.25)
2026-01-04 12:17:31,018 | INFO | src.strategies.adaptive_manager | Evaluating CUMMINSIND with strategies: ['gap_trading', 'momentum_adaptive', 'volatility_regime', 'correlation_sync'] | Weights: {'gap_trading': 0.07722007722007722, 'momentum_adaptive': 0.2084942084942085, 'volatility_regime': 0.4826254826254826, 'correlation_sync': 0.23166023166023164}
2026-01-04 12:17:31,088 | ERROR | src.strategies.market_detector | Failed to analyze market state: 'dict' object has no attribute 'candle_count'
2026-01-04 12:17:31,524 | INFO | src.core.engine | CUMMINSIND: Adaptive strategy approved - momentum_adaptive | SL: 0.80x, Target: 2.50x, Size: 1.00x
2026-01-04 12:17:31,524 | INFO | src.core.engine | CUMMINSIND: Reserving capital for proposed order - Value: Rs.4,482.10
2026-01-04 12:17:31,525 | ERROR | src.core.engine | Error processing signal for CUMMINSIND: Insufficient capital. Need Rs.4482.10, have Rs.4250.00 releasing capital reservation Rs.4,482.10
2026-01-04 12:17:31,526 | WARNING | src.core.engine | DUPLICATE PREVENTED: SAREGAMA has pending order | order_id: ORD_SAREGAMA_1767438570223 | qty: 2
2026-01-04 12:17:31,688 | ERROR | src.strategies.market_detector | Failed to analyze market state: 'dict' object has no attribute 'candle_count'
2026-01-04 12:17:31,899 | INFO | src.core.regime_weighting | Market regime change: MarketRegime.VOLATILE_NEUTRAL → MarketRegime.CORRELATION_BREAKDOWN
2026-01-04 12:17:31,899 | WARNING | src.core.regime_weighting | Regime change to MarketRegime.CORRELATION_BREAKDOWN - invalidating confidence
2026-01-04 12:17:31,900 | INFO | src.strategies.adaptive_manager | Evaluating BLUEDART with strategies: ['gap_trading', 'momentum_adaptive', 'volatility_regime', 'correlation_sync'] | Weights: {'gap_trading': 0.15151515151515152, 'momentum_adaptive': 0.3636363636363636, 'volatility_regime': 0.3636363636363637, 'correlation_sync': 0.12121212121212122}
2026-01-04 12:17:31,900 | INFO | src.core.engine | BLUEDART: Adaptive strategy approved - momentum_adaptive | SL: 0.80x, Target: 2.50x, Size: 1.00x
2026-01-04 12:17:31,900 | INFO | src.core.engine | BLUEDART: Reserving capital for proposed order - Value: Rs.5,593.50
2026-01-04 12:17:31,901 | ERROR | src.core.engine | Error processing signal for BLUEDART: Insufficient capital. Need Rs.5593.50, have Rs.4250.00 releasing capital reservation Rs.5,593.50
2026-01-04 12:29:31,483 | INFO | config.enhanced_config_manager | Timing config loaded: enabled=False
2026-01-04 12:29:31,484 | INFO | src.core.risk_manager | Risk Manager initialized with comprehensive risk controls
2026-01-04 12:29:31,485 | INFO | src.screener.excel_screener | Excel screener initialized: MiniRobo.xlsx
2026-01-04 12:29:33,153 | INFO | src.screener.excel_screener | Loaded 100 enabled stocks from universe
2026-01-04 12:29:33,699 | INFO | src.core.warmup_manager | WarmupManager initialized for 10 symbols with 60 days lookback
2026-01-04 12:29:33,699 | INFO | src.core.warmup_manager | 🔥 Starting system warmup sequence...
2026-01-04 12:29:33,699 | INFO | src.core.warmup_manager |   🔄 Executing: load_market_data
2026-01-04 12:29:41,365 | INFO | src.core.warmup_manager | Market data loaded: 10/10 symbols, 430 total data points
2026-01-04 12:29:41,365 | INFO | src.core.warmup_manager |   ✅ Completed: load_market_data (7.67s, 430 data points)
2026-01-04 12:29:41,366 | INFO | src.core.warmup_manager |   🔄 Executing: calculate_indicators
2026-01-04 12:29:41,421 | ERROR | src.core.warmup_manager | Indicator calculation failed for HDFCBANK: 'high'
2026-01-04 12:29:41,421 | ERROR | src.core.warmup_manager | Indicator calculation failed for ICICIBANK: 'high'
2026-01-04 12:29:41,422 | ERROR | src.core.warmup_manager | Indicator calculation failed for KOTAKBANK: 'high'
2026-01-04 12:29:41,422 | ERROR | src.core.warmup_manager | Indicator calculation failed for AXISBANK: 'high'
2026-01-04 12:29:41,422 | ERROR | src.core.warmup_manager | Indicator calculation failed for SBIN: 'high'
2026-01-04 12:29:41,422 | ERROR | src.core.warmup_manager | Indicator calculation failed for TCS: 'high'
2026-01-04 12:29:41,422 | ERROR | src.core.warmup_manager | Indicator calculation failed for INFY: 'high'
2026-01-04 12:29:41,422 | ERROR | src.core.warmup_manager | Indicator calculation failed for HCLTECH: 'high'
2026-01-04 12:29:41,423 | ERROR | src.core.warmup_manager | Indicator calculation failed for WIPRO: 'high'
2026-01-04 12:29:41,423 | ERROR | src.core.warmup_manager | Indicator calculation failed for TECHM: input array type is not double
2026-01-04 12:29:41,423 | INFO | src.core.warmup_manager | Technical indicators calculated: 0 total indicators
2026-01-04 12:29:41,423 | INFO | src.core.warmup_manager |   ✅ Completed: calculate_indicators (0.06s, 0 data points)
2026-01-04 12:29:41,423 | INFO | src.core.warmup_manager |   🔄 Executing: warmup_timing
2026-01-04 12:29:48,628 | INFO | src.core.confidence_manager | Reactive confidence manager initialized
2026-01-04 12:29:48,628 | INFO | src.core.realtime_monitor | Real-time market monitor initialized with 60s update interval
2026-01-04 12:29:48,629 | INFO | src.core.data_risk_mitigator | Data source risk mitigator initialized
2026-01-04 12:29:48,629 | INFO | src.strategies.market_detector | Registered real-time callbacks for market events
2026-01-04 12:29:48,630 | INFO | src.core.realtime_monitor | Started monitoring 0 symbols
2026-01-04 12:29:48,630 | INFO | src.strategies.market_detector | Enhanced real-time market detector initialized
2026-01-04 12:29:48,630 | INFO | src.timing.market_regime | Unified MarketRegimeManager initialized
2026-01-04 12:29:49,129 | ERROR | src.strategies.market_detector | Failed to analyze market state: 'dict' object has no attribute 'candle_count'
2026-01-04 12:29:49,130 | INFO | src.timing.market_regime | [MARKET REGIME] SIDEWAYS | confidence=0.50 | volatility=NORMAL
2026-01-04 12:29:49,130 | INFO | src.core.warmup_manager | Timing components warmed up - Current regime: (<MarketRegime.SIDEWAYS: 'SIDEWAYS'>, 0.5)
2026-01-04 12:29:49,130 | INFO | src.core.warmup_manager |   ✅ Completed: warmup_timing (7.71s, 1 data points)
2026-01-04 12:29:49,130 | INFO | src.core.warmup_manager |   🔄 Executing: warmup_regime
2026-01-04 12:29:49,131 | ERROR | src.core.warmup_manager | Market regime warmup failed: 'close'
2026-01-04 12:29:49,131 | ERROR | src.core.warmup_manager |   ❌ Failed: warmup_regime (0.00s) - 'close'
2026-01-04 12:29:49,131 | INFO | src.core.warmup_manager |   🔄 Executing: warmup_strategies
2026-01-04 12:29:49,131 | INFO | src.core.confidence_manager | Reactive confidence manager initialized
2026-01-04 12:29:49,132 | INFO | src.core.realtime_monitor | Real-time market monitor initialized with 60s update interval
2026-01-04 12:29:49,132 | INFO | src.core.data_risk_mitigator | Data source risk mitigator initialized
2026-01-04 12:29:49,132 | INFO | src.strategies.market_detector | Registered real-time callbacks for market events
2026-01-04 12:29:49,132 | INFO | src.core.realtime_monitor | Started monitoring 0 symbols
2026-01-04 12:29:49,132 | INFO | src.strategies.market_detector | Enhanced real-time market detector initialized
2026-01-04 12:29:49,133 | INFO | src.core.regime_weighting | Regime-aware strategy weighting system initialized
2026-01-04 12:29:49,133 | INFO | src.strategies.gap_trading | Gap trading strategy initialized
2026-01-04 12:29:49,133 | INFO | src.strategies.momentum_adaptive | Momentum adaptive strategy initialized
2026-01-04 12:29:49,133 | INFO | src.strategies.volatility_regime | Volatility regime strategy initialized
2026-01-04 12:29:49,133 | INFO | src.core.confidence_manager | Reactive confidence manager initialized
2026-01-04 12:29:49,133 | INFO | src.strategies.correlation_sync | Correlation sync strategy initialized with reactive confidence management
2026-01-04 12:29:49,134 | INFO | src.strategies.adaptive_manager | Adaptive strategy manager initialized with regime-aware weighting in AUTO mode
2026-01-04 12:29:49,134 | WARNING | src.core.warmup_manager | Strategy warmup failed for HDFCBANK: 'close'
2026-01-04 12:29:49,134 | WARNING | src.core.warmup_manager | Strategy warmup failed for ICICIBANK: 'close'
2026-01-04 12:29:49,135 | WARNING | src.core.warmup_manager | Strategy warmup failed for KOTAKBANK: 'close'
2026-01-04 12:29:49,135 | INFO | src.core.warmup_manager | Strategy managers warmed up for 0 symbols
2026-01-04 12:29:49,135 | INFO | src.core.warmup_manager |   ✅ Completed: warmup_strategies (0.00s, 0 data points)
2026-01-04 12:29:49,135 | INFO | src.core.warmup_manager |   🔄 Executing: validate_warmup
2026-01-04 12:29:49,135 | ERROR | src.core.warmup_manager | Warmup validation failed: No indicators calculated
2026-01-04 12:29:49,136 | ERROR | src.core.warmup_manager |   ❌ Failed: validate_warmup (0.00s) - No indicators calculated
2026-01-04 12:29:49,136 | ERROR | src.core.warmup_manager | ❌ Warmup FAILED with 2 task failures
2026-01-04 12:29:49,136 | INFO | src.core.warmup_manager | ============================================================
2026-01-04 12:29:49,136 | INFO | src.core.warmup_manager | WARMUP SUMMARY
2026-01-04 12:29:49,136 | INFO | src.core.warmup_manager | ============================================================
2026-01-04 12:29:49,136 | INFO | src.core.warmup_manager | Status: FAILED
2026-01-04 12:29:49,137 | INFO | src.core.warmup_manager | Duration: 15.44 seconds
2026-01-04 12:29:49,137 | INFO | src.core.warmup_manager | Symbols warmed: 10/10
2026-01-04 12:29:49,137 | INFO | src.core.warmup_manager | Tasks completed: 4/6
2026-01-04 12:29:49,137 | INFO | src.core.warmup_manager | Failed tasks: 2
2026-01-04 12:29:49,137 | ERROR | src.core.warmup_manager |   - warmup_regime: 'close'
2026-01-04 12:29:49,137 | ERROR | src.core.warmup_manager |   - validate_warmup: No indicators calculated
2026-01-04 12:29:49,138 | INFO | src.core.warmup_manager | Indicator Status:
2026-01-04 12:29:49,138 | INFO | src.core.warmup_manager |   ❌ SMA_20
2026-01-04 12:29:49,138 | INFO | src.core.warmup_manager |   ❌ SMA_50
2026-01-04 12:29:49,138 | INFO | src.core.warmup_manager |   ❌ EMA_12
2026-01-04 12:29:49,138 | INFO | src.core.warmup_manager |   ❌ EMA_26
2026-01-04 12:29:49,139 | INFO | src.core.warmup_manager |   ❌ RSI_14
2026-01-04 12:29:49,139 | INFO | src.core.warmup_manager |   ❌ MACD
2026-01-04 12:29:49,139 | INFO | src.core.warmup_manager |   ❌ ATR_14
2026-01-04 12:29:49,139 | INFO | src.core.warmup_manager |   ❌ BOLLINGER_BANDS
2026-01-04 12:29:49,139 | INFO | src.core.warmup_manager | ============================================================
2026-01-04 12:29:49,140 | INFO | src.utils.sector_manager | Sector manager initialized
2026-01-04 12:29:49,140 | INFO | src.core.risk_manager | Risk Manager initialized with comprehensive risk controls
2026-01-04 12:29:49,140 | INFO | src.core.risk_governor | Added risk rule: EmergencyStop (priority: 5)
2026-01-04 12:29:49,140 | INFO | src.core.risk_governor | Added risk rule: MarketHours (priority: 10)
2026-01-04 12:29:49,140 | INFO | src.core.risk_governor | Added risk rule: DailyLossLimit (priority: 15)
2026-01-04 12:29:49,141 | INFO | src.core.risk_governor | Added risk rule: VolatilityAdjustment (priority: 25)
2026-01-04 12:29:49,141 | INFO | src.core.risk_governor | Risk Governor initialized with 4 risk rules
2026-01-04 12:29:49,141 | INFO | src.core.warmup_manager | WarmupManager initialized for 100 symbols with 60 days lookback
2026-01-04 12:29:49,141 | INFO | src.core.confidence_manager | Reactive confidence manager initialized
2026-01-04 12:29:49,141 | INFO | src.core.realtime_monitor | Real-time market monitor initialized with 60s update interval
2026-01-04 12:29:49,141 | INFO | src.core.data_risk_mitigator | Data source risk mitigator initialized
2026-01-04 12:29:49,141 | INFO | src.strategies.market_detector | Registered real-time callbacks for market events
2026-01-04 12:29:49,142 | INFO | src.core.realtime_monitor | Started monitoring 0 symbols
2026-01-04 12:29:49,142 | INFO | src.strategies.market_detector | Enhanced real-time market detector initialized
2026-01-04 12:29:49,142 | INFO | src.core.regime_weighting | Regime-aware strategy weighting system initialized
2026-01-04 12:29:49,142 | INFO | src.strategies.gap_trading | Gap trading strategy initialized
2026-01-04 12:29:49,142 | INFO | src.strategies.momentum_adaptive | Momentum adaptive strategy initialized
2026-01-04 12:29:49,142 | INFO | src.strategies.volatility_regime | Volatility regime strategy initialized
2026-01-04 12:29:49,143 | INFO | src.core.confidence_manager | Reactive confidence manager initialized
2026-01-04 12:29:49,143 | INFO | src.strategies.correlation_sync | Correlation sync strategy initialized with reactive confidence management
2026-01-04 12:29:49,143 | INFO | src.strategies.adaptive_manager | Adaptive strategy manager initialized with regime-aware weighting in AUTO mode
2026-01-04 12:29:49,143 | INFO | src.core.engine | Adaptive strategies initialized successfully
2026-01-04 12:29:49,143 | INFO | src.core.engine | Trading engine initialized with timing intelligence disabled
2026-01-04 12:29:49,144 | INFO | src.core.engine | Trading engine initialized with enhanced risk management
2026-01-04 12:29:49,144 | INFO | src.execution.adapter | Initialized PAPER execution adapter
2026-01-04 12:29:49,144 | INFO | src.broker.zerodha | ZerodhaBroker initialized in PAPER mode
2026-01-04 12:29:49,144 | INFO | src.broker.zerodha | Paper trading: No real connection required
2026-01-04 12:29:49,144 | INFO | src.execution.paper | Paper trading initialized
2026-01-04 12:29:49,145 | INFO | src.execution.paper | Paper trading mode initialized
2026-01-04 12:29:49,149 | INFO | src.core.system_arming | Added kill switch: emergency_file (Critical)
2026-01-04 12:29:49,150 | INFO | src.core.system_arming | Added kill switch: daily_loss_limit (Critical)
2026-01-04 12:29:49,150 | INFO | src.core.system_arming | Added kill switch: capital_availability (Critical)
2026-01-04 12:29:49,150 | INFO | src.core.system_arming | Added kill switch: market_hours (Non-critical)
2026-01-04 12:29:49,150 | INFO | src.core.system_arming | Added kill switch: system_health (Critical)
2026-01-04 12:29:49,150 | INFO | src.core.system_arming | Added kill switch: config_integrity (Critical)
2026-01-04 12:29:49,150 | INFO | src.core.system_arming | Added kill switch: state_integrity (Critical)
2026-01-04 12:29:49,151 | INFO | src.core.system_arming | System Arming initialized with 7 kill switches
2026-01-04 12:29:49,151 | INFO | src.core.system_arming | Starting system arming sequence...
2026-01-04 12:29:49,151 | ERROR | src.core.system_arming | Capital availability check failed: 'CapitalParameters' object has no attribute 'max_position_value'
2026-01-04 12:29:49,151 | ERROR | src.core.system_arming | Critical safety check failed: capital_availability
2026-01-04 15:40:01,184 | INFO | config.enhanced_config_manager | Timing config loaded: enabled=False
2026-01-04 15:40:01,188 | INFO | src.core.risk_manager | Risk Manager initialized with comprehensive risk controls
2026-01-04 15:40:01,188 | INFO | src.screener.excel_screener | Excel screener initialized: MiniRobo.xlsx
2026-01-04 15:40:03,610 | INFO | src.screener.excel_screener | Loaded 100 enabled stocks from universe
2026-01-04 15:40:04,250 | INFO | src.core.warmup_manager | WarmupManager initialized for 10 symbols with 60 days lookback
2026-01-04 15:40:04,250 | INFO | src.core.warmup_manager | 🔥 Starting system warmup sequence...
2026-01-04 15:40:04,251 | INFO | src.core.warmup_manager |   🔄 Executing: load_market_data
2026-01-04 15:40:11,265 | INFO | src.core.warmup_manager | Market data loaded: 10/10 symbols, 430 total data points
2026-01-04 15:40:11,266 | INFO | src.core.warmup_manager |   ✅ Completed: load_market_data (7.01s, 430 data points)
2026-01-04 15:40:11,266 | INFO | src.core.warmup_manager |   🔄 Executing: calculate_indicators
2026-01-04 15:40:11,322 | ERROR | src.core.warmup_manager | Indicator calculation failed for HDFCBANK: 'high'
2026-01-04 15:40:11,322 | ERROR | src.core.warmup_manager | Indicator calculation failed for ICICIBANK: 'high'
2026-01-04 15:40:11,322 | ERROR | src.core.warmup_manager | Indicator calculation failed for KOTAKBANK: 'high'
2026-01-04 15:40:11,322 | ERROR | src.core.warmup_manager | Indicator calculation failed for AXISBANK: 'high'
2026-01-04 15:40:11,322 | ERROR | src.core.warmup_manager | Indicator calculation failed for SBIN: 'high'
2026-01-04 15:40:11,323 | ERROR | src.core.warmup_manager | Indicator calculation failed for TCS: 'high'
2026-01-04 15:40:11,323 | ERROR | src.core.warmup_manager | Indicator calculation failed for INFY: 'high'
2026-01-04 15:40:11,323 | ERROR | src.core.warmup_manager | Indicator calculation failed for HCLTECH: 'high'
2026-01-04 15:40:11,323 | ERROR | src.core.warmup_manager | Indicator calculation failed for WIPRO: 'high'
2026-01-04 15:40:11,323 | ERROR | src.core.warmup_manager | Indicator calculation failed for TECHM: input array type is not double
2026-01-04 15:40:11,324 | INFO | src.core.warmup_manager | Technical indicators calculated: 0 total indicators
2026-01-04 15:40:11,324 | INFO | src.core.warmup_manager |   ✅ Completed: calculate_indicators (0.06s, 0 data points)
2026-01-04 15:40:11,324 | INFO | src.core.warmup_manager |   🔄 Executing: warmup_timing
2026-01-04 15:40:18,052 | INFO | src.core.confidence_manager | Reactive confidence manager initialized
2026-01-04 15:40:18,052 | INFO | src.core.realtime_monitor | Real-time market monitor initialized with 60s update interval
2026-01-04 15:40:18,053 | INFO | src.core.data_risk_mitigator | Data source risk mitigator initialized
2026-01-04 15:40:18,053 | INFO | src.strategies.market_detector | Registered real-time callbacks for market events
2026-01-04 15:40:18,053 | INFO | src.core.realtime_monitor | Started monitoring 0 symbols
2026-01-04 15:40:18,053 | INFO | src.strategies.market_detector | Enhanced real-time market detector initialized
2026-01-04 15:40:18,053 | INFO | src.timing.market_regime | Unified MarketRegimeManager initialized
2026-01-04 15:40:18,466 | ERROR | src.strategies.market_detector | Failed to analyze market state: 'dict' object has no attribute 'candle_count'
2026-01-04 15:40:18,466 | INFO | src.timing.market_regime | [MARKET REGIME] SIDEWAYS | confidence=0.50 | volatility=NORMAL
2026-01-04 15:40:18,466 | INFO | src.core.warmup_manager | Timing components warmed up - Current regime: (<MarketRegime.SIDEWAYS: 'SIDEWAYS'>, 0.5)
2026-01-04 15:40:18,466 | INFO | src.core.warmup_manager |   ✅ Completed: warmup_timing (7.14s, 1 data points)
2026-01-04 15:40:18,467 | INFO | src.core.warmup_manager |   🔄 Executing: warmup_regime
2026-01-04 15:40:18,467 | ERROR | src.core.warmup_manager | Market regime warmup failed: 'close'
2026-01-04 15:40:18,467 | ERROR | src.core.warmup_manager |   ❌ Failed: warmup_regime (0.00s) - 'close'
2026-01-04 15:40:18,467 | INFO | src.core.warmup_manager |   🔄 Executing: warmup_strategies
2026-01-04 15:40:18,467 | INFO | src.core.confidence_manager | Reactive confidence manager initialized
2026-01-04 15:40:18,467 | INFO | src.core.realtime_monitor | Real-time market monitor initialized with 60s update interval
2026-01-04 15:40:18,468 | INFO | src.core.data_risk_mitigator | Data source risk mitigator initialized
2026-01-04 15:40:18,468 | INFO | src.strategies.market_detector | Registered real-time callbacks for market events
2026-01-04 15:40:18,468 | INFO | src.core.realtime_monitor | Started monitoring 0 symbols
2026-01-04 15:40:18,468 | INFO | src.strategies.market_detector | Enhanced real-time market detector initialized
2026-01-04 15:40:18,469 | INFO | src.core.regime_weighting | Regime-aware strategy weighting system initialized
2026-01-04 15:40:18,469 | INFO | src.strategies.gap_trading | Gap trading strategy initialized
2026-01-04 15:40:18,469 | INFO | src.strategies.momentum_adaptive | Momentum adaptive strategy initialized
2026-01-04 15:40:18,469 | INFO | src.strategies.volatility_regime | Volatility regime strategy initialized
2026-01-04 15:40:18,470 | INFO | src.core.confidence_manager | Reactive confidence manager initialized
2026-01-04 15:40:18,470 | INFO | src.strategies.correlation_sync | Correlation sync strategy initialized with reactive confidence management
2026-01-04 15:40:18,470 | INFO | src.strategies.adaptive_manager | Adaptive strategy manager initialized with regime-aware weighting in AUTO mode
2026-01-04 15:40:18,470 | WARNING | src.core.warmup_manager | Strategy warmup failed for HDFCBANK: 'close'
2026-01-04 15:40:18,470 | WARNING | src.core.warmup_manager | Strategy warmup failed for ICICIBANK: 'close'
2026-01-04 15:40:18,471 | WARNING | src.core.warmup_manager | Strategy warmup failed for KOTAKBANK: 'close'
2026-01-04 15:40:18,471 | INFO | src.core.warmup_manager | Strategy managers warmed up for 0 symbols
2026-01-04 15:40:18,471 | INFO | src.core.warmup_manager |   ✅ Completed: warmup_strategies (0.00s, 0 data points)
2026-01-04 15:40:18,471 | INFO | src.core.warmup_manager |   🔄 Executing: validate_warmup
2026-01-04 15:40:18,471 | ERROR | src.core.warmup_manager | Warmup validation failed: No indicators calculated
2026-01-04 15:40:18,471 | ERROR | src.core.warmup_manager |   ❌ Failed: validate_warmup (0.00s) - No indicators calculated
2026-01-04 15:40:18,472 | ERROR | src.core.warmup_manager | ❌ Warmup FAILED with 2 task failures
2026-01-04 15:40:18,472 | INFO | src.core.warmup_manager | ============================================================
2026-01-04 15:40:18,472 | INFO | src.core.warmup_manager | WARMUP SUMMARY
2026-01-04 15:40:18,472 | INFO | src.core.warmup_manager | ============================================================
2026-01-04 15:40:18,472 | INFO | src.core.warmup_manager | Status: FAILED
2026-01-04 15:40:18,472 | INFO | src.core.warmup_manager | Duration: 14.22 seconds
2026-01-04 15:40:18,473 | INFO | src.core.warmup_manager | Symbols warmed: 10/10
2026-01-04 15:40:18,473 | INFO | src.core.warmup_manager | Tasks completed: 4/6
2026-01-04 15:40:18,473 | INFO | src.core.warmup_manager | Failed tasks: 2
2026-01-04 15:40:18,473 | ERROR | src.core.warmup_manager |   - warmup_regime: 'close'
2026-01-04 15:40:18,473 | ERROR | src.core.warmup_manager |   - validate_warmup: No indicators calculated
2026-01-04 15:40:18,473 | INFO | src.core.warmup_manager | Indicator Status:
2026-01-04 15:40:18,473 | INFO | src.core.warmup_manager |   ❌ SMA_20
2026-01-04 15:40:18,473 | INFO | src.core.warmup_manager |   ❌ SMA_50
2026-01-04 15:40:18,474 | INFO | src.core.warmup_manager |   ❌ EMA_12
2026-01-04 15:40:18,474 | INFO | src.core.warmup_manager |   ❌ EMA_26
2026-01-04 15:40:18,474 | INFO | src.core.warmup_manager |   ❌ RSI_14
2026-01-04 15:40:18,474 | INFO | src.core.warmup_manager |   ❌ MACD
2026-01-04 15:40:18,474 | INFO | src.core.warmup_manager |   ❌ ATR_14
2026-01-04 15:40:18,474 | INFO | src.core.warmup_manager |   ❌ BOLLINGER_BANDS
2026-01-04 15:40:18,474 | INFO | src.core.warmup_manager | ============================================================
2026-01-04 15:40:18,475 | INFO | src.utils.sector_manager | Sector manager initialized
2026-01-04 15:40:18,475 | INFO | src.core.risk_manager | Risk Manager initialized with comprehensive risk controls
2026-01-04 15:40:18,475 | INFO | src.core.risk_governor | Added risk rule: EmergencyStop (priority: 5)
2026-01-04 15:40:18,475 | INFO | src.core.risk_governor | Added risk rule: MarketHours (priority: 10)
2026-01-04 15:40:18,475 | INFO | src.core.risk_governor | Added risk rule: DailyLossLimit (priority: 15)
2026-01-04 15:40:18,476 | INFO | src.core.risk_governor | Added risk rule: VolatilityAdjustment (priority: 25)
2026-01-04 15:40:18,476 | INFO | src.core.risk_governor | Risk Governor initialized with 4 risk rules
2026-01-04 15:40:18,476 | INFO | src.core.warmup_manager | WarmupManager initialized for 100 symbols with 60 days lookback
2026-01-04 15:40:18,476 | INFO | src.core.confidence_manager | Reactive confidence manager initialized
2026-01-04 15:40:18,476 | INFO | src.core.realtime_monitor | Real-time market monitor initialized with 60s update interval
2026-01-04 15:40:18,476 | INFO | src.core.data_risk_mitigator | Data source risk mitigator initialized
2026-01-04 15:40:18,477 | INFO | src.strategies.market_detector | Registered real-time callbacks for market events
2026-01-04 15:40:18,477 | INFO | src.core.realtime_monitor | Started monitoring 0 symbols
2026-01-04 15:40:18,477 | INFO | src.strategies.market_detector | Enhanced real-time market detector initialized
2026-01-04 15:40:18,477 | INFO | src.core.regime_weighting | Regime-aware strategy weighting system initialized
2026-01-04 15:40:18,477 | INFO | src.strategies.gap_trading | Gap trading strategy initialized
2026-01-04 15:40:18,477 | INFO | src.strategies.momentum_adaptive | Momentum adaptive strategy initialized
2026-01-04 15:40:18,477 | INFO | src.strategies.volatility_regime | Volatility regime strategy initialized
2026-01-04 15:40:18,478 | INFO | src.core.confidence_manager | Reactive confidence manager initialized
2026-01-04 15:40:18,478 | INFO | src.strategies.correlation_sync | Correlation sync strategy initialized with reactive confidence management
2026-01-04 15:40:18,478 | INFO | src.strategies.adaptive_manager | Adaptive strategy manager initialized with regime-aware weighting in AUTO mode
2026-01-04 15:40:18,478 | INFO | src.core.engine | Adaptive strategies initialized successfully
2026-01-04 15:40:18,478 | INFO | src.core.engine | Trading engine initialized with timing intelligence disabled
2026-01-04 15:40:18,478 | INFO | src.core.engine | Trading engine initialized with enhanced risk management
2026-01-04 15:40:18,478 | INFO | src.execution.adapter | Initialized PAPER execution adapter
2026-01-04 15:40:18,478 | INFO | src.broker.zerodha | ZerodhaBroker initialized in PAPER mode
2026-01-04 15:40:18,479 | INFO | src.broker.zerodha | Paper trading: No real connection required
2026-01-04 15:40:18,479 | INFO | src.execution.paper | Paper trading initialized
2026-01-04 15:40:18,479 | INFO | src.execution.paper | Paper trading mode initialized
2026-01-04 15:40:18,484 | INFO | src.core.system_arming | Added kill switch: emergency_file (Critical)
2026-01-04 15:40:18,485 | INFO | src.core.system_arming | Added kill switch: daily_loss_limit (Critical)
2026-01-04 15:40:18,485 | INFO | src.core.system_arming | Added kill switch: capital_availability (Critical)
2026-01-04 15:40:18,485 | INFO | src.core.system_arming | Added kill switch: market_hours (Non-critical)
2026-01-04 15:40:18,485 | INFO | src.core.system_arming | Added kill switch: system_health (Critical)
2026-01-04 15:40:18,485 | INFO | src.core.system_arming | Added kill switch: config_integrity (Critical)
2026-01-04 15:40:18,485 | INFO | src.core.system_arming | Added kill switch: state_integrity (Critical)
2026-01-04 15:40:18,485 | INFO | src.core.system_arming | System Arming initialized with 7 kill switches
2026-01-04 15:40:18,486 | INFO | src.core.system_arming | Starting system arming sequence...
2026-01-04 15:40:18,487 | ERROR | src.core.system_arming | Capital availability check failed: 'CapitalParameters' object has no attribute 'max_position_value'
2026-01-04 15:40:18,487 | ERROR | src.core.system_arming | Critical safety check failed: capital_availability
2026-01-04 15:42:00,313 | INFO | config.enhanced_config_manager | Timing config loaded: enabled=False
2026-01-04 15:42:00,313 | INFO | src.core.risk_manager | Risk Manager initialized with comprehensive risk controls
2026-01-04 15:42:00,314 | INFO | src.screener.excel_screener | Excel screener initialized: MiniRobo.xlsx
2026-01-04 15:42:02,464 | INFO | src.screener.excel_screener | Loaded 100 enabled stocks from universe
2026-01-04 15:42:03,167 | INFO | src.core.warmup_manager | WarmupManager initialized for 10 symbols with 60 days lookback
2026-01-04 15:42:03,168 | INFO | src.core.warmup_manager | 🔥 Starting system warmup sequence...
2026-01-04 15:42:03,168 | INFO | src.core.warmup_manager |   🔄 Executing: load_market_data
2026-01-04 15:42:04,808 | INFO | src.core.warmup_manager | Market data loaded: 10/10 symbols, 430 total data points
2026-01-04 15:42:04,809 | INFO | src.core.warmup_manager |   ✅ Completed: load_market_data (1.64s, 430 data points)
2026-01-04 15:42:04,809 | INFO | src.core.warmup_manager |   🔄 Executing: calculate_indicators
2026-01-04 15:42:04,828 | INFO | src.core.warmup_manager | Calculating indicators for HDFCBANK with top data:
                                 Open        High         Low       Close    Volume  Dividends  Stock Splits
Date                                                                                                        
2025-11-05 00:00:00+05:30  985.250000  985.250000  985.250000  985.250000         0        0.0           0.0
2025-11-06 00:00:00+05:30  981.000000  991.049988  974.000000  984.650024  22279516        0.0           0.0
2025-11-07 00:00:00+05:30  980.000000  984.900024  974.750000  982.299988  15004568        0.0           0.0
2025-11-10 00:00:00+05:30  982.299988  990.950012  980.200012  984.500000  15988262        0.0           0.0
2025-11-11 00:00:00+05:30  983.500000  993.500000  978.000000  991.700012  10200530        0.0           0.0
2026-01-04 15:42:04,828 | ERROR | src.core.warmup_manager | Indicator calculation failed for HDFCBANK: 'high'
2026-01-04 15:42:04,837 | INFO | src.core.warmup_manager | Calculating indicators for ICICIBANK with top data:
                                  Open         High          Low        Close    Volume  Dividends  Stock Splits
Date                                                                                                            
2025-11-05 00:00:00+05:30  1336.900024  1336.900024  1336.900024  1336.900024         0        0.0           0.0
2025-11-06 00:00:00+05:30  1330.000000  1342.199951  1317.400024  1320.400024  24221853        0.0           0.0
2025-11-07 00:00:00+05:30  1320.400024  1344.300049  1318.599976  1343.000000   7719245        0.0           0.0
2025-11-10 00:00:00+05:30  1342.900024  1349.599976  1341.000000  1348.000000   8542340        0.0           0.0
2025-11-11 00:00:00+05:30  1349.000000  1360.400024  1346.199951  1358.300049   8305184        0.0           0.0
2026-01-04 15:42:04,838 | ERROR | src.core.warmup_manager | Indicator calculation failed for ICICIBANK: 'high'
2026-01-04 15:42:04,848 | INFO | src.core.warmup_manager | Calculating indicators for KOTAKBANK with top data:
                                  Open         High          Low        Close   Volume  Dividends  Stock Splits
Date                                                                                                           
2025-11-05 00:00:00+05:30  2096.600098  2096.600098  2096.600098  2096.600098        0        0.0           0.0
2025-11-06 00:00:00+05:30  2073.000000  2103.800049  2072.100098  2083.199951  2380569        0.0           0.0
2025-11-07 00:00:00+05:30  2078.699951  2099.300049  2059.199951  2088.300049  1400189        0.0           0.0
2025-11-10 00:00:00+05:30  2081.000000  2104.800049  2081.000000  2092.699951  2173296        0.0           0.0
2025-11-11 00:00:00+05:30  2100.000000  2103.000000  2074.899902  2086.899902  2162842        0.0           0.0
2026-01-04 15:42:04,848 | ERROR | src.core.warmup_manager | Indicator calculation failed for KOTAKBANK: 'high'
2026-01-04 15:42:04,855 | INFO | src.core.warmup_manager | Calculating indicators for AXISBANK with top data:
                                  Open         High          Low        Close   Volume  Dividends  Stock Splits
Date                                                                                                           
2025-11-05 00:00:00+05:30  1226.599976  1226.599976  1226.599976  1226.599976        0        0.0           0.0
2025-11-06 00:00:00+05:30  1225.000000  1239.599976  1225.000000  1228.500000  3733721        0.0           0.0
2025-11-07 00:00:00+05:30  1227.000000  1228.800049  1217.000000  1222.800049  3461466        0.0           0.0
2025-11-10 00:00:00+05:30  1222.000000  1232.800049  1215.500000  1217.000000  4140568        0.0           0.0
2025-11-11 00:00:00+05:30  1218.099976  1225.000000  1209.400024  1222.500000  5615453        0.0           0.0
2026-01-04 15:42:04,856 | ERROR | src.core.warmup_manager | Indicator calculation failed for AXISBANK: 'high'
2026-01-04 15:42:04,863 | INFO | src.core.warmup_manager | Calculating indicators for SBIN with top data:
                                 Open        High         Low       Close    Volume  Dividends  Stock Splits
Date                                                                                                        
2025-11-05 00:00:00+05:30  957.599976  957.599976  957.599976  957.599976         0        0.0           0.0
2025-11-06 00:00:00+05:30  969.650024  971.400024  955.299988  960.750000  23088096        0.0           0.0
2025-11-07 00:00:00+05:30  958.750000  964.849976  944.000000  955.849976  13371323        0.0           0.0
2025-11-10 00:00:00+05:30  956.000000  963.200012  949.099976  951.150024   7343249        0.0           0.0
2025-11-11 00:00:00+05:30  953.599976  954.950012  945.049988  953.299988   8648917        0.0           0.0
2026-01-04 15:42:04,864 | ERROR | src.core.warmup_manager | Indicator calculation failed for SBIN: 'high'
2026-01-04 15:42:04,871 | INFO | src.core.warmup_manager | Calculating indicators for TCS with top data:
                                  Open         High          Low        Close   Volume  Dividends  Stock Splits
Date                                                                                                           
2025-11-05 00:00:00+05:30  2990.199951  2990.199951  2990.199951  2990.199951        0        0.0           0.0
2025-11-06 00:00:00+05:30  2990.100098  3024.000000  2990.000000  3010.899902  2542721        0.0           0.0
2025-11-07 00:00:00+05:30  3001.000000  3004.000000  2960.500000  2991.800049  1830520        0.0           0.0
2025-11-10 00:00:00+05:30  2993.000000  3047.899902  2992.000000  3025.199951  1556656        0.0           0.0
2025-11-11 00:00:00+05:30  3045.000000  3055.699951  3018.000000  3047.000000  2806868        0.0           0.0
2026-01-04 15:42:04,871 | ERROR | src.core.warmup_manager | Indicator calculation failed for TCS: 'high'
2026-01-04 15:42:04,879 | INFO | src.core.warmup_manager | Calculating indicators for INFY with top data:
                                  Open         High          Low        Close    Volume  Dividends  Stock Splits
Date                                                                                                            
2025-11-05 00:00:00+05:30  1467.900024  1467.900024  1467.900024  1467.900024         0        0.0           0.0
2025-11-06 00:00:00+05:30  1478.599976  1483.000000  1461.900024  1466.699951   7944752        0.0           0.0
2025-11-07 00:00:00+05:30  1470.000000  1480.900024  1449.099976  1476.800049   8765759        0.0           0.0
2025-11-10 00:00:00+05:30  1490.099976  1520.000000  1490.000000  1513.500000   9787975        0.0           0.0
2025-11-11 00:00:00+05:30  1525.000000  1533.400024  1511.099976  1530.300049  13692989        0.0           0.0
2026-01-04 15:42:04,879 | ERROR | src.core.warmup_manager | Indicator calculation failed for INFY: 'high'
2026-01-04 15:42:04,887 | INFO | src.core.warmup_manager | Calculating indicators for HCLTECH with top data:
                                  Open         High          Low        Close   Volume  Dividends  Stock Splits
Date                                                                                                           
2025-11-05 00:00:00+05:30  1529.099976  1529.099976  1529.099976  1529.099976        0        0.0           0.0
2025-11-06 00:00:00+05:30  1529.099976  1531.900024  1514.300049  1526.400024  2474769        0.0           0.0
2025-11-07 00:00:00+05:30  1515.099976  1518.800049  1490.500000  1512.400024  2238714        0.0           0.0
2025-11-10 00:00:00+05:30  1518.000000  1544.900024  1511.400024  1540.500000  1558896        0.0           0.0
2025-11-11 00:00:00+05:30  1547.800049  1572.500000  1541.199951  1570.000000  2270763        0.0           0.0
2026-01-04 15:42:04,888 | ERROR | src.core.warmup_manager | Indicator calculation failed for HCLTECH: 'high'
2026-01-04 15:42:04,895 | INFO | src.core.warmup_manager | Calculating indicators for WIPRO with top data:
                                 Open        High         Low       Close   Volume  Dividends  Stock Splits
Date                                                                                                       
2025-11-05 00:00:00+05:30  237.919998  237.919998  237.919998  237.919998        0        0.0           0.0
2025-11-06 00:00:00+05:30  240.000000  240.619995  238.369995  240.050003  7141517        0.0           0.0
2025-11-07 00:00:00+05:30  238.699997  239.250000  236.000000  236.490005  5520619        0.0           0.0
2025-11-10 00:00:00+05:30  237.440002  241.550003  237.020004  239.839996  8566758        0.0           0.0
2025-11-11 00:00:00+05:30  241.100006  242.050003  238.809998  241.690002  8831094        0.0           0.0
2026-01-04 15:42:04,896 | ERROR | src.core.warmup_manager | Indicator calculation failed for WIPRO: 'high'
2026-01-04 15:42:04,902 | INFO | src.core.warmup_manager | Calculating indicators for TECHM with top data:
                                  open         high          low        close   volume  dividends  stock splits
Date                                                                                                           
2025-11-05 00:00:00+05:30  1409.199951  1409.199951  1409.199951  1409.199951        0        0.0           0.0
2025-11-06 00:00:00+05:30  1412.000000  1420.900024  1410.000000  1413.599976  2502412        0.0           0.0
2025-11-07 00:00:00+05:30  1400.099976  1409.800049  1385.000000  1386.699951  1209479        0.0           0.0
2025-11-10 00:00:00+05:30  1386.699951  1404.300049  1383.599976  1397.800049  2883323        0.0           0.0
2025-11-11 00:00:00+05:30  1405.000000  1410.400024  1392.199951  1408.000000  2488036        0.0           0.0
2026-01-04 15:42:04,903 | ERROR | src.core.warmup_manager | Indicator calculation failed for TECHM: input array type is not double
2026-01-04 15:42:04,903 | INFO | src.core.warmup_manager | Technical indicators calculated: 0 total indicators
2026-01-04 15:42:04,903 | INFO | src.core.warmup_manager |   ✅ Completed: calculate_indicators (0.09s, 0 data points)
2026-01-04 15:42:04,904 | INFO | src.core.warmup_manager |   🔄 Executing: warmup_timing
2026-01-04 15:42:05,638 | INFO | src.core.confidence_manager | Reactive confidence manager initialized
2026-01-04 15:42:05,638 | INFO | src.core.realtime_monitor | Real-time market monitor initialized with 60s update interval
2026-01-04 15:42:05,638 | INFO | src.core.data_risk_mitigator | Data source risk mitigator initialized
2026-01-04 15:42:05,638 | INFO | src.strategies.market_detector | Registered real-time callbacks for market events
2026-01-04 15:42:05,639 | INFO | src.core.realtime_monitor | Started monitoring 0 symbols
2026-01-04 15:42:05,639 | INFO | src.strategies.market_detector | Enhanced real-time market detector initialized
2026-01-04 15:42:05,639 | INFO | src.timing.market_regime | Unified MarketRegimeManager initialized
2026-01-04 15:42:06,060 | ERROR | src.strategies.market_detector | Failed to analyze market state: 'dict' object has no attribute 'candle_count'
2026-01-04 15:42:06,060 | INFO | src.timing.market_regime | [MARKET REGIME] SIDEWAYS | confidence=0.50 | volatility=NORMAL
2026-01-04 15:42:06,061 | INFO | src.core.warmup_manager | Timing components warmed up - Current regime: (<MarketRegime.SIDEWAYS: 'SIDEWAYS'>, 0.5)
2026-01-04 15:42:06,061 | INFO | src.core.warmup_manager |   ✅ Completed: warmup_timing (1.16s, 1 data points)
2026-01-04 15:42:06,061 | INFO | src.core.warmup_manager |   🔄 Executing: warmup_regime
2026-01-04 15:42:06,061 | ERROR | src.core.warmup_manager | Market regime warmup failed: 'close'
2026-01-04 15:42:06,061 | ERROR | src.core.warmup_manager |   ❌ Failed: warmup_regime (0.00s) - 'close'
2026-01-04 15:42:06,062 | INFO | src.core.warmup_manager |   🔄 Executing: warmup_strategies
2026-01-04 15:42:06,062 | INFO | src.core.confidence_manager | Reactive confidence manager initialized
2026-01-04 15:42:06,062 | INFO | src.core.realtime_monitor | Real-time market monitor initialized with 60s update interval
2026-01-04 15:42:06,063 | INFO | src.core.data_risk_mitigator | Data source risk mitigator initialized
2026-01-04 15:42:06,063 | INFO | src.strategies.market_detector | Registered real-time callbacks for market events
2026-01-04 15:42:06,063 | INFO | src.core.realtime_monitor | Started monitoring 0 symbols
2026-01-04 15:42:06,063 | INFO | src.strategies.market_detector | Enhanced real-time market detector initialized
2026-01-04 15:42:06,064 | INFO | src.core.regime_weighting | Regime-aware strategy weighting system initialized
2026-01-04 15:42:06,064 | INFO | src.strategies.gap_trading | Gap trading strategy initialized
2026-01-04 15:42:06,064 | INFO | src.strategies.momentum_adaptive | Momentum adaptive strategy initialized
2026-01-04 15:42:06,064 | INFO | src.strategies.volatility_regime | Volatility regime strategy initialized
2026-01-04 15:42:06,065 | INFO | src.core.confidence_manager | Reactive confidence manager initialized
2026-01-04 15:42:06,065 | INFO | src.strategies.correlation_sync | Correlation sync strategy initialized with reactive confidence management
2026-01-04 15:42:06,065 | INFO | src.strategies.adaptive_manager | Adaptive strategy manager initialized with regime-aware weighting in AUTO mode
2026-01-04 15:42:06,065 | WARNING | src.core.warmup_manager | Strategy warmup failed for HDFCBANK: 'close'
2026-01-04 15:42:06,066 | WARNING | src.core.warmup_manager | Strategy warmup failed for ICICIBANK: 'close'
2026-01-04 15:42:06,066 | WARNING | src.core.warmup_manager | Strategy warmup failed for KOTAKBANK: 'close'
2026-01-04 15:42:06,066 | INFO | src.core.warmup_manager | Strategy managers warmed up for 0 symbols
2026-01-04 15:42:06,066 | INFO | src.core.warmup_manager |   ✅ Completed: warmup_strategies (0.00s, 0 data points)
2026-01-04 15:42:06,066 | INFO | src.core.warmup_manager |   🔄 Executing: validate_warmup
2026-01-04 15:42:06,066 | ERROR | src.core.warmup_manager | Warmup validation failed: No indicators calculated
2026-01-04 15:42:06,067 | ERROR | src.core.warmup_manager |   ❌ Failed: validate_warmup (0.00s) - No indicators calculated
2026-01-04 15:42:06,067 | ERROR | src.core.warmup_manager | ❌ Warmup FAILED with 2 task failures
2026-01-04 15:42:06,067 | INFO | src.core.warmup_manager | ============================================================
2026-01-04 15:42:06,067 | INFO | src.core.warmup_manager | WARMUP SUMMARY
2026-01-04 15:42:06,067 | INFO | src.core.warmup_manager | ============================================================
2026-01-04 15:42:06,067 | INFO | src.core.warmup_manager | Status: FAILED
2026-01-04 15:42:06,067 | INFO | src.core.warmup_manager | Duration: 2.90 seconds
2026-01-04 15:42:06,068 | INFO | src.core.warmup_manager | Symbols warmed: 10/10
2026-01-04 15:42:06,068 | INFO | src.core.warmup_manager | Tasks completed: 4/6
2026-01-04 15:42:06,068 | INFO | src.core.warmup_manager | Failed tasks: 2
2026-01-04 15:42:06,068 | ERROR | src.core.warmup_manager |   - warmup_regime: 'close'
2026-01-04 15:42:06,068 | ERROR | src.core.warmup_manager |   - validate_warmup: No indicators calculated
2026-01-04 15:42:06,068 | INFO | src.core.warmup_manager | Indicator Status:
2026-01-04 15:42:06,068 | INFO | src.core.warmup_manager |   ❌ SMA_20
2026-01-04 15:42:06,068 | INFO | src.core.warmup_manager |   ❌ SMA_50
2026-01-04 15:42:06,069 | INFO | src.core.warmup_manager |   ❌ EMA_12
2026-01-04 15:42:06,069 | INFO | src.core.warmup_manager |   ❌ EMA_26
2026-01-04 15:42:06,069 | INFO | src.core.warmup_manager |   ❌ RSI_14
2026-01-04 15:42:06,069 | INFO | src.core.warmup_manager |   ❌ MACD
2026-01-04 15:42:06,069 | INFO | src.core.warmup_manager |   ❌ ATR_14
2026-01-04 15:42:06,069 | INFO | src.core.warmup_manager |   ❌ BOLLINGER_BANDS
2026-01-04 15:42:06,069 | INFO | src.core.warmup_manager | ============================================================
2026-01-04 15:42:06,070 | INFO | src.utils.sector_manager | Sector manager initialized
2026-01-04 15:42:06,070 | INFO | src.core.risk_manager | Risk Manager initialized with comprehensive risk controls
2026-01-04 15:42:06,070 | INFO | src.core.risk_governor | Added risk rule: EmergencyStop (priority: 5)
2026-01-04 15:42:06,070 | INFO | src.core.risk_governor | Added risk rule: MarketHours (priority: 10)
2026-01-04 15:42:06,071 | INFO | src.core.risk_governor | Added risk rule: DailyLossLimit (priority: 15)
2026-01-04 15:42:06,071 | INFO | src.core.risk_governor | Added risk rule: VolatilityAdjustment (priority: 25)
2026-01-04 15:42:06,071 | INFO | src.core.risk_governor | Risk Governor initialized with 4 risk rules
2026-01-04 15:42:06,071 | INFO | src.core.warmup_manager | WarmupManager initialized for 100 symbols with 60 days lookback
2026-01-04 15:42:06,071 | INFO | src.core.confidence_manager | Reactive confidence manager initialized
2026-01-04 15:42:06,071 | INFO | src.core.realtime_monitor | Real-time market monitor initialized with 60s update interval
2026-01-04 15:42:06,071 | INFO | src.core.data_risk_mitigator | Data source risk mitigator initialized
2026-01-04 15:42:06,072 | INFO | src.strategies.market_detector | Registered real-time callbacks for market events
2026-01-04 15:42:06,072 | INFO | src.core.realtime_monitor | Started monitoring 0 symbols
2026-01-04 15:42:06,072 | INFO | src.strategies.market_detector | Enhanced real-time market detector initialized
2026-01-04 15:42:06,072 | INFO | src.core.regime_weighting | Regime-aware strategy weighting system initialized
2026-01-04 15:42:06,072 | INFO | src.strategies.gap_trading | Gap trading strategy initialized
2026-01-04 15:42:06,072 | INFO | src.strategies.momentum_adaptive | Momentum adaptive strategy initialized
2026-01-04 15:42:06,073 | INFO | src.strategies.volatility_regime | Volatility regime strategy initialized
2026-01-04 15:42:06,073 | INFO | src.core.confidence_manager | Reactive confidence manager initialized
2026-01-04 15:42:06,073 | INFO | src.strategies.correlation_sync | Correlation sync strategy initialized with reactive confidence management
2026-01-04 15:42:06,073 | INFO | src.strategies.adaptive_manager | Adaptive strategy manager initialized with regime-aware weighting in AUTO mode
2026-01-04 15:42:06,073 | INFO | src.core.engine | Adaptive strategies initialized successfully
2026-01-04 15:42:06,073 | INFO | src.core.engine | Trading engine initialized with timing intelligence disabled
2026-01-04 15:42:06,073 | INFO | src.core.engine | Trading engine initialized with enhanced risk management
2026-01-04 15:42:06,074 | INFO | src.execution.adapter | Initialized PAPER execution adapter
2026-01-04 15:42:06,074 | INFO | src.broker.zerodha | ZerodhaBroker initialized in PAPER mode
2026-01-04 15:42:06,074 | INFO | src.broker.zerodha | Paper trading: No real connection required
2026-01-04 15:42:06,074 | INFO | src.execution.paper | Paper trading initialized
2026-01-04 15:42:06,074 | INFO | src.execution.paper | Paper trading mode initialized
2026-01-04 15:42:06,078 | INFO | src.core.system_arming | Added kill switch: emergency_file (Critical)
2026-01-04 15:42:06,079 | INFO | src.core.system_arming | Added kill switch: daily_loss_limit (Critical)
2026-01-04 15:42:06,079 | INFO | src.core.system_arming | Added kill switch: capital_availability (Critical)
2026-01-04 15:42:06,079 | INFO | src.core.system_arming | Added kill switch: market_hours (Non-critical)
2026-01-04 15:42:06,079 | INFO | src.core.system_arming | Added kill switch: system_health (Critical)
2026-01-04 15:42:06,079 | INFO | src.core.system_arming | Added kill switch: config_integrity (Critical)
2026-01-04 15:42:06,079 | INFO | src.core.system_arming | Added kill switch: state_integrity (Critical)
2026-01-04 15:42:06,080 | INFO | src.core.system_arming | System Arming initialized with 7 kill switches
2026-01-04 15:42:06,080 | INFO | src.core.system_arming | Starting system arming sequence...
2026-01-04 15:42:06,080 | ERROR | src.core.system_arming | Capital availability check failed: 'CapitalParameters' object has no attribute 'max_position_value'
2026-01-04 15:42:06,080 | ERROR | src.core.system_arming | Critical safety check failed: capital_availability
2026-01-04 15:43:13,789 | INFO | config.enhanced_config_manager | Timing config loaded: enabled=False
2026-01-04 15:43:13,789 | INFO | src.core.risk_manager | Risk Manager initialized with comprehensive risk controls
2026-01-04 15:43:13,790 | INFO | src.screener.excel_screener | Excel screener initialized: MiniRobo.xlsx
2026-01-04 15:43:15,129 | INFO | src.screener.excel_screener | Loaded 100 enabled stocks from universe
2026-01-04 15:43:15,613 | INFO | src.core.warmup_manager | WarmupManager initialized for 10 symbols with 60 days lookback
2026-01-04 15:43:15,613 | INFO | src.core.warmup_manager | 🔥 Starting system warmup sequence...
2026-01-04 15:43:15,613 | INFO | src.core.warmup_manager |   🔄 Executing: load_market_data
2026-01-04 15:43:17,188 | INFO | src.core.warmup_manager | Market data loaded: 10/10 symbols, 430 total data points
2026-01-04 15:43:17,189 | INFO | src.core.warmup_manager |   ✅ Completed: load_market_data (1.58s, 430 data points)
2026-01-04 15:43:17,189 | INFO | src.core.warmup_manager |   🔄 Executing: calculate_indicators
2026-01-04 15:43:17,203 | INFO | src.core.warmup_manager | Calculating indicators for HDFCBANK with top data:
                                 Open        High         Low       Close    Volume  Dividends  Stock Splits
Date                                                                                                        
2025-11-05 00:00:00+05:30  985.250000  985.250000  985.250000  985.250000         0        0.0           0.0
2025-11-06 00:00:00+05:30  981.000000  991.049988  974.000000  984.650024  22279516        0.0           0.0
2025-11-07 00:00:00+05:30  980.000000  984.900024  974.750000  982.299988  15004568        0.0           0.0
2025-11-10 00:00:00+05:30  982.299988  990.950012  980.200012  984.500000  15988262        0.0           0.0
2025-11-11 00:00:00+05:30  983.500000  993.500000  978.000000  991.700012  10200530        0.0           0.0
2026-01-04 15:43:17,204 | ERROR | src.core.warmup_manager | Indicator calculation failed for HDFCBANK: input array type is not double
2026-01-04 15:43:17,213 | INFO | src.core.warmup_manager | Calculating indicators for ICICIBANK with top data:
                                  Open         High          Low        Close    Volume  Dividends  Stock Splits
Date                                                                                                            
2025-11-05 00:00:00+05:30  1336.900024  1336.900024  1336.900024  1336.900024         0        0.0           0.0
2025-11-06 00:00:00+05:30  1330.000000  1342.199951  1317.400024  1320.400024  24221853        0.0           0.0
2025-11-07 00:00:00+05:30  1320.400024  1344.300049  1318.599976  1343.000000   7719245        0.0           0.0
2025-11-10 00:00:00+05:30  1342.900024  1349.599976  1341.000000  1348.000000   8542340        0.0           0.0
2025-11-11 00:00:00+05:30  1349.000000  1360.400024  1346.199951  1358.300049   8305184        0.0           0.0
2026-01-04 15:43:17,213 | ERROR | src.core.warmup_manager | Indicator calculation failed for ICICIBANK: input array type is not double
2026-01-04 15:43:17,218 | INFO | src.core.warmup_manager | Calculating indicators for KOTAKBANK with top data:
                                  Open         High          Low        Close   Volume  Dividends  Stock Splits
Date                                                                                                           
2025-11-05 00:00:00+05:30  2096.600098  2096.600098  2096.600098  2096.600098        0        0.0           0.0
2025-11-06 00:00:00+05:30  2073.000000  2103.800049  2072.100098  2083.199951  2380569        0.0           0.0
2025-11-07 00:00:00+05:30  2078.699951  2099.300049  2059.199951  2088.300049  1400189        0.0           0.0
2025-11-10 00:00:00+05:30  2081.000000  2104.800049  2081.000000  2092.699951  2173296        0.0           0.0
2025-11-11 00:00:00+05:30  2100.000000  2103.000000  2074.899902  2086.899902  2162842        0.0           0.0
2026-01-04 15:43:17,219 | ERROR | src.core.warmup_manager | Indicator calculation failed for KOTAKBANK: input array type is not double
2026-01-04 15:43:17,227 | INFO | src.core.warmup_manager | Calculating indicators for AXISBANK with top data:
                                  Open         High          Low        Close   Volume  Dividends  Stock Splits
Date                                                                                                           
2025-11-05 00:00:00+05:30  1226.599976  1226.599976  1226.599976  1226.599976        0        0.0           0.0
2025-11-06 00:00:00+05:30  1225.000000  1239.599976  1225.000000  1228.500000  3733721        0.0           0.0
2025-11-07 00:00:00+05:30  1227.000000  1228.800049  1217.000000  1222.800049  3461466        0.0           0.0
2025-11-10 00:00:00+05:30  1222.000000  1232.800049  1215.500000  1217.000000  4140568        0.0           0.0
2025-11-11 00:00:00+05:30  1218.099976  1225.000000  1209.400024  1222.500000  5615453        0.0           0.0
2026-01-04 15:43:17,228 | ERROR | src.core.warmup_manager | Indicator calculation failed for AXISBANK: input array type is not double
2026-01-04 15:43:17,233 | INFO | src.core.warmup_manager | Calculating indicators for SBIN with top data:
                                 Open        High         Low       Close    Volume  Dividends  Stock Splits
Date                                                                                                        
2025-11-05 00:00:00+05:30  957.599976  957.599976  957.599976  957.599976         0        0.0           0.0
2025-11-06 00:00:00+05:30  969.650024  971.400024  955.299988  960.750000  23088096        0.0           0.0
2025-11-07 00:00:00+05:30  958.750000  964.849976  944.000000  955.849976  13371323        0.0           0.0
2025-11-10 00:00:00+05:30  956.000000  963.200012  949.099976  951.150024   7343249        0.0           0.0
2025-11-11 00:00:00+05:30  953.599976  954.950012  945.049988  953.299988   8648917        0.0           0.0
2026-01-04 15:43:17,234 | ERROR | src.core.warmup_manager | Indicator calculation failed for SBIN: input array type is not double
2026-01-04 15:43:17,240 | INFO | src.core.warmup_manager | Calculating indicators for TCS with top data:
                                  Open         High          Low        Close   Volume  Dividends  Stock Splits
Date                                                                                                           
2025-11-05 00:00:00+05:30  2990.199951  2990.199951  2990.199951  2990.199951        0        0.0           0.0
2025-11-06 00:00:00+05:30  2990.100098  3024.000000  2990.000000  3010.899902  2542721        0.0           0.0
2025-11-07 00:00:00+05:30  3001.000000  3004.000000  2960.500000  2991.800049  1830520        0.0           0.0
2025-11-10 00:00:00+05:30  2993.000000  3047.899902  2992.000000  3025.199951  1556656        0.0           0.0
2025-11-11 00:00:00+05:30  3045.000000  3055.699951  3018.000000  3047.000000  2806868        0.0           0.0
2026-01-04 15:43:17,242 | ERROR | src.core.warmup_manager | Indicator calculation failed for TCS: input array type is not double
2026-01-04 15:43:17,249 | INFO | src.core.warmup_manager | Calculating indicators for INFY with top data:
                                  Open         High          Low        Close    Volume  Dividends  Stock Splits
Date                                                                                                            
2025-11-05 00:00:00+05:30  1467.900024  1467.900024  1467.900024  1467.900024         0        0.0           0.0
2025-11-06 00:00:00+05:30  1478.599976  1483.000000  1461.900024  1466.699951   7944752        0.0           0.0
2025-11-07 00:00:00+05:30  1470.000000  1480.900024  1449.099976  1476.800049   8765759        0.0           0.0
2025-11-10 00:00:00+05:30  1490.099976  1520.000000  1490.000000  1513.500000   9787975        0.0           0.0
2025-11-11 00:00:00+05:30  1525.000000  1533.400024  1511.099976  1530.300049  13692989        0.0           0.0
2026-01-04 15:43:17,250 | ERROR | src.core.warmup_manager | Indicator calculation failed for INFY: input array type is not double
2026-01-04 15:43:17,258 | INFO | src.core.warmup_manager | Calculating indicators for HCLTECH with top data:
                                  Open         High          Low        Close   Volume  Dividends  Stock Splits
Date                                                                                                           
2025-11-05 00:00:00+05:30  1529.099976  1529.099976  1529.099976  1529.099976        0        0.0           0.0
2025-11-06 00:00:00+05:30  1529.099976  1531.900024  1514.300049  1526.400024  2474769        0.0           0.0
2025-11-07 00:00:00+05:30  1515.099976  1518.800049  1490.500000  1512.400024  2238714        0.0           0.0
2025-11-10 00:00:00+05:30  1518.000000  1544.900024  1511.400024  1540.500000  1558896        0.0           0.0
2025-11-11 00:00:00+05:30  1547.800049  1572.500000  1541.199951  1570.000000  2270763        0.0           0.0
2026-01-04 15:43:17,259 | ERROR | src.core.warmup_manager | Indicator calculation failed for HCLTECH: input array type is not double
2026-01-04 15:43:17,265 | INFO | src.core.warmup_manager | Calculating indicators for WIPRO with top data:
                                 Open        High         Low       Close   Volume  Dividends  Stock Splits
Date                                                                                                       
2025-11-05 00:00:00+05:30  237.919998  237.919998  237.919998  237.919998        0        0.0           0.0
2025-11-06 00:00:00+05:30  240.000000  240.619995  238.369995  240.050003  7141517        0.0           0.0
2025-11-07 00:00:00+05:30  238.699997  239.250000  236.000000  236.490005  5520619        0.0           0.0
2025-11-10 00:00:00+05:30  237.440002  241.550003  237.020004  239.839996  8566758        0.0           0.0
2025-11-11 00:00:00+05:30  241.100006  242.050003  238.809998  241.690002  8831094        0.0           0.0
2026-01-04 15:43:17,266 | ERROR | src.core.warmup_manager | Indicator calculation failed for WIPRO: input array type is not double
2026-01-04 15:43:17,273 | INFO | src.core.warmup_manager | Calculating indicators for TECHM with top data:
                                  open         high          low        close   volume  dividends  stock splits
Date                                                                                                           
2025-11-05 00:00:00+05:30  1409.199951  1409.199951  1409.199951  1409.199951        0        0.0           0.0
2025-11-06 00:00:00+05:30  1412.000000  1420.900024  1410.000000  1413.599976  2502412        0.0           0.0
2025-11-07 00:00:00+05:30  1400.099976  1409.800049  1385.000000  1386.699951  1209479        0.0           0.0
2025-11-10 00:00:00+05:30  1386.699951  1404.300049  1383.599976  1397.800049  2883323        0.0           0.0
2025-11-11 00:00:00+05:30  1405.000000  1410.400024  1392.199951  1408.000000  2488036        0.0           0.0
2026-01-04 15:43:17,274 | ERROR | src.core.warmup_manager | Indicator calculation failed for TECHM: 'High'
2026-01-04 15:43:17,274 | INFO | src.core.warmup_manager | Technical indicators calculated: 0 total indicators
2026-01-04 15:43:17,275 | INFO | src.core.warmup_manager |   ✅ Completed: calculate_indicators (0.08s, 0 data points)
2026-01-04 15:43:17,275 | INFO | src.core.warmup_manager |   🔄 Executing: warmup_timing
2026-01-04 15:43:17,867 | INFO | src.core.confidence_manager | Reactive confidence manager initialized
2026-01-04 15:43:17,868 | INFO | src.core.realtime_monitor | Real-time market monitor initialized with 60s update interval
2026-01-04 15:43:17,868 | INFO | src.core.data_risk_mitigator | Data source risk mitigator initialized
2026-01-04 15:43:17,868 | INFO | src.strategies.market_detector | Registered real-time callbacks for market events
2026-01-04 15:43:17,868 | INFO | src.core.realtime_monitor | Started monitoring 0 symbols
2026-01-04 15:43:17,869 | INFO | src.strategies.market_detector | Enhanced real-time market detector initialized
2026-01-04 15:43:17,869 | INFO | src.timing.market_regime | Unified MarketRegimeManager initialized
2026-01-04 15:43:18,308 | ERROR | src.strategies.market_detector | Failed to analyze market state: 'dict' object has no attribute 'candle_count'
2026-01-04 15:43:18,308 | INFO | src.timing.market_regime | [MARKET REGIME] SIDEWAYS | confidence=0.50 | volatility=NORMAL
2026-01-04 15:43:18,308 | INFO | src.core.warmup_manager | Timing components warmed up - Current regime: (<MarketRegime.SIDEWAYS: 'SIDEWAYS'>, 0.5)
2026-01-04 15:43:18,309 | INFO | src.core.warmup_manager |   ✅ Completed: warmup_timing (1.03s, 1 data points)
2026-01-04 15:43:18,309 | INFO | src.core.warmup_manager |   🔄 Executing: warmup_regime
2026-01-04 15:43:18,309 | ERROR | src.core.warmup_manager | Market regime warmup failed: 'close'
2026-01-04 15:43:18,309 | ERROR | src.core.warmup_manager |   ❌ Failed: warmup_regime (0.00s) - 'close'
2026-01-04 15:43:18,310 | INFO | src.core.warmup_manager |   🔄 Executing: warmup_strategies
2026-01-04 15:43:18,310 | INFO | src.core.confidence_manager | Reactive confidence manager initialized
2026-01-04 15:43:18,310 | INFO | src.core.realtime_monitor | Real-time market monitor initialized with 60s update interval
2026-01-04 15:43:18,310 | INFO | src.core.data_risk_mitigator | Data source risk mitigator initialized
2026-01-04 15:43:18,311 | INFO | src.strategies.market_detector | Registered real-time callbacks for market events
2026-01-04 15:43:18,311 | INFO | src.core.realtime_monitor | Started monitoring 0 symbols
2026-01-04 15:43:18,311 | INFO | src.strategies.market_detector | Enhanced real-time market detector initialized
2026-01-04 15:43:18,311 | INFO | src.core.regime_weighting | Regime-aware strategy weighting system initialized
2026-01-04 15:43:18,312 | INFO | src.strategies.gap_trading | Gap trading strategy initialized
2026-01-04 15:43:18,312 | INFO | src.strategies.momentum_adaptive | Momentum adaptive strategy initialized
2026-01-04 15:43:18,312 | INFO | src.strategies.volatility_regime | Volatility regime strategy initialized
2026-01-04 15:43:18,312 | INFO | src.core.confidence_manager | Reactive confidence manager initialized
2026-01-04 15:43:18,313 | INFO | src.strategies.correlation_sync | Correlation sync strategy initialized with reactive confidence management
2026-01-04 15:43:18,313 | INFO | src.strategies.adaptive_manager | Adaptive strategy manager initialized with regime-aware weighting in AUTO mode
2026-01-04 15:43:18,313 | WARNING | src.core.warmup_manager | Strategy warmup failed for HDFCBANK: 'close'
2026-01-04 15:43:18,313 | WARNING | src.core.warmup_manager | Strategy warmup failed for ICICIBANK: 'close'
2026-01-04 15:43:18,314 | WARNING | src.core.warmup_manager | Strategy warmup failed for KOTAKBANK: 'close'
2026-01-04 15:43:18,314 | INFO | src.core.warmup_manager | Strategy managers warmed up for 0 symbols
2026-01-04 15:43:18,314 | INFO | src.core.warmup_manager |   ✅ Completed: warmup_strategies (0.00s, 0 data points)
2026-01-04 15:43:18,314 | INFO | src.core.warmup_manager |   🔄 Executing: validate_warmup
2026-01-04 15:43:18,315 | ERROR | src.core.warmup_manager | Warmup validation failed: No indicators calculated
2026-01-04 15:43:18,315 | ERROR | src.core.warmup_manager |   ❌ Failed: validate_warmup (0.00s) - No indicators calculated
2026-01-04 15:43:18,315 | ERROR | src.core.warmup_manager | ❌ Warmup FAILED with 2 task failures
2026-01-04 15:43:18,315 | INFO | src.core.warmup_manager | ============================================================
2026-01-04 15:43:18,315 | INFO | src.core.warmup_manager | WARMUP SUMMARY
2026-01-04 15:43:18,315 | INFO | src.core.warmup_manager | ============================================================
2026-01-04 15:43:18,315 | INFO | src.core.warmup_manager | Status: FAILED
2026-01-04 15:43:18,316 | INFO | src.core.warmup_manager | Duration: 2.70 seconds
2026-01-04 15:43:18,316 | INFO | src.core.warmup_manager | Symbols warmed: 10/10
2026-01-04 15:43:18,316 | INFO | src.core.warmup_manager | Tasks completed: 4/6
2026-01-04 15:43:18,316 | INFO | src.core.warmup_manager | Failed tasks: 2
2026-01-04 15:43:18,316 | ERROR | src.core.warmup_manager |   - warmup_regime: 'close'
2026-01-04 15:43:18,316 | ERROR | src.core.warmup_manager |   - validate_warmup: No indicators calculated
2026-01-04 15:43:18,316 | INFO | src.core.warmup_manager | Indicator Status:
2026-01-04 15:43:18,317 | INFO | src.core.warmup_manager |   ❌ SMA_20
2026-01-04 15:43:18,317 | INFO | src.core.warmup_manager |   ❌ SMA_50
2026-01-04 15:43:18,317 | INFO | src.core.warmup_manager |   ❌ EMA_12
2026-01-04 15:43:18,317 | INFO | src.core.warmup_manager |   ❌ EMA_26
2026-01-04 15:43:18,317 | INFO | src.core.warmup_manager |   ❌ RSI_14
2026-01-04 15:43:18,317 | INFO | src.core.warmup_manager |   ❌ MACD
2026-01-04 15:43:18,317 | INFO | src.core.warmup_manager |   ❌ ATR_14
2026-01-04 15:43:18,317 | INFO | src.core.warmup_manager |   ❌ BOLLINGER_BANDS
2026-01-04 15:43:18,317 | INFO | src.core.warmup_manager | ============================================================
2026-01-04 15:43:18,318 | INFO | src.utils.sector_manager | Sector manager initialized
2026-01-04 15:43:18,318 | INFO | src.core.risk_manager | Risk Manager initialized with comprehensive risk controls
2026-01-04 15:43:18,318 | INFO | src.core.risk_governor | Added risk rule: EmergencyStop (priority: 5)
2026-01-04 15:43:18,318 | INFO | src.core.risk_governor | Added risk rule: MarketHours (priority: 10)
2026-01-04 15:43:18,319 | INFO | src.core.risk_governor | Added risk rule: DailyLossLimit (priority: 15)
2026-01-04 15:43:18,319 | INFO | src.core.risk_governor | Added risk rule: VolatilityAdjustment (priority: 25)
2026-01-04 15:43:18,319 | INFO | src.core.risk_governor | Risk Governor initialized with 4 risk rules
2026-01-04 15:43:18,319 | INFO | src.core.warmup_manager | WarmupManager initialized for 100 symbols with 60 days lookback
2026-01-04 15:43:18,319 | INFO | src.core.confidence_manager | Reactive confidence manager initialized
2026-01-04 15:43:18,319 | INFO | src.core.realtime_monitor | Real-time market monitor initialized with 60s update interval
2026-01-04 15:43:18,319 | INFO | src.core.data_risk_mitigator | Data source risk mitigator initialized
2026-01-04 15:43:18,320 | INFO | src.strategies.market_detector | Registered real-time callbacks for market events
2026-01-04 15:43:18,320 | INFO | src.core.realtime_monitor | Started monitoring 0 symbols
2026-01-04 15:43:18,320 | INFO | src.strategies.market_detector | Enhanced real-time market detector initialized
2026-01-04 15:43:18,320 | INFO | src.core.regime_weighting | Regime-aware strategy weighting system initialized
2026-01-04 15:43:18,320 | INFO | src.strategies.gap_trading | Gap trading strategy initialized
2026-01-04 15:43:18,320 | INFO | src.strategies.momentum_adaptive | Momentum adaptive strategy initialized
2026-01-04 15:43:18,321 | INFO | src.strategies.volatility_regime | Volatility regime strategy initialized
2026-01-04 15:43:18,321 | INFO | src.core.confidence_manager | Reactive confidence manager initialized
2026-01-04 15:43:18,321 | INFO | src.strategies.correlation_sync | Correlation sync strategy initialized with reactive confidence management
2026-01-04 15:43:18,322 | INFO | src.strategies.adaptive_manager | Adaptive strategy manager initialized with regime-aware weighting in AUTO mode
2026-01-04 15:43:18,322 | INFO | src.core.engine | Adaptive strategies initialized successfully
2026-01-04 15:43:18,322 | INFO | src.core.engine | Trading engine initialized with timing intelligence disabled
2026-01-04 15:43:18,322 | INFO | src.core.engine | Trading engine initialized with enhanced risk management
2026-01-04 15:43:18,323 | INFO | src.execution.adapter | Initialized PAPER execution adapter
2026-01-04 15:43:18,323 | INFO | src.broker.zerodha | ZerodhaBroker initialized in PAPER mode
2026-01-04 15:43:18,324 | INFO | src.broker.zerodha | Paper trading: No real connection required
2026-01-04 15:43:18,324 | INFO | src.execution.paper | Paper trading initialized
2026-01-04 15:43:18,324 | INFO | src.execution.paper | Paper trading mode initialized
2026-01-04 15:43:18,327 | INFO | src.core.system_arming | Added kill switch: emergency_file (Critical)
2026-01-04 15:43:18,327 | INFO | src.core.system_arming | Added kill switch: daily_loss_limit (Critical)
2026-01-04 15:43:18,327 | INFO | src.core.system_arming | Added kill switch: capital_availability (Critical)
2026-01-04 15:43:18,327 | INFO | src.core.system_arming | Added kill switch: market_hours (Non-critical)
2026-01-04 15:43:18,327 | INFO | src.core.system_arming | Added kill switch: system_health (Critical)
2026-01-04 15:43:18,328 | INFO | src.core.system_arming | Added kill switch: config_integrity (Critical)
2026-01-04 15:43:18,328 | INFO | src.core.system_arming | Added kill switch: state_integrity (Critical)
2026-01-04 15:43:18,328 | INFO | src.core.system_arming | System Arming initialized with 7 kill switches
2026-01-04 15:43:18,328 | INFO | src.core.system_arming | Starting system arming sequence...
2026-01-04 15:43:18,328 | ERROR | src.core.system_arming | Capital availability check failed: 'CapitalParameters' object has no attribute 'max_position_value'
2026-01-04 15:43:18,329 | ERROR | src.core.system_arming | Critical safety check failed: capital_availability
2026-01-04 15:52:48,789 | INFO | config.enhanced_config_manager | Timing config loaded: enabled=False
2026-01-04 15:52:48,790 | INFO | src.core.risk_manager | Risk Manager initialized with comprehensive risk controls
2026-01-04 15:52:48,791 | INFO | src.screener.excel_screener | Excel screener initialized: MiniRobo.xlsx
2026-01-04 15:52:50,455 | INFO | src.screener.excel_screener | Loaded 100 enabled stocks from universe
2026-01-04 15:52:50,972 | INFO | src.core.warmup_manager | WarmupManager initialized for 10 symbols with 60 days lookback
2026-01-04 15:52:50,972 | INFO | src.core.warmup_manager | 🔥 Starting system warmup sequence...
2026-01-04 15:52:50,972 | INFO | src.core.warmup_manager |   🔄 Executing: load_market_data
2026-01-04 15:53:00,751 | INFO | src.core.warmup_manager | Market data loaded: 10/10 symbols, 430 total data points
2026-01-04 15:53:00,751 | INFO | src.core.warmup_manager |   ✅ Completed: load_market_data (9.78s, 430 data points)
2026-01-04 15:53:00,751 | INFO | src.core.warmup_manager |   🔄 Executing: calculate_indicators
2026-01-04 15:53:00,797 | INFO | src.core.warmup_manager | Calculating indicators for HDFCBANK with top data:
                                 open        high         low       close    volume  dividends  stock splits
Date                                                                                                        
2025-11-05 00:00:00+05:30  985.250000  985.250000  985.250000  985.250000         0        0.0           0.0
2025-11-06 00:00:00+05:30  981.000000  991.049988  974.000000  984.650024  22279516        0.0           0.0
2025-11-07 00:00:00+05:30  980.000000  984.900024  974.750000  982.299988  15004568        0.0           0.0
2025-11-10 00:00:00+05:30  982.299988  990.950012  980.200012  984.500000  15988262        0.0           0.0
2025-11-11 00:00:00+05:30  983.500000  993.500000  978.000000  991.700012  10200530        0.0           0.0
2026-01-04 15:53:00,798 | ERROR | src.core.warmup_manager | Indicator calculation failed for HDFCBANK: input array type is not double
2026-01-04 15:53:00,803 | INFO | src.core.warmup_manager | Calculating indicators for ICICIBANK with top data:
                                  open         high          low        close    volume  dividends  stock splits
Date                                                                                                            
2025-11-05 00:00:00+05:30  1336.900024  1336.900024  1336.900024  1336.900024         0        0.0           0.0
2025-11-06 00:00:00+05:30  1330.000000  1342.199951  1317.400024  1320.400024  24221853        0.0           0.0
2025-11-07 00:00:00+05:30  1320.400024  1344.300049  1318.599976  1343.000000   7719245        0.0           0.0
2025-11-10 00:00:00+05:30  1342.900024  1349.599976  1341.000000  1348.000000   8542340        0.0           0.0
2025-11-11 00:00:00+05:30  1349.000000  1360.400024  1346.199951  1358.300049   8305184        0.0           0.0
2026-01-04 15:53:00,805 | ERROR | src.core.warmup_manager | Indicator calculation failed for ICICIBANK: input array type is not double
2026-01-04 15:53:00,810 | INFO | src.core.warmup_manager | Calculating indicators for KOTAKBANK with top data:
                                  open         high          low        close   volume  dividends  stock splits
Date                                                                                                           
2025-11-05 00:00:00+05:30  2096.600098  2096.600098  2096.600098  2096.600098        0        0.0           0.0
2025-11-06 00:00:00+05:30  2073.000000  2103.800049  2072.100098  2083.199951  2380569        0.0           0.0
2025-11-07 00:00:00+05:30  2078.699951  2099.300049  2059.199951  2088.300049  1400189        0.0           0.0
2025-11-10 00:00:00+05:30  2081.000000  2104.800049  2081.000000  2092.699951  2173296        0.0           0.0
2025-11-11 00:00:00+05:30  2100.000000  2103.000000  2074.899902  2086.899902  2162842        0.0           0.0
2026-01-04 15:53:00,811 | ERROR | src.core.warmup_manager | Indicator calculation failed for KOTAKBANK: input array type is not double
2026-01-04 15:53:00,817 | INFO | src.core.warmup_manager | Calculating indicators for AXISBANK with top data:
                                  open         high          low        close   volume  dividends  stock splits
Date                                                                                                           
2025-11-05 00:00:00+05:30  1226.599976  1226.599976  1226.599976  1226.599976        0        0.0           0.0
2025-11-06 00:00:00+05:30  1225.000000  1239.599976  1225.000000  1228.500000  3733721        0.0           0.0
2025-11-07 00:00:00+05:30  1227.000000  1228.800049  1217.000000  1222.800049  3461466        0.0           0.0
2025-11-10 00:00:00+05:30  1222.000000  1232.800049  1215.500000  1217.000000  4140568        0.0           0.0
2025-11-11 00:00:00+05:30  1218.099976  1225.000000  1209.400024  1222.500000  5615453        0.0           0.0
2026-01-04 15:53:00,817 | ERROR | src.core.warmup_manager | Indicator calculation failed for AXISBANK: input array type is not double
2026-01-04 15:53:00,823 | INFO | src.core.warmup_manager | Calculating indicators for SBIN with top data:
                                 open        high         low       close    volume  dividends  stock splits
Date                                                                                                        
2025-11-05 00:00:00+05:30  957.599976  957.599976  957.599976  957.599976         0        0.0           0.0
2025-11-06 00:00:00+05:30  969.650024  971.400024  955.299988  960.750000  23088096        0.0           0.0
2025-11-07 00:00:00+05:30  958.750000  964.849976  944.000000  955.849976  13371323        0.0           0.0
2025-11-10 00:00:00+05:30  956.000000  963.200012  949.099976  951.150024   7343249        0.0           0.0
2025-11-11 00:00:00+05:30  953.599976  954.950012  945.049988  953.299988   8648917        0.0           0.0
2026-01-04 15:53:00,824 | ERROR | src.core.warmup_manager | Indicator calculation failed for SBIN: input array type is not double
2026-01-04 15:53:00,829 | INFO | src.core.warmup_manager | Calculating indicators for TCS with top data:
                                  open         high          low        close   volume  dividends  stock splits
Date                                                                                                           
2025-11-05 00:00:00+05:30  2990.199951  2990.199951  2990.199951  2990.199951        0        0.0           0.0
2025-11-06 00:00:00+05:30  2990.100098  3024.000000  2990.000000  3010.899902  2542721        0.0           0.0
2025-11-07 00:00:00+05:30  3001.000000  3004.000000  2960.500000  2991.800049  1830520        0.0           0.0
2025-11-10 00:00:00+05:30  2993.000000  3047.899902  2992.000000  3025.199951  1556656        0.0           0.0
2025-11-11 00:00:00+05:30  3045.000000  3055.699951  3018.000000  3047.000000  2806868        0.0           0.0
2026-01-04 15:53:00,829 | ERROR | src.core.warmup_manager | Indicator calculation failed for TCS: input array type is not double
2026-01-04 15:53:00,836 | INFO | src.core.warmup_manager | Calculating indicators for INFY with top data:
                                  open         high          low        close    volume  dividends  stock splits
Date                                                                                                            
2025-11-05 00:00:00+05:30  1467.900024  1467.900024  1467.900024  1467.900024         0        0.0           0.0
2025-11-06 00:00:00+05:30  1478.599976  1483.000000  1461.900024  1466.699951   7944752        0.0           0.0
2025-11-07 00:00:00+05:30  1470.000000  1480.900024  1449.099976  1476.800049   8765759        0.0           0.0
2025-11-10 00:00:00+05:30  1490.099976  1520.000000  1490.000000  1513.500000   9787975        0.0           0.0
2025-11-11 00:00:00+05:30  1525.000000  1533.400024  1511.099976  1530.300049  13692989        0.0           0.0
2026-01-04 15:53:00,836 | ERROR | src.core.warmup_manager | Indicator calculation failed for INFY: input array type is not double
2026-01-04 15:53:00,842 | INFO | src.core.warmup_manager | Calculating indicators for HCLTECH with top data:
                                  open         high          low        close   volume  dividends  stock splits
Date                                                                                                           
2025-11-05 00:00:00+05:30  1529.099976  1529.099976  1529.099976  1529.099976        0        0.0           0.0
2025-11-06 00:00:00+05:30  1529.099976  1531.900024  1514.300049  1526.400024  2474769        0.0           0.0
2025-11-07 00:00:00+05:30  1515.099976  1518.800049  1490.500000  1512.400024  2238714        0.0           0.0
2025-11-10 00:00:00+05:30  1518.000000  1544.900024  1511.400024  1540.500000  1558896        0.0           0.0
2025-11-11 00:00:00+05:30  1547.800049  1572.500000  1541.199951  1570.000000  2270763        0.0           0.0
2026-01-04 15:53:00,843 | ERROR | src.core.warmup_manager | Indicator calculation failed for HCLTECH: input array type is not double
2026-01-04 15:53:00,850 | INFO | src.core.warmup_manager | Calculating indicators for WIPRO with top data:
                                 open        high         low       close   volume  dividends  stock splits
Date                                                                                                       
2025-11-05 00:00:00+05:30  237.919998  237.919998  237.919998  237.919998        0        0.0           0.0
2025-11-06 00:00:00+05:30  240.000000  240.619995  238.369995  240.050003  7141517        0.0           0.0
2025-11-07 00:00:00+05:30  238.699997  239.250000  236.000000  236.490005  5520619        0.0           0.0
2025-11-10 00:00:00+05:30  237.440002  241.550003  237.020004  239.839996  8566758        0.0           0.0
2025-11-11 00:00:00+05:30  241.100006  242.050003  238.809998  241.690002  8831094        0.0           0.0
2026-01-04 15:53:00,851 | ERROR | src.core.warmup_manager | Indicator calculation failed for WIPRO: input array type is not double
2026-01-04 15:53:00,857 | INFO | src.core.warmup_manager | Calculating indicators for TECHM with top data:
                                  open         high          low        close   volume  dividends  stock splits
Date                                                                                                           
2025-11-05 00:00:00+05:30  1409.199951  1409.199951  1409.199951  1409.199951        0        0.0           0.0
2025-11-06 00:00:00+05:30  1412.000000  1420.900024  1410.000000  1413.599976  2502412        0.0           0.0
2025-11-07 00:00:00+05:30  1400.099976  1409.800049  1385.000000  1386.699951  1209479        0.0           0.0
2025-11-10 00:00:00+05:30  1386.699951  1404.300049  1383.599976  1397.800049  2883323        0.0           0.0
2025-11-11 00:00:00+05:30  1405.000000  1410.400024  1392.199951  1408.000000  2488036        0.0           0.0
2026-01-04 15:53:00,858 | ERROR | src.core.warmup_manager | Indicator calculation failed for TECHM: input array type is not double
2026-01-04 15:53:00,858 | INFO | src.core.warmup_manager | Technical indicators calculated: 0 total indicators
2026-01-04 15:53:00,858 | INFO | src.core.warmup_manager |   ✅ Completed: calculate_indicators (0.11s, 0 data points)
2026-01-04 15:53:00,858 | INFO | src.core.warmup_manager |   🔄 Executing: warmup_timing
2026-01-04 15:53:07,758 | INFO | src.core.confidence_manager | Reactive confidence manager initialized
2026-01-04 15:53:07,759 | INFO | src.core.realtime_monitor | Real-time market monitor initialized with 60s update interval
2026-01-04 15:53:07,759 | INFO | src.core.data_risk_mitigator | Data source risk mitigator initialized
2026-01-04 15:53:07,759 | INFO | src.strategies.market_detector | Registered real-time callbacks for market events
2026-01-04 15:53:07,760 | INFO | src.core.realtime_monitor | Started monitoring 0 symbols
2026-01-04 15:53:07,760 | INFO | src.strategies.market_detector | Enhanced real-time market detector initialized
2026-01-04 15:53:07,760 | INFO | src.timing.market_regime | Unified MarketRegimeManager initialized
2026-01-04 15:53:08,136 | ERROR | src.strategies.market_detector | Failed to analyze market state: 'dict' object has no attribute 'candle_count'
2026-01-04 15:53:08,136 | INFO | src.timing.market_regime | [MARKET REGIME] SIDEWAYS | confidence=0.50 | volatility=NORMAL
2026-01-04 15:53:08,136 | INFO | src.core.warmup_manager | Timing components warmed up - Current regime: (<MarketRegime.SIDEWAYS: 'SIDEWAYS'>, 0.5)
2026-01-04 15:53:08,137 | INFO | src.core.warmup_manager |   ✅ Completed: warmup_timing (7.28s, 1 data points)
2026-01-04 15:53:08,137 | INFO | src.core.warmup_manager |   🔄 Executing: warmup_regime
2026-01-04 15:53:08,140 | INFO | src.core.warmup_manager | Market regime detection warmed up for 5 symbols
2026-01-04 15:53:08,140 | INFO | src.core.warmup_manager |   ✅ Completed: warmup_regime (0.00s, 5 data points)
2026-01-04 15:53:08,140 | INFO | src.core.warmup_manager |   🔄 Executing: warmup_strategies
2026-01-04 15:53:08,140 | INFO | src.core.confidence_manager | Reactive confidence manager initialized
2026-01-04 15:53:08,141 | INFO | src.core.realtime_monitor | Real-time market monitor initialized with 60s update interval
2026-01-04 15:53:08,141 | INFO | src.core.data_risk_mitigator | Data source risk mitigator initialized
2026-01-04 15:53:08,141 | INFO | src.strategies.market_detector | Registered real-time callbacks for market events
2026-01-04 15:53:08,141 | INFO | src.core.realtime_monitor | Started monitoring 0 symbols
2026-01-04 15:53:08,141 | INFO | src.strategies.market_detector | Enhanced real-time market detector initialized
2026-01-04 15:53:08,142 | INFO | src.core.regime_weighting | Regime-aware strategy weighting system initialized
2026-01-04 15:53:08,142 | INFO | src.strategies.gap_trading | Gap trading strategy initialized
2026-01-04 15:53:08,142 | INFO | src.strategies.momentum_adaptive | Momentum adaptive strategy initialized
2026-01-04 15:53:08,142 | INFO | src.strategies.volatility_regime | Volatility regime strategy initialized
2026-01-04 15:53:08,142 | INFO | src.core.confidence_manager | Reactive confidence manager initialized
2026-01-04 15:53:08,143 | INFO | src.strategies.correlation_sync | Correlation sync strategy initialized with reactive confidence management
2026-01-04 15:53:08,143 | INFO | src.strategies.adaptive_manager | Adaptive strategy manager initialized with regime-aware weighting in AUTO mode
2026-01-04 15:53:08,575 | ERROR | src.strategies.market_detector | Failed to analyze market state: 'dict' object has no attribute 'candle_count'
2026-01-04 15:53:08,725 | INFO | src.core.regime_weighting | Market regime change: None → MarketRegime.VOLATILE_NEUTRAL
2026-01-04 15:53:08,725 | WARNING | src.core.regime_weighting | Regime change to MarketRegime.VOLATILE_NEUTRAL - invalidating confidence
2026-01-04 15:53:08,726 | INFO | src.core.regime_weighting | Significant weight change - Session: POST_MARKET, Regime: VOLATILE_NEUTRAL
2026-01-04 15:53:08,726 | INFO | src.core.regime_weighting |   gap_trading: 0.17 (base: 0.25)
2026-01-04 15:53:08,726 | INFO | src.core.regime_weighting |   momentum_adaptive: 0.19 (base: 0.25)
2026-01-04 15:53:08,726 | INFO | src.core.regime_weighting |   volatility_regime: 0.52 (base: 0.25)
2026-01-04 15:53:08,726 | INFO | src.core.regime_weighting |   correlation_sync: 0.12 (base: 0.25)
2026-01-04 15:53:08,727 | INFO | src.strategies.adaptive_manager | Evaluating HDFCBANK with strategies: ['gap_trading', 'momentum_adaptive', 'volatility_regime', 'correlation_sync'] | Weights: {'gap_trading': 0.16666666666666666, 'momentum_adaptive': 0.18750000000000003, 'volatility_regime': 0.5208333333333334, 'correlation_sync': 0.125}
2026-01-04 15:53:08,808 | ERROR | src.strategies.market_detector | Failed to analyze market state: 'dict' object has no attribute 'candle_count'
2026-01-04 15:53:09,093 | INFO | src.strategies.correlation_sync | Correlation entry approved for HDFCBANK: Correlation entry: MEDIUM correlation (0.565) | Regime: MEDIUM | Confidence: 0.79 (reactive: 0.00)
2026-01-04 15:53:09,215 | ERROR | src.strategies.market_detector | Failed to analyze market state: 'dict' object has no attribute 'candle_count'
2026-01-04 15:53:09,353 | INFO | src.core.regime_weighting | Significant weight change - Session: POST_MARKET, Regime: VOLATILE_NEUTRAL
2026-01-04 15:53:09,354 | INFO | src.core.regime_weighting |   gap_trading: 0.17 (base: 0.25)
2026-01-04 15:53:09,354 | INFO | src.core.regime_weighting |   momentum_adaptive: 0.19 (base: 0.25)
2026-01-04 15:53:09,354 | INFO | src.core.regime_weighting |   volatility_regime: 0.52 (base: 0.25)
2026-01-04 15:53:09,355 | INFO | src.core.regime_weighting |   correlation_sync: 0.12 (base: 0.25)
2026-01-04 15:53:09,355 | INFO | src.strategies.adaptive_manager | Evaluating ICICIBANK with strategies: ['gap_trading', 'momentum_adaptive', 'volatility_regime', 'correlation_sync'] | Weights: {'gap_trading': 0.16666666666666666, 'momentum_adaptive': 0.18750000000000003, 'volatility_regime': 0.5208333333333334, 'correlation_sync': 0.125}
2026-01-04 15:53:09,355 | INFO | src.strategies.correlation_sync | Correlation entry approved for ICICIBANK: Correlation entry: MEDIUM correlation (0.400) | Regime: MEDIUM | Confidence: 0.61 (reactive: 0.00)
2026-01-04 15:53:09,476 | ERROR | src.strategies.market_detector | Failed to analyze market state: 'dict' object has no attribute 'candle_count'
2026-01-04 15:53:09,622 | INFO | src.core.regime_weighting | Significant weight change - Session: POST_MARKET, Regime: VOLATILE_NEUTRAL
2026-01-04 15:53:09,622 | INFO | src.core.regime_weighting |   gap_trading: 0.17 (base: 0.25)
2026-01-04 15:53:09,622 | INFO | src.core.regime_weighting |   momentum_adaptive: 0.19 (base: 0.25)
2026-01-04 15:53:09,623 | INFO | src.core.regime_weighting |   volatility_regime: 0.52 (base: 0.25)
2026-01-04 15:53:09,623 | INFO | src.core.regime_weighting |   correlation_sync: 0.12 (base: 0.25)
2026-01-04 15:53:09,623 | INFO | src.strategies.adaptive_manager | Evaluating KOTAKBANK with strategies: ['gap_trading', 'momentum_adaptive', 'volatility_regime', 'correlation_sync'] | Weights: {'gap_trading': 0.16666666666666666, 'momentum_adaptive': 0.18750000000000003, 'volatility_regime': 0.5208333333333334, 'correlation_sync': 0.125}
2026-01-04 15:53:09,623 | INFO | src.core.warmup_manager | Strategy managers warmed up for 3 symbols
2026-01-04 15:53:09,623 | INFO | src.core.warmup_manager |   ✅ Completed: warmup_strategies (1.48s, 3 data points)
2026-01-04 15:53:09,624 | INFO | src.core.warmup_manager |   🔄 Executing: validate_warmup
2026-01-04 15:53:09,624 | ERROR | src.core.warmup_manager | Warmup validation failed: No indicators calculated
2026-01-04 15:53:09,624 | ERROR | src.core.warmup_manager |   ❌ Failed: validate_warmup (0.00s) - No indicators calculated
2026-01-04 15:53:09,624 | ERROR | src.core.warmup_manager | ❌ Warmup FAILED with 1 task failures
2026-01-04 15:53:09,624 | INFO | src.core.warmup_manager | ============================================================
2026-01-04 15:53:09,624 | INFO | src.core.warmup_manager | WARMUP SUMMARY
2026-01-04 15:53:09,625 | INFO | src.core.warmup_manager | ============================================================
2026-01-04 15:53:09,625 | INFO | src.core.warmup_manager | Status: FAILED
2026-01-04 15:53:09,625 | INFO | src.core.warmup_manager | Duration: 18.65 seconds
2026-01-04 15:53:09,625 | INFO | src.core.warmup_manager | Symbols warmed: 10/10
2026-01-04 15:53:09,625 | INFO | src.core.warmup_manager | Tasks completed: 5/6
2026-01-04 15:53:09,625 | INFO | src.core.warmup_manager | Failed tasks: 1
2026-01-04 15:53:09,625 | ERROR | src.core.warmup_manager |   - validate_warmup: No indicators calculated
2026-01-04 15:53:09,625 | INFO | src.core.warmup_manager | Indicator Status:
2026-01-04 15:53:09,625 | INFO | src.core.warmup_manager |   ❌ SMA_20
2026-01-04 15:53:09,626 | INFO | src.core.warmup_manager |   ❌ SMA_50
2026-01-04 15:53:09,626 | INFO | src.core.warmup_manager |   ❌ EMA_12
2026-01-04 15:53:09,626 | INFO | src.core.warmup_manager |   ❌ EMA_26
2026-01-04 15:53:09,626 | INFO | src.core.warmup_manager |   ❌ RSI_14
2026-01-04 15:53:09,626 | INFO | src.core.warmup_manager |   ❌ MACD
2026-01-04 15:53:09,626 | INFO | src.core.warmup_manager |   ❌ ATR_14
2026-01-04 15:53:09,626 | INFO | src.core.warmup_manager |   ❌ BOLLINGER_BANDS
2026-01-04 15:53:09,626 | INFO | src.core.warmup_manager | ============================================================
2026-01-04 15:53:09,627 | INFO | src.utils.sector_manager | Sector manager initialized
2026-01-04 15:53:09,627 | INFO | src.core.risk_manager | Risk Manager initialized with comprehensive risk controls
2026-01-04 15:53:09,627 | INFO | src.core.risk_governor | Added risk rule: EmergencyStop (priority: 5)
2026-01-04 15:53:09,627 | INFO | src.core.risk_governor | Added risk rule: MarketHours (priority: 10)
2026-01-04 15:53:09,627 | INFO | src.core.risk_governor | Added risk rule: DailyLossLimit (priority: 15)
2026-01-04 15:53:09,628 | INFO | src.core.risk_governor | Added risk rule: VolatilityAdjustment (priority: 25)
2026-01-04 15:53:09,628 | INFO | src.core.risk_governor | Risk Governor initialized with 4 risk rules
2026-01-04 15:53:09,628 | INFO | src.core.warmup_manager | WarmupManager initialized for 100 symbols with 60 days lookback
2026-01-04 15:53:09,628 | INFO | src.core.confidence_manager | Reactive confidence manager initialized
2026-01-04 15:53:09,628 | INFO | src.core.realtime_monitor | Real-time market monitor initialized with 60s update interval
2026-01-04 15:53:09,628 | INFO | src.core.data_risk_mitigator | Data source risk mitigator initialized
2026-01-04 15:53:09,628 | INFO | src.strategies.market_detector | Registered real-time callbacks for market events
2026-01-04 15:53:09,628 | INFO | src.core.realtime_monitor | Started monitoring 0 symbols
2026-01-04 15:53:09,629 | INFO | src.strategies.market_detector | Enhanced real-time market detector initialized
2026-01-04 15:53:09,629 | INFO | src.core.regime_weighting | Regime-aware strategy weighting system initialized
2026-01-04 15:53:09,629 | INFO | src.strategies.gap_trading | Gap trading strategy initialized
2026-01-04 15:53:09,629 | INFO | src.strategies.momentum_adaptive | Momentum adaptive strategy initialized
2026-01-04 15:53:09,629 | INFO | src.strategies.volatility_regime | Volatility regime strategy initialized
2026-01-04 15:53:09,629 | INFO | src.core.confidence_manager | Reactive confidence manager initialized
2026-01-04 15:53:09,629 | INFO | src.strategies.correlation_sync | Correlation sync strategy initialized with reactive confidence management
2026-01-04 15:53:09,629 | INFO | src.strategies.adaptive_manager | Adaptive strategy manager initialized with regime-aware weighting in AUTO mode
2026-01-04 15:53:09,630 | INFO | src.core.engine | Adaptive strategies initialized successfully
2026-01-04 15:53:09,630 | INFO | src.core.engine | Trading engine initialized with timing intelligence disabled
2026-01-04 15:53:09,630 | INFO | src.core.engine | Trading engine initialized with enhanced risk management
2026-01-04 15:53:09,630 | INFO | src.execution.adapter | Initialized PAPER execution adapter
2026-01-04 15:53:09,630 | INFO | src.broker.zerodha | ZerodhaBroker initialized in PAPER mode
2026-01-04 15:53:09,630 | INFO | src.broker.zerodha | Paper trading: No real connection required
2026-01-04 15:53:09,630 | INFO | src.execution.paper | Paper trading initialized
2026-01-04 15:53:09,631 | INFO | src.execution.paper | Paper trading mode initialized
2026-01-04 15:53:09,634 | INFO | src.core.system_arming | Added kill switch: emergency_file (Critical)
2026-01-04 15:53:09,634 | INFO | src.core.system_arming | Added kill switch: daily_loss_limit (Critical)
2026-01-04 15:53:09,634 | INFO | src.core.system_arming | Added kill switch: capital_availability (Critical)
2026-01-04 15:53:09,634 | INFO | src.core.system_arming | Added kill switch: market_hours (Non-critical)
2026-01-04 15:53:09,635 | INFO | src.core.system_arming | Added kill switch: system_health (Critical)
2026-01-04 15:53:09,635 | INFO | src.core.system_arming | Added kill switch: config_integrity (Critical)
2026-01-04 15:53:09,635 | INFO | src.core.system_arming | Added kill switch: state_integrity (Critical)
2026-01-04 15:53:09,635 | INFO | src.core.system_arming | System Arming initialized with 7 kill switches
2026-01-04 15:53:09,636 | INFO | src.core.system_arming | Starting system arming sequence...
2026-01-04 15:53:09,636 | ERROR | src.core.system_arming | Capital availability check failed: 'CapitalParameters' object has no attribute 'max_position_value'
2026-01-04 15:53:09,636 | ERROR | src.core.system_arming | Critical safety check failed: capital_availability
2026-01-04 15:59:01,101 | INFO | config.enhanced_config_manager | Timing config loaded: enabled=False
2026-01-04 15:59:01,102 | INFO | src.core.risk_manager | Risk Manager initialized with comprehensive risk controls
2026-01-04 15:59:01,102 | INFO | src.screener.excel_screener | Excel screener initialized: MiniRobo.xlsx
2026-01-04 15:59:02,698 | INFO | src.screener.excel_screener | Loaded 100 enabled stocks from universe
2026-01-04 15:59:03,216 | INFO | src.core.warmup_manager | WarmupManager initialized for 10 symbols with 60 days lookback
2026-01-04 15:59:03,216 | INFO | src.core.warmup_manager | 🔥 Starting system warmup sequence...
2026-01-04 15:59:03,217 | INFO | src.core.warmup_manager |   🔄 Executing: load_market_data
2026-01-04 15:59:04,887 | INFO | src.core.warmup_manager | Market data loaded: 10/10 symbols, 430 total data points
2026-01-04 15:59:04,887 | INFO | src.core.warmup_manager |   ✅ Completed: load_market_data (1.67s, 430 data points)
2026-01-04 15:59:04,887 | INFO | src.core.warmup_manager |   🔄 Executing: calculate_indicators
2026-01-04 15:59:04,904 | INFO | src.core.warmup_manager | Calculating indicators for HDFCBANK with top data:
                                 open        high         low       close    volume  dividends  stock splits
Date                                                                                                        
2025-11-05 00:00:00+05:30  985.250000  985.250000  985.250000  985.250000         0        0.0           0.0
2025-11-06 00:00:00+05:30  981.000000  991.049988  974.000000  984.650024  22279516        0.0           0.0
2025-11-07 00:00:00+05:30  980.000000  984.900024  974.750000  982.299988  15004568        0.0           0.0
2025-11-10 00:00:00+05:30  982.299988  990.950012  980.200012  984.500000  15988262        0.0           0.0
2025-11-11 00:00:00+05:30  983.500000  993.500000  978.000000  991.700012  10200530        0.0           0.0
2026-01-04 15:59:04,904 | ERROR | src.core.warmup_manager | Indicator calculation failed for HDFCBANK: input array type is not double
2026-01-04 15:59:04,911 | INFO | src.core.warmup_manager | Calculating indicators for ICICIBANK with top data:
                                  open         high          low        close    volume  dividends  stock splits
Date                                                                                                            
2025-11-05 00:00:00+05:30  1336.900024  1336.900024  1336.900024  1336.900024         0        0.0           0.0
2025-11-06 00:00:00+05:30  1330.000000  1342.199951  1317.400024  1320.400024  24221853        0.0           0.0
2025-11-07 00:00:00+05:30  1320.400024  1344.300049  1318.599976  1343.000000   7719245        0.0           0.0
2025-11-10 00:00:00+05:30  1342.900024  1349.599976  1341.000000  1348.000000   8542340        0.0           0.0
2025-11-11 00:00:00+05:30  1349.000000  1360.400024  1346.199951  1358.300049   8305184        0.0           0.0
2026-01-04 15:59:04,912 | ERROR | src.core.warmup_manager | Indicator calculation failed for ICICIBANK: input array type is not double
2026-01-04 15:59:04,919 | INFO | src.core.warmup_manager | Calculating indicators for KOTAKBANK with top data:
                                  open         high          low        close   volume  dividends  stock splits
Date                                                                                                           
2025-11-05 00:00:00+05:30  2096.600098  2096.600098  2096.600098  2096.600098        0        0.0           0.0
2025-11-06 00:00:00+05:30  2073.000000  2103.800049  2072.100098  2083.199951  2380569        0.0           0.0
2025-11-07 00:00:00+05:30  2078.699951  2099.300049  2059.199951  2088.300049  1400189        0.0           0.0
2025-11-10 00:00:00+05:30  2081.000000  2104.800049  2081.000000  2092.699951  2173296        0.0           0.0
2025-11-11 00:00:00+05:30  2100.000000  2103.000000  2074.899902  2086.899902  2162842        0.0           0.0
2026-01-04 15:59:04,919 | ERROR | src.core.warmup_manager | Indicator calculation failed for KOTAKBANK: input array type is not double
2026-01-04 15:59:04,926 | INFO | src.core.warmup_manager | Calculating indicators for AXISBANK with top data:
                                  open         high          low        close   volume  dividends  stock splits
Date                                                                                                           
2025-11-05 00:00:00+05:30  1226.599976  1226.599976  1226.599976  1226.599976        0        0.0           0.0
2025-11-06 00:00:00+05:30  1225.000000  1239.599976  1225.000000  1228.500000  3733721        0.0           0.0
2025-11-07 00:00:00+05:30  1227.000000  1228.800049  1217.000000  1222.800049  3461466        0.0           0.0
2025-11-10 00:00:00+05:30  1222.000000  1232.800049  1215.500000  1217.000000  4140568        0.0           0.0
2025-11-11 00:00:00+05:30  1218.099976  1225.000000  1209.400024  1222.500000  5615453        0.0           0.0
2026-01-04 15:59:04,927 | ERROR | src.core.warmup_manager | Indicator calculation failed for AXISBANK: input array type is not double
2026-01-04 15:59:04,937 | INFO | src.core.warmup_manager | Calculating indicators for SBIN with top data:
                                 open        high         low       close    volume  dividends  stock splits
Date                                                                                                        
2025-11-05 00:00:00+05:30  957.599976  957.599976  957.599976  957.599976         0        0.0           0.0
2025-11-06 00:00:00+05:30  969.650024  971.400024  955.299988  960.750000  23088096        0.0           0.0
2025-11-07 00:00:00+05:30  958.750000  964.849976  944.000000  955.849976  13371323        0.0           0.0
2025-11-10 00:00:00+05:30  956.000000  963.200012  949.099976  951.150024   7343249        0.0           0.0
2025-11-11 00:00:00+05:30  953.599976  954.950012  945.049988  953.299988   8648917        0.0           0.0
2026-01-04 15:59:04,938 | ERROR | src.core.warmup_manager | Indicator calculation failed for SBIN: input array type is not double
2026-01-04 15:59:04,946 | INFO | src.core.warmup_manager | Calculating indicators for TCS with top data:
                                  open         high          low        close   volume  dividends  stock splits
Date                                                                                                           
2025-11-05 00:00:00+05:30  2990.199951  2990.199951  2990.199951  2990.199951        0        0.0           0.0
2025-11-06 00:00:00+05:30  2990.100098  3024.000000  2990.000000  3010.899902  2542721        0.0           0.0
2025-11-07 00:00:00+05:30  3001.000000  3004.000000  2960.500000  2991.800049  1830520        0.0           0.0
2025-11-10 00:00:00+05:30  2993.000000  3047.899902  2992.000000  3025.199951  1556656        0.0           0.0
2025-11-11 00:00:00+05:30  3045.000000  3055.699951  3018.000000  3047.000000  2806868        0.0           0.0
2026-01-04 15:59:04,947 | ERROR | src.core.warmup_manager | Indicator calculation failed for TCS: input array type is not double
2026-01-04 15:59:04,954 | INFO | src.core.warmup_manager | Calculating indicators for INFY with top data:
                                  open         high          low        close    volume  dividends  stock splits
Date                                                                                                            
2025-11-05 00:00:00+05:30  1467.900024  1467.900024  1467.900024  1467.900024         0        0.0           0.0
2025-11-06 00:00:00+05:30  1478.599976  1483.000000  1461.900024  1466.699951   7944752        0.0           0.0
2025-11-07 00:00:00+05:30  1470.000000  1480.900024  1449.099976  1476.800049   8765759        0.0           0.0
2025-11-10 00:00:00+05:30  1490.099976  1520.000000  1490.000000  1513.500000   9787975        0.0           0.0
2025-11-11 00:00:00+05:30  1525.000000  1533.400024  1511.099976  1530.300049  13692989        0.0           0.0
2026-01-04 15:59:04,955 | ERROR | src.core.warmup_manager | Indicator calculation failed for INFY: input array type is not double
2026-01-04 15:59:04,965 | INFO | src.core.warmup_manager | Calculating indicators for HCLTECH with top data:
                                  open         high          low        close   volume  dividends  stock splits
Date                                                                                                           
2025-11-05 00:00:00+05:30  1529.099976  1529.099976  1529.099976  1529.099976        0        0.0           0.0
2025-11-06 00:00:00+05:30  1529.099976  1531.900024  1514.300049  1526.400024  2474769        0.0           0.0
2025-11-07 00:00:00+05:30  1515.099976  1518.800049  1490.500000  1512.400024  2238714        0.0           0.0
2025-11-10 00:00:00+05:30  1518.000000  1544.900024  1511.400024  1540.500000  1558896        0.0           0.0
2025-11-11 00:00:00+05:30  1547.800049  1572.500000  1541.199951  1570.000000  2270763        0.0           0.0
2026-01-04 15:59:04,966 | ERROR | src.core.warmup_manager | Indicator calculation failed for HCLTECH: input array type is not double
2026-01-04 15:59:04,974 | INFO | src.core.warmup_manager | Calculating indicators for WIPRO with top data:
                                 open        high         low       close   volume  dividends  stock splits
Date                                                                                                       
2025-11-05 00:00:00+05:30  237.919998  237.919998  237.919998  237.919998        0        0.0           0.0
2025-11-06 00:00:00+05:30  240.000000  240.619995  238.369995  240.050003  7141517        0.0           0.0
2025-11-07 00:00:00+05:30  238.699997  239.250000  236.000000  236.490005  5520619        0.0           0.0
2025-11-10 00:00:00+05:30  237.440002  241.550003  237.020004  239.839996  8566758        0.0           0.0
2025-11-11 00:00:00+05:30  241.100006  242.050003  238.809998  241.690002  8831094        0.0           0.0
2026-01-04 15:59:04,975 | ERROR | src.core.warmup_manager | Indicator calculation failed for WIPRO: input array type is not double
2026-01-04 15:59:04,988 | INFO | src.core.warmup_manager | Calculating indicators for TECHM with top data:
                                  open         high          low        close   volume  dividends  stock splits
Date                                                                                                           
2025-11-05 00:00:00+05:30  1409.199951  1409.199951  1409.199951  1409.199951        0        0.0           0.0
2025-11-06 00:00:00+05:30  1412.000000  1420.900024  1410.000000  1413.599976  2502412        0.0           0.0
2025-11-07 00:00:00+05:30  1400.099976  1409.800049  1385.000000  1386.699951  1209479        0.0           0.0
2025-11-10 00:00:00+05:30  1386.699951  1404.300049  1383.599976  1397.800049  2883323        0.0           0.0
2025-11-11 00:00:00+05:30  1405.000000  1410.400024  1392.199951  1408.000000  2488036        0.0           0.0
2026-01-04 15:59:04,989 | ERROR | src.core.warmup_manager | Indicator calculation failed for TECHM: input array type is not double
2026-01-04 15:59:04,989 | INFO | src.core.warmup_manager | Technical indicators calculated: 0 total indicators
2026-01-04 15:59:04,990 | INFO | src.core.warmup_manager |   ✅ Completed: calculate_indicators (0.10s, 0 data points)
2026-01-04 15:59:04,990 | INFO | src.core.warmup_manager |   🔄 Executing: warmup_timing
2026-01-04 15:59:05,735 | INFO | src.core.confidence_manager | Reactive confidence manager initialized
2026-01-04 15:59:05,736 | INFO | src.core.realtime_monitor | Real-time market monitor initialized with 60s update interval
2026-01-04 15:59:05,736 | INFO | src.core.data_risk_mitigator | Data source risk mitigator initialized
2026-01-04 15:59:05,736 | INFO | src.strategies.market_detector | Registered real-time callbacks for market events
2026-01-04 15:59:05,736 | INFO | src.core.realtime_monitor | Started monitoring 0 symbols
2026-01-04 15:59:05,737 | INFO | src.strategies.market_detector | Enhanced real-time market detector initialized
2026-01-04 15:59:05,737 | INFO | src.timing.market_regime | Unified MarketRegimeManager initialized
2026-01-04 15:59:06,205 | ERROR | src.strategies.market_detector | Failed to analyze market state: 'dict' object has no attribute 'candle_count'
2026-01-04 15:59:06,205 | INFO | src.timing.market_regime | [MARKET REGIME] SIDEWAYS | confidence=0.50 | volatility=NORMAL
2026-01-04 15:59:06,206 | INFO | src.core.warmup_manager | Timing components warmed up - Current regime: (<MarketRegime.SIDEWAYS: 'SIDEWAYS'>, 0.5)
2026-01-04 15:59:06,206 | INFO | src.core.warmup_manager |   ✅ Completed: warmup_timing (1.22s, 1 data points)
2026-01-04 15:59:06,206 | INFO | src.core.warmup_manager |   🔄 Executing: warmup_regime
2026-01-04 15:59:06,210 | INFO | src.core.warmup_manager | Market regime detection warmed up for 5 symbols
2026-01-04 15:59:06,210 | INFO | src.core.warmup_manager |   ✅ Completed: warmup_regime (0.00s, 5 data points)
2026-01-04 15:59:06,210 | INFO | src.core.warmup_manager |   🔄 Executing: warmup_strategies
2026-01-04 15:59:06,210 | INFO | src.core.confidence_manager | Reactive confidence manager initialized
2026-01-04 15:59:06,211 | INFO | src.core.realtime_monitor | Real-time market monitor initialized with 60s update interval
2026-01-04 15:59:06,211 | INFO | src.core.data_risk_mitigator | Data source risk mitigator initialized
2026-01-04 15:59:06,211 | INFO | src.strategies.market_detector | Registered real-time callbacks for market events
2026-01-04 15:59:06,211 | INFO | src.core.realtime_monitor | Started monitoring 0 symbols
2026-01-04 15:59:06,212 | INFO | src.strategies.market_detector | Enhanced real-time market detector initialized
2026-01-04 15:59:06,212 | INFO | src.core.regime_weighting | Regime-aware strategy weighting system initialized
2026-01-04 15:59:06,212 | INFO | src.strategies.gap_trading | Gap trading strategy initialized
2026-01-04 15:59:06,212 | INFO | src.strategies.momentum_adaptive | Momentum adaptive strategy initialized
2026-01-04 15:59:06,212 | INFO | src.strategies.volatility_regime | Volatility regime strategy initialized
2026-01-04 15:59:06,212 | INFO | src.core.confidence_manager | Reactive confidence manager initialized
2026-01-04 15:59:06,213 | INFO | src.strategies.correlation_sync | Correlation sync strategy initialized with reactive confidence management
2026-01-04 15:59:06,213 | INFO | src.strategies.adaptive_manager | Adaptive strategy manager initialized with regime-aware weighting in AUTO mode
2026-01-04 15:59:06,670 | ERROR | src.strategies.market_detector | Failed to analyze market state: 'dict' object has no attribute 'candle_count'
2026-01-04 15:59:06,821 | INFO | src.core.regime_weighting | Market regime change: None → MarketRegime.VOLATILE_NEUTRAL
2026-01-04 15:59:06,822 | WARNING | src.core.regime_weighting | Regime change to MarketRegime.VOLATILE_NEUTRAL - invalidating confidence
2026-01-04 15:59:06,822 | INFO | src.core.regime_weighting | Significant weight change - Session: POST_MARKET, Regime: VOLATILE_NEUTRAL
2026-01-04 15:59:06,822 | INFO | src.core.regime_weighting |   gap_trading: 0.17 (base: 0.25)
2026-01-04 15:59:06,822 | INFO | src.core.regime_weighting |   momentum_adaptive: 0.19 (base: 0.25)
2026-01-04 15:59:06,823 | INFO | src.core.regime_weighting |   volatility_regime: 0.52 (base: 0.25)
2026-01-04 15:59:06,823 | INFO | src.core.regime_weighting |   correlation_sync: 0.12 (base: 0.25)
2026-01-04 15:59:06,823 | INFO | src.strategies.adaptive_manager | Evaluating HDFCBANK with strategies: ['gap_trading', 'momentum_adaptive', 'volatility_regime', 'correlation_sync'] | Weights: {'gap_trading': 0.16666666666666666, 'momentum_adaptive': 0.18750000000000003, 'volatility_regime': 0.5208333333333334, 'correlation_sync': 0.125}
2026-01-04 15:59:06,974 | ERROR | src.strategies.market_detector | Failed to analyze market state: 'dict' object has no attribute 'candle_count'
2026-01-04 15:59:07,241 | INFO | src.strategies.correlation_sync | Correlation entry approved for HDFCBANK: Correlation entry: MEDIUM correlation (0.565) | Regime: MEDIUM | Confidence: 0.79 (reactive: 0.00)
2026-01-04 15:59:07,373 | ERROR | src.strategies.market_detector | Failed to analyze market state: 'dict' object has no attribute 'candle_count'
2026-01-04 15:59:07,511 | INFO | src.core.regime_weighting | Significant weight change - Session: POST_MARKET, Regime: VOLATILE_NEUTRAL
2026-01-04 15:59:07,512 | INFO | src.core.regime_weighting |   gap_trading: 0.17 (base: 0.25)
2026-01-04 15:59:07,512 | INFO | src.core.regime_weighting |   momentum_adaptive: 0.19 (base: 0.25)
2026-01-04 15:59:07,512 | INFO | src.core.regime_weighting |   volatility_regime: 0.52 (base: 0.25)
2026-01-04 15:59:07,512 | INFO | src.core.regime_weighting |   correlation_sync: 0.12 (base: 0.25)
2026-01-04 15:59:07,513 | INFO | src.strategies.adaptive_manager | Evaluating ICICIBANK with strategies: ['gap_trading', 'momentum_adaptive', 'volatility_regime', 'correlation_sync'] | Weights: {'gap_trading': 0.16666666666666666, 'momentum_adaptive': 0.18750000000000003, 'volatility_regime': 0.5208333333333334, 'correlation_sync': 0.125}
2026-01-04 15:59:07,513 | INFO | src.strategies.correlation_sync | Correlation entry approved for ICICIBANK: Correlation entry: MEDIUM correlation (0.400) | Regime: MEDIUM | Confidence: 0.61 (reactive: 0.00)
2026-01-04 15:59:07,581 | ERROR | src.strategies.market_detector | Failed to analyze market state: 'dict' object has no attribute 'candle_count'
2026-01-04 15:59:07,719 | INFO | src.core.regime_weighting | Significant weight change - Session: POST_MARKET, Regime: VOLATILE_NEUTRAL
2026-01-04 15:59:07,720 | INFO | src.core.regime_weighting |   gap_trading: 0.17 (base: 0.25)
2026-01-04 15:59:07,720 | INFO | src.core.regime_weighting |   momentum_adaptive: 0.19 (base: 0.25)
2026-01-04 15:59:07,720 | INFO | src.core.regime_weighting |   volatility_regime: 0.52 (base: 0.25)
2026-01-04 15:59:07,720 | INFO | src.core.regime_weighting |   correlation_sync: 0.12 (base: 0.25)
2026-01-04 15:59:07,720 | INFO | src.strategies.adaptive_manager | Evaluating KOTAKBANK with strategies: ['gap_trading', 'momentum_adaptive', 'volatility_regime', 'correlation_sync'] | Weights: {'gap_trading': 0.16666666666666666, 'momentum_adaptive': 0.18750000000000003, 'volatility_regime': 0.5208333333333334, 'correlation_sync': 0.125}
2026-01-04 15:59:07,721 | INFO | src.core.warmup_manager | Strategy managers warmed up for 3 symbols
2026-01-04 15:59:07,721 | INFO | src.core.warmup_manager |   ✅ Completed: warmup_strategies (1.51s, 3 data points)
2026-01-04 15:59:07,721 | INFO | src.core.warmup_manager |   🔄 Executing: validate_warmup
2026-01-04 15:59:07,721 | ERROR | src.core.warmup_manager | Warmup validation failed: No indicators calculated
2026-01-04 15:59:07,722 | ERROR | src.core.warmup_manager |   ❌ Failed: validate_warmup (0.00s) - No indicators calculated
2026-01-04 15:59:07,722 | ERROR | src.core.warmup_manager | ❌ Warmup FAILED with 1 task failures
2026-01-04 15:59:07,722 | INFO | src.core.warmup_manager | ============================================================
2026-01-04 15:59:07,722 | INFO | src.core.warmup_manager | WARMUP SUMMARY
2026-01-04 15:59:07,723 | INFO | src.core.warmup_manager | ============================================================
2026-01-04 15:59:07,723 | INFO | src.core.warmup_manager | Status: FAILED
2026-01-04 15:59:07,723 | INFO | src.core.warmup_manager | Duration: 4.51 seconds
2026-01-04 15:59:07,723 | INFO | src.core.warmup_manager | Symbols warmed: 10/10
2026-01-04 15:59:07,723 | INFO | src.core.warmup_manager | Tasks completed: 5/6
2026-01-04 15:59:07,723 | INFO | src.core.warmup_manager | Failed tasks: 1
2026-01-04 15:59:07,723 | ERROR | src.core.warmup_manager |   - validate_warmup: No indicators calculated
2026-01-04 15:59:07,724 | INFO | src.core.warmup_manager | Indicator Status:
2026-01-04 15:59:07,724 | INFO | src.core.warmup_manager |   ❌ SMA_20
2026-01-04 15:59:07,724 | INFO | src.core.warmup_manager |   ❌ SMA_50
2026-01-04 15:59:07,724 | INFO | src.core.warmup_manager |   ❌ EMA_12
2026-01-04 15:59:07,724 | INFO | src.core.warmup_manager |   ❌ EMA_26
2026-01-04 15:59:07,724 | INFO | src.core.warmup_manager |   ❌ RSI_14
2026-01-04 15:59:07,724 | INFO | src.core.warmup_manager |   ❌ MACD
2026-01-04 15:59:07,725 | INFO | src.core.warmup_manager |   ❌ ATR_14
2026-01-04 15:59:07,725 | INFO | src.core.warmup_manager |   ❌ BOLLINGER_BANDS
2026-01-04 15:59:07,725 | INFO | src.core.warmup_manager | ============================================================
2026-01-04 15:59:07,725 | INFO | src.utils.sector_manager | Sector manager initialized
2026-01-04 15:59:07,726 | INFO | src.core.risk_manager | Risk Manager initialized with comprehensive risk controls
2026-01-04 15:59:07,726 | INFO | src.core.risk_governor | Added risk rule: EmergencyStop (priority: 5)
2026-01-04 15:59:07,726 | INFO | src.core.risk_governor | Added risk rule: MarketHours (priority: 10)
2026-01-04 15:59:07,726 | INFO | src.core.risk_governor | Added risk rule: DailyLossLimit (priority: 15)
2026-01-04 15:59:07,726 | INFO | src.core.risk_governor | Added risk rule: VolatilityAdjustment (priority: 25)
2026-01-04 15:59:07,726 | INFO | src.core.risk_governor | Risk Governor initialized with 4 risk rules
2026-01-04 15:59:07,727 | INFO | src.core.warmup_manager | WarmupManager initialized for 100 symbols with 60 days lookback
2026-01-04 15:59:07,727 | INFO | src.core.confidence_manager | Reactive confidence manager initialized
2026-01-04 15:59:07,727 | INFO | src.core.realtime_monitor | Real-time market monitor initialized with 60s update interval
2026-01-04 15:59:07,727 | INFO | src.core.data_risk_mitigator | Data source risk mitigator initialized
2026-01-04 15:59:07,727 | INFO | src.strategies.market_detector | Registered real-time callbacks for market events
2026-01-04 15:59:07,728 | INFO | src.core.realtime_monitor | Started monitoring 0 symbols
2026-01-04 15:59:07,728 | INFO | src.strategies.market_detector | Enhanced real-time market detector initialized
2026-01-04 15:59:07,728 | INFO | src.core.regime_weighting | Regime-aware strategy weighting system initialized
2026-01-04 15:59:07,728 | INFO | src.strategies.gap_trading | Gap trading strategy initialized
2026-01-04 15:59:07,728 | INFO | src.strategies.momentum_adaptive | Momentum adaptive strategy initialized
2026-01-04 15:59:07,729 | INFO | src.strategies.volatility_regime | Volatility regime strategy initialized
2026-01-04 15:59:07,729 | INFO | src.core.confidence_manager | Reactive confidence manager initialized
2026-01-04 15:59:07,729 | INFO | src.strategies.correlation_sync | Correlation sync strategy initialized with reactive confidence management
2026-01-04 15:59:07,729 | INFO | src.strategies.adaptive_manager | Adaptive strategy manager initialized with regime-aware weighting in AUTO mode
2026-01-04 15:59:07,729 | INFO | src.core.engine | Adaptive strategies initialized successfully
2026-01-04 15:59:07,729 | INFO | src.core.engine | Trading engine initialized with timing intelligence disabled
2026-01-04 15:59:07,729 | INFO | src.core.engine | Trading engine initialized with enhanced risk management
2026-01-04 15:59:07,730 | INFO | src.execution.adapter | Initialized PAPER execution adapter
2026-01-04 15:59:07,730 | INFO | src.broker.zerodha | ZerodhaBroker initialized in PAPER mode
2026-01-04 15:59:07,730 | INFO | src.broker.zerodha | Paper trading: No real connection required
2026-01-04 15:59:07,731 | INFO | src.execution.paper | Paper trading initialized
2026-01-04 15:59:07,731 | INFO | src.execution.paper | Paper trading mode initialized
2026-01-04 15:59:07,735 | INFO | src.core.system_arming | Added kill switch: emergency_file (Critical)
2026-01-04 15:59:07,735 | INFO | src.core.system_arming | Added kill switch: daily_loss_limit (Critical)
2026-01-04 15:59:07,736 | INFO | src.core.system_arming | Added kill switch: capital_availability (Critical)
2026-01-04 15:59:07,736 | INFO | src.core.system_arming | Added kill switch: market_hours (Non-critical)
2026-01-04 15:59:07,736 | INFO | src.core.system_arming | Added kill switch: system_health (Critical)
2026-01-04 15:59:07,736 | INFO | src.core.system_arming | Added kill switch: config_integrity (Critical)
2026-01-04 15:59:07,736 | INFO | src.core.system_arming | Added kill switch: state_integrity (Critical)
2026-01-04 15:59:07,736 | INFO | src.core.system_arming | System Arming initialized with 7 kill switches
2026-01-04 15:59:07,736 | INFO | src.core.system_arming | Starting system arming sequence...
2026-01-04 15:59:07,737 | ERROR | src.core.system_arming | Capital availability check failed: 'CapitalParameters' object has no attribute 'max_position_value'
2026-01-04 15:59:07,737 | ERROR | src.core.system_arming | Critical safety check failed: capital_availability
2026-01-04 16:01:25,773 | INFO | config.enhanced_config_manager | Timing config loaded: enabled=False
2026-01-04 16:01:25,773 | INFO | src.core.risk_manager | Risk Manager initialized with comprehensive risk controls
2026-01-04 16:01:25,774 | INFO | src.screener.excel_screener | Excel screener initialized: MiniRobo.xlsx
2026-01-04 16:01:27,301 | INFO | src.screener.excel_screener | Loaded 100 enabled stocks from universe
2026-01-04 16:01:27,860 | INFO | src.core.warmup_manager | WarmupManager initialized for 10 symbols with 60 days lookback
2026-01-04 16:01:27,860 | INFO | src.core.warmup_manager | 🔥 Starting system warmup sequence...
2026-01-04 16:01:27,860 | INFO | src.core.warmup_manager |   🔄 Executing: load_market_data
2026-01-04 16:01:29,751 | INFO | src.core.warmup_manager | Market data loaded: 10/10 symbols, 430 total data points
2026-01-04 16:01:29,751 | INFO | src.core.warmup_manager |   ✅ Completed: load_market_data (1.89s, 430 data points)
2026-01-04 16:01:29,752 | INFO | src.core.warmup_manager |   🔄 Executing: calculate_indicators
2026-01-04 16:01:29,766 | INFO | src.core.warmup_manager | Calculating indicators for HDFCBANK with top data:
                                 open        high         low       close    volume  dividends  stock splits
Date                                                                                                        
2025-11-05 00:00:00+05:30  985.250000  985.250000  985.250000  985.250000         0        0.0           0.0
2025-11-06 00:00:00+05:30  981.000000  991.049988  974.000000  984.650024  22279516        0.0           0.0
2025-11-07 00:00:00+05:30  980.000000  984.900024  974.750000  982.299988  15004568        0.0           0.0
2025-11-10 00:00:00+05:30  982.299988  990.950012  980.200012  984.500000  15988262        0.0           0.0
2025-11-11 00:00:00+05:30  983.500000  993.500000  978.000000  991.700012  10200530        0.0           0.0
2026-01-04 16:01:29,771 | INFO | src.core.warmup_manager | Calculating indicators for ICICIBANK with top data:
                                  open         high          low        close    volume  dividends  stock splits
Date                                                                                                            
2025-11-05 00:00:00+05:30  1336.900024  1336.900024  1336.900024  1336.900024         0        0.0           0.0
2025-11-06 00:00:00+05:30  1330.000000  1342.199951  1317.400024  1320.400024  24221853        0.0           0.0
2025-11-07 00:00:00+05:30  1320.400024  1344.300049  1318.599976  1343.000000   7719245        0.0           0.0
2025-11-10 00:00:00+05:30  1342.900024  1349.599976  1341.000000  1348.000000   8542340        0.0           0.0
2025-11-11 00:00:00+05:30  1349.000000  1360.400024  1346.199951  1358.300049   8305184        0.0           0.0
2026-01-04 16:01:29,777 | INFO | src.core.warmup_manager | Calculating indicators for KOTAKBANK with top data:
                                  open         high          low        close   volume  dividends  stock splits
Date                                                                                                           
2025-11-05 00:00:00+05:30  2096.600098  2096.600098  2096.600098  2096.600098        0        0.0           0.0
2025-11-06 00:00:00+05:30  2073.000000  2103.800049  2072.100098  2083.199951  2380569        0.0           0.0
2025-11-07 00:00:00+05:30  2078.699951  2099.300049  2059.199951  2088.300049  1400189        0.0           0.0
2025-11-10 00:00:00+05:30  2081.000000  2104.800049  2081.000000  2092.699951  2173296        0.0           0.0
2025-11-11 00:00:00+05:30  2100.000000  2103.000000  2074.899902  2086.899902  2162842        0.0           0.0
2026-01-04 16:01:29,784 | INFO | src.core.warmup_manager | Calculating indicators for AXISBANK with top data:
                                  open         high          low        close   volume  dividends  stock splits
Date                                                                                                           
2025-11-05 00:00:00+05:30  1226.599976  1226.599976  1226.599976  1226.599976        0        0.0           0.0
2025-11-06 00:00:00+05:30  1225.000000  1239.599976  1225.000000  1228.500000  3733721        0.0           0.0
2025-11-07 00:00:00+05:30  1227.000000  1228.800049  1217.000000  1222.800049  3461466        0.0           0.0
2025-11-10 00:00:00+05:30  1222.000000  1232.800049  1215.500000  1217.000000  4140568        0.0           0.0
2025-11-11 00:00:00+05:30  1218.099976  1225.000000  1209.400024  1222.500000  5615453        0.0           0.0
2026-01-04 16:01:29,793 | INFO | src.core.warmup_manager | Calculating indicators for SBIN with top data:
                                 open        high         low       close    volume  dividends  stock splits
Date                                                                                                        
2025-11-05 00:00:00+05:30  957.599976  957.599976  957.599976  957.599976         0        0.0           0.0
2025-11-06 00:00:00+05:30  969.650024  971.400024  955.299988  960.750000  23088096        0.0           0.0
2025-11-07 00:00:00+05:30  958.750000  964.849976  944.000000  955.849976  13371323        0.0           0.0
2025-11-10 00:00:00+05:30  956.000000  963.200012  949.099976  951.150024   7343249        0.0           0.0
2025-11-11 00:00:00+05:30  953.599976  954.950012  945.049988  953.299988   8648917        0.0           0.0
2026-01-04 16:01:29,802 | INFO | src.core.warmup_manager | Calculating indicators for TCS with top data:
                                  open         high          low        close   volume  dividends  stock splits
Date                                                                                                           
2025-11-05 00:00:00+05:30  2990.199951  2990.199951  2990.199951  2990.199951        0        0.0           0.0
2025-11-06 00:00:00+05:30  2990.100098  3024.000000  2990.000000  3010.899902  2542721        0.0           0.0
2025-11-07 00:00:00+05:30  3001.000000  3004.000000  2960.500000  2991.800049  1830520        0.0           0.0
2025-11-10 00:00:00+05:30  2993.000000  3047.899902  2992.000000  3025.199951  1556656        0.0           0.0
2025-11-11 00:00:00+05:30  3045.000000  3055.699951  3018.000000  3047.000000  2806868        0.0           0.0
2026-01-04 16:01:29,807 | INFO | src.core.warmup_manager | Calculating indicators for INFY with top data:
                                  open         high          low        close    volume  dividends  stock splits
Date                                                                                                            
2025-11-05 00:00:00+05:30  1467.900024  1467.900024  1467.900024  1467.900024         0        0.0           0.0
2025-11-06 00:00:00+05:30  1478.599976  1483.000000  1461.900024  1466.699951   7944752        0.0           0.0
2025-11-07 00:00:00+05:30  1470.000000  1480.900024  1449.099976  1476.800049   8765759        0.0           0.0
2025-11-10 00:00:00+05:30  1490.099976  1520.000000  1490.000000  1513.500000   9787975        0.0           0.0
2025-11-11 00:00:00+05:30  1525.000000  1533.400024  1511.099976  1530.300049  13692989        0.0           0.0
2026-01-04 16:01:29,815 | INFO | src.core.warmup_manager | Calculating indicators for HCLTECH with top data:
                                  open         high          low        close   volume  dividends  stock splits
Date                                                                                                           
2025-11-05 00:00:00+05:30  1529.099976  1529.099976  1529.099976  1529.099976        0        0.0           0.0
2025-11-06 00:00:00+05:30  1529.099976  1531.900024  1514.300049  1526.400024  2474769        0.0           0.0
2025-11-07 00:00:00+05:30  1515.099976  1518.800049  1490.500000  1512.400024  2238714        0.0           0.0
2025-11-10 00:00:00+05:30  1518.000000  1544.900024  1511.400024  1540.500000  1558896        0.0           0.0
2025-11-11 00:00:00+05:30  1547.800049  1572.500000  1541.199951  1570.000000  2270763        0.0           0.0
2026-01-04 16:01:29,820 | INFO | src.core.warmup_manager | Calculating indicators for WIPRO with top data:
                                 open        high         low       close   volume  dividends  stock splits
Date                                                                                                       
2025-11-05 00:00:00+05:30  237.919998  237.919998  237.919998  237.919998        0        0.0           0.0
2025-11-06 00:00:00+05:30  240.000000  240.619995  238.369995  240.050003  7141517        0.0           0.0
2025-11-07 00:00:00+05:30  238.699997  239.250000  236.000000  236.490005  5520619        0.0           0.0
2025-11-10 00:00:00+05:30  237.440002  241.550003  237.020004  239.839996  8566758        0.0           0.0
2025-11-11 00:00:00+05:30  241.100006  242.050003  238.809998  241.690002  8831094        0.0           0.0
2026-01-04 16:01:29,828 | INFO | src.core.warmup_manager | Calculating indicators for TECHM with top data:
                                  open         high          low        close   volume  dividends  stock splits
Date                                                                                                           
2025-11-05 00:00:00+05:30  1409.199951  1409.199951  1409.199951  1409.199951        0        0.0           0.0
2025-11-06 00:00:00+05:30  1412.000000  1420.900024  1410.000000  1413.599976  2502412        0.0           0.0
2025-11-07 00:00:00+05:30  1400.099976  1409.800049  1385.000000  1386.699951  1209479        0.0           0.0
2025-11-10 00:00:00+05:30  1386.699951  1404.300049  1383.599976  1397.800049  2883323        0.0           0.0
2025-11-11 00:00:00+05:30  1405.000000  1410.400024  1392.199951  1408.000000  2488036        0.0           0.0
2026-01-04 16:01:29,830 | INFO | src.core.warmup_manager | Technical indicators calculated: 130 total indicators
2026-01-04 16:01:29,830 | INFO | src.core.warmup_manager |   ✅ Completed: calculate_indicators (0.08s, 130 data points)
2026-01-04 16:01:29,831 | INFO | src.core.warmup_manager |   🔄 Executing: warmup_timing
2026-01-04 16:01:30,440 | INFO | src.core.confidence_manager | Reactive confidence manager initialized
2026-01-04 16:01:30,440 | INFO | src.core.realtime_monitor | Real-time market monitor initialized with 60s update interval
2026-01-04 16:01:30,441 | INFO | src.core.data_risk_mitigator | Data source risk mitigator initialized
2026-01-04 16:01:30,441 | INFO | src.strategies.market_detector | Registered real-time callbacks for market events
2026-01-04 16:01:30,441 | INFO | src.core.realtime_monitor | Started monitoring 0 symbols
2026-01-04 16:01:30,441 | INFO | src.strategies.market_detector | Enhanced real-time market detector initialized
2026-01-04 16:01:30,441 | INFO | src.timing.market_regime | Unified MarketRegimeManager initialized
2026-01-04 16:01:30,940 | ERROR | src.strategies.market_detector | Failed to analyze market state: 'dict' object has no attribute 'candle_count'
2026-01-04 16:01:30,940 | INFO | src.timing.market_regime | [MARKET REGIME] SIDEWAYS | confidence=0.50 | volatility=NORMAL
2026-01-04 16:01:30,940 | INFO | src.core.warmup_manager | Timing components warmed up - Current regime: (<MarketRegime.SIDEWAYS: 'SIDEWAYS'>, 0.5)
2026-01-04 16:01:30,940 | INFO | src.core.warmup_manager |   ✅ Completed: warmup_timing (1.11s, 1 data points)
2026-01-04 16:01:30,941 | INFO | src.core.warmup_manager |   🔄 Executing: warmup_regime
2026-01-04 16:01:30,944 | INFO | src.core.warmup_manager | Market regime detection warmed up for 5 symbols
2026-01-04 16:01:30,944 | INFO | src.core.warmup_manager |   ✅ Completed: warmup_regime (0.00s, 5 data points)
2026-01-04 16:01:30,944 | INFO | src.core.warmup_manager |   🔄 Executing: warmup_strategies
2026-01-04 16:01:30,945 | INFO | src.core.confidence_manager | Reactive confidence manager initialized
2026-01-04 16:01:30,945 | INFO | src.core.realtime_monitor | Real-time market monitor initialized with 60s update interval
2026-01-04 16:01:30,945 | INFO | src.core.data_risk_mitigator | Data source risk mitigator initialized
2026-01-04 16:01:30,946 | INFO | src.strategies.market_detector | Registered real-time callbacks for market events
2026-01-04 16:01:30,946 | INFO | src.core.realtime_monitor | Started monitoring 0 symbols
2026-01-04 16:01:30,946 | INFO | src.strategies.market_detector | Enhanced real-time market detector initialized
2026-01-04 16:01:30,946 | INFO | src.core.regime_weighting | Regime-aware strategy weighting system initialized
2026-01-04 16:01:30,947 | INFO | src.strategies.gap_trading | Gap trading strategy initialized
2026-01-04 16:01:30,947 | INFO | src.strategies.momentum_adaptive | Momentum adaptive strategy initialized
2026-01-04 16:01:30,947 | INFO | src.strategies.volatility_regime | Volatility regime strategy initialized
2026-01-04 16:01:30,947 | INFO | src.core.confidence_manager | Reactive confidence manager initialized
2026-01-04 16:01:30,948 | INFO | src.strategies.correlation_sync | Correlation sync strategy initialized with reactive confidence management
2026-01-04 16:01:30,948 | INFO | src.strategies.adaptive_manager | Adaptive strategy manager initialized with regime-aware weighting in AUTO mode
2026-01-04 16:01:31,470 | ERROR | src.strategies.market_detector | Failed to analyze market state: 'dict' object has no attribute 'candle_count'
2026-01-04 16:01:31,666 | INFO | src.core.regime_weighting | Market regime change: None → MarketRegime.VOLATILE_NEUTRAL
2026-01-04 16:01:31,667 | WARNING | src.core.regime_weighting | Regime change to MarketRegime.VOLATILE_NEUTRAL - invalidating confidence
2026-01-04 16:01:31,667 | INFO | src.core.regime_weighting | Significant weight change - Session: POST_MARKET, Regime: VOLATILE_NEUTRAL
2026-01-04 16:01:31,667 | INFO | src.core.regime_weighting |   gap_trading: 0.17 (base: 0.25)
2026-01-04 16:01:31,667 | INFO | src.core.regime_weighting |   momentum_adaptive: 0.19 (base: 0.25)
2026-01-04 16:01:31,668 | INFO | src.core.regime_weighting |   volatility_regime: 0.52 (base: 0.25)
2026-01-04 16:01:31,668 | INFO | src.core.regime_weighting |   correlation_sync: 0.12 (base: 0.25)
2026-01-04 16:01:31,668 | INFO | src.strategies.adaptive_manager | Evaluating HDFCBANK with strategies: ['gap_trading', 'momentum_adaptive', 'volatility_regime', 'correlation_sync'] | Weights: {'gap_trading': 0.16666666666666666, 'momentum_adaptive': 0.18750000000000003, 'volatility_regime': 0.5208333333333334, 'correlation_sync': 0.125}
2026-01-04 16:01:31,854 | ERROR | src.strategies.market_detector | Failed to analyze market state: 'dict' object has no attribute 'candle_count'
2026-01-04 16:01:32,249 | INFO | src.strategies.correlation_sync | Correlation entry approved for HDFCBANK: Correlation entry: MEDIUM correlation (0.565) | Regime: MEDIUM | Confidence: 0.79 (reactive: 0.00)
2026-01-04 16:01:32,421 | ERROR | src.strategies.market_detector | Failed to analyze market state: 'dict' object has no attribute 'candle_count'
2026-01-04 16:01:32,582 | INFO | src.core.regime_weighting | Significant weight change - Session: POST_MARKET, Regime: VOLATILE_NEUTRAL
2026-01-04 16:01:32,582 | INFO | src.core.regime_weighting |   gap_trading: 0.17 (base: 0.25)
2026-01-04 16:01:32,582 | INFO | src.core.regime_weighting |   momentum_adaptive: 0.19 (base: 0.25)
2026-01-04 16:01:32,582 | INFO | src.core.regime_weighting |   volatility_regime: 0.52 (base: 0.25)
2026-01-04 16:01:32,583 | INFO | src.core.regime_weighting |   correlation_sync: 0.12 (base: 0.25)
2026-01-04 16:01:32,583 | INFO | src.strategies.adaptive_manager | Evaluating ICICIBANK with strategies: ['gap_trading', 'momentum_adaptive', 'volatility_regime', 'correlation_sync'] | Weights: {'gap_trading': 0.16666666666666666, 'momentum_adaptive': 0.18750000000000003, 'volatility_regime': 0.5208333333333334, 'correlation_sync': 0.125}
2026-01-04 16:01:32,583 | INFO | src.strategies.correlation_sync | Correlation entry approved for ICICIBANK: Correlation entry: MEDIUM correlation (0.400) | Regime: MEDIUM | Confidence: 0.61 (reactive: 0.00)
2026-01-04 16:01:32,673 | ERROR | src.strategies.market_detector | Failed to analyze market state: 'dict' object has no attribute 'candle_count'
2026-01-04 16:01:32,871 | INFO | src.core.regime_weighting | Significant weight change - Session: POST_MARKET, Regime: VOLATILE_NEUTRAL
2026-01-04 16:01:32,871 | INFO | src.core.regime_weighting |   gap_trading: 0.17 (base: 0.25)
2026-01-04 16:01:32,871 | INFO | src.core.regime_weighting |   momentum_adaptive: 0.19 (base: 0.25)
2026-01-04 16:01:32,872 | INFO | src.core.regime_weighting |   volatility_regime: 0.52 (base: 0.25)
2026-01-04 16:01:32,872 | INFO | src.core.regime_weighting |   correlation_sync: 0.12 (base: 0.25)
2026-01-04 16:01:32,872 | INFO | src.strategies.adaptive_manager | Evaluating KOTAKBANK with strategies: ['gap_trading', 'momentum_adaptive', 'volatility_regime', 'correlation_sync'] | Weights: {'gap_trading': 0.16666666666666666, 'momentum_adaptive': 0.18750000000000003, 'volatility_regime': 0.5208333333333334, 'correlation_sync': 0.125}
2026-01-04 16:01:32,872 | INFO | src.core.warmup_manager | Strategy managers warmed up for 3 symbols
2026-01-04 16:01:32,873 | INFO | src.core.warmup_manager |   ✅ Completed: warmup_strategies (1.93s, 3 data points)
2026-01-04 16:01:32,873 | INFO | src.core.warmup_manager |   🔄 Executing: validate_warmup
2026-01-04 16:01:32,873 | WARNING | src.core.warmup_manager | Low data quality for HDFCBANK.SMA_50: 0 points
2026-01-04 16:01:32,874 | WARNING | src.core.warmup_manager | Low data quality for ICICIBANK.SMA_50: 0 points
2026-01-04 16:01:32,875 | WARNING | src.core.warmup_manager | Low data quality for KOTAKBANK.SMA_50: 0 points
2026-01-04 16:01:32,875 | WARNING | src.core.warmup_manager | Low data quality for AXISBANK.SMA_50: 0 points
2026-01-04 16:01:32,876 | WARNING | src.core.warmup_manager | Low data quality for SBIN.SMA_50: 0 points
2026-01-04 16:01:32,877 | WARNING | src.core.warmup_manager | Low data quality for TCS.SMA_50: 0 points
2026-01-04 16:01:32,877 | WARNING | src.core.warmup_manager | Low data quality for INFY.SMA_50: 0 points
2026-01-04 16:01:32,878 | WARNING | src.core.warmup_manager | Low data quality for HCLTECH.SMA_50: 0 points
2026-01-04 16:01:32,879 | WARNING | src.core.warmup_manager | Low data quality for WIPRO.SMA_50: 0 points
2026-01-04 16:01:32,879 | WARNING | src.core.warmup_manager | Low data quality for TECHM.SMA_50: 0 points
2026-01-04 16:01:32,880 | INFO | src.core.warmup_manager | Warmup validation passed: 4/4 checks
2026-01-04 16:01:32,880 | INFO | src.core.warmup_manager |   ✅ Completed: validate_warmup (0.01s, 4 data points)
2026-01-04 16:01:32,880 | INFO | src.core.warmup_manager | ✅ Warmup COMPLETED in 5.02 seconds
2026-01-04 16:01:32,881 | INFO | src.core.warmup_manager | ============================================================
2026-01-04 16:01:32,881 | INFO | src.core.warmup_manager | WARMUP SUMMARY
2026-01-04 16:01:32,881 | INFO | src.core.warmup_manager | ============================================================
2026-01-04 16:01:32,881 | INFO | src.core.warmup_manager | Status: SUCCESS
2026-01-04 16:01:32,881 | INFO | src.core.warmup_manager | Duration: 5.02 seconds
2026-01-04 16:01:32,881 | INFO | src.core.warmup_manager | Symbols warmed: 10/10
2026-01-04 16:01:32,882 | INFO | src.core.warmup_manager | Tasks completed: 6/6
2026-01-04 16:01:32,882 | INFO | src.core.warmup_manager | Indicator Status:
2026-01-04 16:01:32,882 | INFO | src.core.warmup_manager |   ✅ SMA_20
2026-01-04 16:01:32,882 | INFO | src.core.warmup_manager |   ✅ SMA_50
2026-01-04 16:01:32,882 | INFO | src.core.warmup_manager |   ✅ EMA_12
2026-01-04 16:01:32,882 | INFO | src.core.warmup_manager |   ✅ EMA_26
2026-01-04 16:01:32,882 | INFO | src.core.warmup_manager |   ✅ RSI_14
2026-01-04 16:01:32,883 | INFO | src.core.warmup_manager |   ✅ MACD
2026-01-04 16:01:32,883 | INFO | src.core.warmup_manager |   ✅ ATR_14
2026-01-04 16:01:32,883 | INFO | src.core.warmup_manager |   ❌ BOLLINGER_BANDS
2026-01-04 16:01:32,883 | INFO | src.core.warmup_manager | ============================================================
2026-01-04 16:01:32,884 | INFO | src.utils.sector_manager | Sector manager initialized
2026-01-04 16:01:32,885 | INFO | src.core.risk_manager | Risk Manager initialized with comprehensive risk controls
2026-01-04 16:01:32,885 | INFO | src.core.risk_governor | Added risk rule: EmergencyStop (priority: 5)
2026-01-04 16:01:32,885 | INFO | src.core.risk_governor | Added risk rule: MarketHours (priority: 10)
2026-01-04 16:01:32,885 | INFO | src.core.risk_governor | Added risk rule: DailyLossLimit (priority: 15)
2026-01-04 16:01:32,886 | INFO | src.core.risk_governor | Added risk rule: VolatilityAdjustment (priority: 25)
2026-01-04 16:01:32,886 | INFO | src.core.risk_governor | Risk Governor initialized with 4 risk rules
2026-01-04 16:01:32,886 | INFO | src.core.warmup_manager | WarmupManager initialized for 100 symbols with 60 days lookback
2026-01-04 16:01:32,886 | INFO | src.core.confidence_manager | Reactive confidence manager initialized
2026-01-04 16:01:32,886 | INFO | src.core.realtime_monitor | Real-time market monitor initialized with 60s update interval
2026-01-04 16:01:32,886 | INFO | src.core.data_risk_mitigator | Data source risk mitigator initialized
2026-01-04 16:01:32,887 | INFO | src.strategies.market_detector | Registered real-time callbacks for market events
2026-01-04 16:01:32,887 | INFO | src.core.realtime_monitor | Started monitoring 0 symbols
2026-01-04 16:01:32,887 | INFO | src.strategies.market_detector | Enhanced real-time market detector initialized
2026-01-04 16:01:32,887 | INFO | src.core.regime_weighting | Regime-aware strategy weighting system initialized
2026-01-04 16:01:32,887 | INFO | src.strategies.gap_trading | Gap trading strategy initialized
2026-01-04 16:01:32,888 | INFO | src.strategies.momentum_adaptive | Momentum adaptive strategy initialized
2026-01-04 16:01:32,888 | INFO | src.strategies.volatility_regime | Volatility regime strategy initialized
2026-01-04 16:01:32,888 | INFO | src.core.confidence_manager | Reactive confidence manager initialized
2026-01-04 16:01:32,888 | INFO | src.strategies.correlation_sync | Correlation sync strategy initialized with reactive confidence management
2026-01-04 16:01:32,888 | INFO | src.strategies.adaptive_manager | Adaptive strategy manager initialized with regime-aware weighting in AUTO mode
2026-01-04 16:01:32,888 | INFO | src.core.engine | Adaptive strategies initialized successfully
2026-01-04 16:01:32,888 | INFO | src.core.engine | Trading engine initialized with timing intelligence disabled
2026-01-04 16:01:32,888 | INFO | src.core.engine | Trading engine initialized with enhanced risk management
2026-01-04 16:01:32,889 | INFO | src.execution.adapter | Initialized PAPER execution adapter
2026-01-04 16:01:32,889 | INFO | src.broker.zerodha | ZerodhaBroker initialized in PAPER mode
2026-01-04 16:01:32,889 | INFO | src.broker.zerodha | Paper trading: No real connection required
2026-01-04 16:01:32,889 | INFO | src.execution.paper | Paper trading initialized
2026-01-04 16:01:32,889 | INFO | src.execution.paper | Paper trading mode initialized
2026-01-04 16:01:32,891 | INFO | src.core.system_arming | Added kill switch: emergency_file (Critical)
2026-01-04 16:01:32,891 | INFO | src.core.system_arming | Added kill switch: daily_loss_limit (Critical)
2026-01-04 16:01:32,891 | INFO | src.core.system_arming | Added kill switch: capital_availability (Critical)
2026-01-04 16:01:32,891 | INFO | src.core.system_arming | Added kill switch: market_hours (Non-critical)
2026-01-04 16:01:32,891 | INFO | src.core.system_arming | Added kill switch: system_health (Critical)
2026-01-04 16:01:32,891 | INFO | src.core.system_arming | Added kill switch: config_integrity (Critical)
2026-01-04 16:01:32,891 | INFO | src.core.system_arming | Added kill switch: state_integrity (Critical)
2026-01-04 16:01:32,892 | INFO | src.core.system_arming | System Arming initialized with 7 kill switches
2026-01-04 16:01:32,892 | INFO | src.core.system_arming | Starting system arming sequence...
2026-01-04 16:01:32,892 | ERROR | src.core.system_arming | Capital availability check failed: 'CapitalParameters' object has no attribute 'max_position_value'
2026-01-04 16:01:32,892 | ERROR | src.core.system_arming | Critical safety check failed: capital_availability
2026-01-04 16:04:39,344 | INFO | config.enhanced_config_manager | Timing config loaded: enabled=False
2026-01-04 16:04:39,345 | INFO | src.core.risk_manager | Risk Manager initialized with comprehensive risk controls
2026-01-04 16:04:39,345 | INFO | src.screener.excel_screener | Excel screener initialized: MiniRobo.xlsx
2026-01-04 16:04:40,814 | INFO | src.screener.excel_screener | Loaded 100 enabled stocks from universe
2026-01-04 16:04:41,370 | INFO | src.core.warmup_manager | WarmupManager initialized for 10 symbols with 60 days lookback
2026-01-04 16:04:41,370 | INFO | src.core.warmup_manager | 🔥 Starting system warmup sequence...
2026-01-04 16:04:41,370 | INFO | src.core.warmup_manager |   🔄 Executing: load_market_data
2026-01-04 16:04:43,505 | INFO | src.core.warmup_manager | Market data loaded: 10/10 symbols, 430 total data points
2026-01-04 16:04:43,506 | INFO | src.core.warmup_manager |   ✅ Completed: load_market_data (2.14s, 430 data points)
2026-01-04 16:04:43,506 | INFO | src.core.warmup_manager |   🔄 Executing: calculate_indicators
2026-01-04 16:04:43,519 | INFO | src.core.warmup_manager | Calculating indicators for HDFCBANK with top data:
                                 open        high         low       close    volume  dividends  stock splits
Date                                                                                                        
2025-11-05 00:00:00+05:30  985.250000  985.250000  985.250000  985.250000         0        0.0           0.0
2025-11-06 00:00:00+05:30  981.000000  991.049988  974.000000  984.650024  22279516        0.0           0.0
2025-11-07 00:00:00+05:30  980.000000  984.900024  974.750000  982.299988  15004568        0.0           0.0
2025-11-10 00:00:00+05:30  982.299988  990.950012  980.200012  984.500000  15988262        0.0           0.0
2025-11-11 00:00:00+05:30  983.500000  993.500000  978.000000  991.700012  10200530        0.0           0.0
2026-01-04 16:04:43,525 | INFO | src.core.warmup_manager | Calculating indicators for ICICIBANK with top data:
                                  open         high          low        close    volume  dividends  stock splits
Date                                                                                                            
2025-11-05 00:00:00+05:30  1336.900024  1336.900024  1336.900024  1336.900024         0        0.0           0.0
2025-11-06 00:00:00+05:30  1330.000000  1342.199951  1317.400024  1320.400024  24221853        0.0           0.0
2025-11-07 00:00:00+05:30  1320.400024  1344.300049  1318.599976  1343.000000   7719245        0.0           0.0
2025-11-10 00:00:00+05:30  1342.900024  1349.599976  1341.000000  1348.000000   8542340        0.0           0.0
2025-11-11 00:00:00+05:30  1349.000000  1360.400024  1346.199951  1358.300049   8305184        0.0           0.0
2026-01-04 16:04:43,533 | INFO | src.core.warmup_manager | Calculating indicators for KOTAKBANK with top data:
                                  open         high          low        close   volume  dividends  stock splits
Date                                                                                                           
2025-11-05 00:00:00+05:30  2096.600098  2096.600098  2096.600098  2096.600098        0        0.0           0.0
2025-11-06 00:00:00+05:30  2073.000000  2103.800049  2072.100098  2083.199951  2380569        0.0           0.0
2025-11-07 00:00:00+05:30  2078.699951  2099.300049  2059.199951  2088.300049  1400189        0.0           0.0
2025-11-10 00:00:00+05:30  2081.000000  2104.800049  2081.000000  2092.699951  2173296        0.0           0.0
2025-11-11 00:00:00+05:30  2100.000000  2103.000000  2074.899902  2086.899902  2162842        0.0           0.0
2026-01-04 16:04:43,540 | INFO | src.core.warmup_manager | Calculating indicators for AXISBANK with top data:
                                  open         high          low        close   volume  dividends  stock splits
Date                                                                                                           
2025-11-05 00:00:00+05:30  1226.599976  1226.599976  1226.599976  1226.599976        0        0.0           0.0
2025-11-06 00:00:00+05:30  1225.000000  1239.599976  1225.000000  1228.500000  3733721        0.0           0.0
2025-11-07 00:00:00+05:30  1227.000000  1228.800049  1217.000000  1222.800049  3461466        0.0           0.0
2025-11-10 00:00:00+05:30  1222.000000  1232.800049  1215.500000  1217.000000  4140568        0.0           0.0
2025-11-11 00:00:00+05:30  1218.099976  1225.000000  1209.400024  1222.500000  5615453        0.0           0.0
2026-01-04 16:04:43,545 | INFO | src.core.warmup_manager | Calculating indicators for SBIN with top data:
                                 open        high         low       close    volume  dividends  stock splits
Date                                                                                                        
2025-11-05 00:00:00+05:30  957.599976  957.599976  957.599976  957.599976         0        0.0           0.0
2025-11-06 00:00:00+05:30  969.650024  971.400024  955.299988  960.750000  23088096        0.0           0.0
2025-11-07 00:00:00+05:30  958.750000  964.849976  944.000000  955.849976  13371323        0.0           0.0
2025-11-10 00:00:00+05:30  956.000000  963.200012  949.099976  951.150024   7343249        0.0           0.0
2025-11-11 00:00:00+05:30  953.599976  954.950012  945.049988  953.299988   8648917        0.0           0.0
2026-01-04 16:04:43,553 | INFO | src.core.warmup_manager | Calculating indicators for TCS with top data:
                                  open         high          low        close   volume  dividends  stock splits
Date                                                                                                           
2025-11-05 00:00:00+05:30  2990.199951  2990.199951  2990.199951  2990.199951        0        0.0           0.0
2025-11-06 00:00:00+05:30  2990.100098  3024.000000  2990.000000  3010.899902  2542721        0.0           0.0
2025-11-07 00:00:00+05:30  3001.000000  3004.000000  2960.500000  2991.800049  1830520        0.0           0.0
2025-11-10 00:00:00+05:30  2993.000000  3047.899902  2992.000000  3025.199951  1556656        0.0           0.0
2025-11-11 00:00:00+05:30  3045.000000  3055.699951  3018.000000  3047.000000  2806868        0.0           0.0
2026-01-04 16:04:43,560 | INFO | src.core.warmup_manager | Calculating indicators for INFY with top data:
                                  open         high          low        close    volume  dividends  stock splits
Date                                                                                                            
2025-11-05 00:00:00+05:30  1467.900024  1467.900024  1467.900024  1467.900024         0        0.0           0.0
2025-11-06 00:00:00+05:30  1478.599976  1483.000000  1461.900024  1466.699951   7944752        0.0           0.0
2025-11-07 00:00:00+05:30  1470.000000  1480.900024  1449.099976  1476.800049   8765759        0.0           0.0
2025-11-10 00:00:00+05:30  1490.099976  1520.000000  1490.000000  1513.500000   9787975        0.0           0.0
2025-11-11 00:00:00+05:30  1525.000000  1533.400024  1511.099976  1530.300049  13692989        0.0           0.0
2026-01-04 16:04:43,566 | INFO | src.core.warmup_manager | Calculating indicators for HCLTECH with top data:
                                  open         high          low        close   volume  dividends  stock splits
Date                                                                                                           
2025-11-05 00:00:00+05:30  1529.099976  1529.099976  1529.099976  1529.099976        0        0.0           0.0
2025-11-06 00:00:00+05:30  1529.099976  1531.900024  1514.300049  1526.400024  2474769        0.0           0.0
2025-11-07 00:00:00+05:30  1515.099976  1518.800049  1490.500000  1512.400024  2238714        0.0           0.0
2025-11-10 00:00:00+05:30  1518.000000  1544.900024  1511.400024  1540.500000  1558896        0.0           0.0
2025-11-11 00:00:00+05:30  1547.800049  1572.500000  1541.199951  1570.000000  2270763        0.0           0.0
2026-01-04 16:04:43,573 | INFO | src.core.warmup_manager | Calculating indicators for WIPRO with top data:
                                 open        high         low       close   volume  dividends  stock splits
Date                                                                                                       
2025-11-05 00:00:00+05:30  237.919998  237.919998  237.919998  237.919998        0        0.0           0.0
2025-11-06 00:00:00+05:30  240.000000  240.619995  238.369995  240.050003  7141517        0.0           0.0
2025-11-07 00:00:00+05:30  238.699997  239.250000  236.000000  236.490005  5520619        0.0           0.0
2025-11-10 00:00:00+05:30  237.440002  241.550003  237.020004  239.839996  8566758        0.0           0.0
2025-11-11 00:00:00+05:30  241.100006  242.050003  238.809998  241.690002  8831094        0.0           0.0
2026-01-04 16:04:43,579 | INFO | src.core.warmup_manager | Calculating indicators for TECHM with top data:
                                  open         high          low        close   volume  dividends  stock splits
Date                                                                                                           
2025-11-05 00:00:00+05:30  1409.199951  1409.199951  1409.199951  1409.199951        0        0.0           0.0
2025-11-06 00:00:00+05:30  1412.000000  1420.900024  1410.000000  1413.599976  2502412        0.0           0.0
2025-11-07 00:00:00+05:30  1400.099976  1409.800049  1385.000000  1386.699951  1209479        0.0           0.0
2025-11-10 00:00:00+05:30  1386.699951  1404.300049  1383.599976  1397.800049  2883323        0.0           0.0
2025-11-11 00:00:00+05:30  1405.000000  1410.400024  1392.199951  1408.000000  2488036        0.0           0.0
2026-01-04 16:04:43,581 | INFO | src.core.warmup_manager | Technical indicators calculated: 130 total indicators
2026-01-04 16:04:43,581 | INFO | src.core.warmup_manager |   ✅ Completed: calculate_indicators (0.07s, 130 data points)
2026-01-04 16:04:43,581 | INFO | src.core.warmup_manager |   🔄 Executing: warmup_timing
2026-01-04 16:04:44,226 | INFO | src.core.confidence_manager | Reactive confidence manager initialized
2026-01-04 16:04:44,227 | INFO | src.core.realtime_monitor | Real-time market monitor initialized with 60s update interval
2026-01-04 16:04:44,227 | INFO | src.core.data_risk_mitigator | Data source risk mitigator initialized
2026-01-04 16:04:44,227 | INFO | src.strategies.market_detector | Registered real-time callbacks for market events
2026-01-04 16:04:44,228 | INFO | src.core.realtime_monitor | Started monitoring 0 symbols
2026-01-04 16:04:44,228 | INFO | src.strategies.market_detector | Enhanced real-time market detector initialized
2026-01-04 16:04:44,228 | INFO | src.timing.market_regime | Unified MarketRegimeManager initialized
2026-01-04 16:04:44,923 | ERROR | src.strategies.market_detector | Failed to analyze market state: 'dict' object has no attribute 'candle_count'
2026-01-04 16:04:44,923 | INFO | src.timing.market_regime | [MARKET REGIME] SIDEWAYS | confidence=0.50 | volatility=NORMAL
2026-01-04 16:04:44,924 | INFO | src.core.warmup_manager | Timing components warmed up - Current regime: (<MarketRegime.SIDEWAYS: 'SIDEWAYS'>, 0.5)
2026-01-04 16:04:44,924 | INFO | src.core.warmup_manager |   ✅ Completed: warmup_timing (1.34s, 1 data points)
2026-01-04 16:04:44,924 | INFO | src.core.warmup_manager |   🔄 Executing: warmup_regime
2026-01-04 16:04:44,930 | INFO | src.core.warmup_manager | Market regime detection warmed up for 5 symbols
2026-01-04 16:04:44,931 | INFO | src.core.warmup_manager |   ✅ Completed: warmup_regime (0.01s, 5 data points)
2026-01-04 16:04:44,931 | INFO | src.core.warmup_manager |   🔄 Executing: warmup_strategies
2026-01-04 16:04:44,932 | INFO | src.core.confidence_manager | Reactive confidence manager initialized
2026-01-04 16:04:44,932 | INFO | src.core.realtime_monitor | Real-time market monitor initialized with 60s update interval
2026-01-04 16:04:44,932 | INFO | src.core.data_risk_mitigator | Data source risk mitigator initialized
2026-01-04 16:04:44,932 | INFO | src.strategies.market_detector | Registered real-time callbacks for market events
2026-01-04 16:04:44,933 | INFO | src.core.realtime_monitor | Started monitoring 0 symbols
2026-01-04 16:04:44,933 | INFO | src.strategies.market_detector | Enhanced real-time market detector initialized
2026-01-04 16:04:44,933 | INFO | src.core.regime_weighting | Regime-aware strategy weighting system initialized
2026-01-04 16:04:44,933 | INFO | src.strategies.gap_trading | Gap trading strategy initialized
2026-01-04 16:04:44,934 | INFO | src.strategies.momentum_adaptive | Momentum adaptive strategy initialized
2026-01-04 16:04:44,934 | INFO | src.strategies.volatility_regime | Volatility regime strategy initialized
2026-01-04 16:04:44,934 | INFO | src.core.confidence_manager | Reactive confidence manager initialized
2026-01-04 16:04:44,934 | INFO | src.strategies.correlation_sync | Correlation sync strategy initialized with reactive confidence management
2026-01-04 16:04:44,935 | INFO | src.strategies.adaptive_manager | Adaptive strategy manager initialized with regime-aware weighting in AUTO mode
2026-01-04 16:04:45,497 | ERROR | src.strategies.market_detector | Failed to analyze market state: 'dict' object has no attribute 'candle_count'
2026-01-04 16:04:45,658 | INFO | src.core.regime_weighting | Market regime change: None → MarketRegime.VOLATILE_NEUTRAL
2026-01-04 16:04:45,658 | WARNING | src.core.regime_weighting | Regime change to MarketRegime.VOLATILE_NEUTRAL - invalidating confidence
2026-01-04 16:04:45,659 | INFO | src.core.regime_weighting | Significant weight change - Session: POST_MARKET, Regime: VOLATILE_NEUTRAL
2026-01-04 16:04:45,659 | INFO | src.core.regime_weighting |   gap_trading: 0.17 (base: 0.25)
2026-01-04 16:04:45,659 | INFO | src.core.regime_weighting |   momentum_adaptive: 0.19 (base: 0.25)
2026-01-04 16:04:45,659 | INFO | src.core.regime_weighting |   volatility_regime: 0.52 (base: 0.25)
2026-01-04 16:04:45,659 | INFO | src.core.regime_weighting |   correlation_sync: 0.12 (base: 0.25)
2026-01-04 16:04:45,660 | INFO | src.strategies.adaptive_manager | Evaluating HDFCBANK with strategies: ['gap_trading', 'momentum_adaptive', 'volatility_regime', 'correlation_sync'] | Weights: {'gap_trading': 0.16666666666666666, 'momentum_adaptive': 0.18750000000000003, 'volatility_regime': 0.5208333333333334, 'correlation_sync': 0.125}
2026-01-04 16:04:45,841 | ERROR | src.strategies.market_detector | Failed to analyze market state: 'dict' object has no attribute 'candle_count'
2026-01-04 16:04:46,347 | INFO | src.strategies.correlation_sync | Correlation entry approved for HDFCBANK: Correlation entry: MEDIUM correlation (0.565) | Regime: MEDIUM | Confidence: 0.79 (reactive: 0.00)
2026-01-04 16:04:46,510 | ERROR | src.strategies.market_detector | Failed to analyze market state: 'dict' object has no attribute 'candle_count'
2026-01-04 16:04:46,667 | INFO | src.core.regime_weighting | Significant weight change - Session: POST_MARKET, Regime: VOLATILE_NEUTRAL
2026-01-04 16:04:46,667 | INFO | src.core.regime_weighting |   gap_trading: 0.17 (base: 0.25)
2026-01-04 16:04:46,668 | INFO | src.core.regime_weighting |   momentum_adaptive: 0.19 (base: 0.25)
2026-01-04 16:04:46,668 | INFO | src.core.regime_weighting |   volatility_regime: 0.52 (base: 0.25)
2026-01-04 16:04:46,668 | INFO | src.core.regime_weighting |   correlation_sync: 0.12 (base: 0.25)
2026-01-04 16:04:46,668 | INFO | src.strategies.adaptive_manager | Evaluating ICICIBANK with strategies: ['gap_trading', 'momentum_adaptive', 'volatility_regime', 'correlation_sync'] | Weights: {'gap_trading': 0.16666666666666666, 'momentum_adaptive': 0.18750000000000003, 'volatility_regime': 0.5208333333333334, 'correlation_sync': 0.125}
2026-01-04 16:04:46,669 | INFO | src.strategies.correlation_sync | Correlation entry approved for ICICIBANK: Correlation entry: MEDIUM correlation (0.400) | Regime: MEDIUM | Confidence: 0.61 (reactive: 0.00)
2026-01-04 16:04:46,746 | ERROR | src.strategies.market_detector | Failed to analyze market state: 'dict' object has no attribute 'candle_count'
2026-01-04 16:04:46,953 | INFO | src.core.regime_weighting | Significant weight change - Session: POST_MARKET, Regime: VOLATILE_NEUTRAL
2026-01-04 16:04:46,954 | INFO | src.core.regime_weighting |   gap_trading: 0.17 (base: 0.25)
2026-01-04 16:04:46,954 | INFO | src.core.regime_weighting |   momentum_adaptive: 0.19 (base: 0.25)
2026-01-04 16:04:46,954 | INFO | src.core.regime_weighting |   volatility_regime: 0.52 (base: 0.25)
2026-01-04 16:04:46,954 | INFO | src.core.regime_weighting |   correlation_sync: 0.12 (base: 0.25)
2026-01-04 16:04:46,955 | INFO | src.strategies.adaptive_manager | Evaluating KOTAKBANK with strategies: ['gap_trading', 'momentum_adaptive', 'volatility_regime', 'correlation_sync'] | Weights: {'gap_trading': 0.16666666666666666, 'momentum_adaptive': 0.18750000000000003, 'volatility_regime': 0.5208333333333334, 'correlation_sync': 0.125}
2026-01-04 16:04:46,955 | INFO | src.core.warmup_manager | Strategy managers warmed up for 3 symbols
2026-01-04 16:04:46,955 | INFO | src.core.warmup_manager |   ✅ Completed: warmup_strategies (2.02s, 3 data points)
2026-01-04 16:04:46,956 | INFO | src.core.warmup_manager |   🔄 Executing: validate_warmup
2026-01-04 16:04:46,956 | WARNING | src.core.warmup_manager | Low data quality for HDFCBANK.SMA_50: 0 points
2026-01-04 16:04:46,957 | WARNING | src.core.warmup_manager | Low data quality for ICICIBANK.SMA_50: 0 points
2026-01-04 16:04:46,958 | WARNING | src.core.warmup_manager | Low data quality for KOTAKBANK.SMA_50: 0 points
2026-01-04 16:04:46,958 | WARNING | src.core.warmup_manager | Low data quality for AXISBANK.SMA_50: 0 points
2026-01-04 16:04:46,959 | WARNING | src.core.warmup_manager | Low data quality for SBIN.SMA_50: 0 points
2026-01-04 16:04:46,959 | WARNING | src.core.warmup_manager | Low data quality for TCS.SMA_50: 0 points
2026-01-04 16:04:46,960 | WARNING | src.core.warmup_manager | Low data quality for INFY.SMA_50: 0 points
2026-01-04 16:04:46,961 | WARNING | src.core.warmup_manager | Low data quality for HCLTECH.SMA_50: 0 points
2026-01-04 16:04:46,961 | WARNING | src.core.warmup_manager | Low data quality for WIPRO.SMA_50: 0 points
2026-01-04 16:04:46,962 | WARNING | src.core.warmup_manager | Low data quality for TECHM.SMA_50: 0 points
2026-01-04 16:04:46,963 | INFO | src.core.warmup_manager | Warmup validation passed: 4/4 checks
2026-01-04 16:04:46,963 | INFO | src.core.warmup_manager |   ✅ Completed: validate_warmup (0.01s, 4 data points)
2026-01-04 16:04:46,964 | INFO | src.core.warmup_manager | ✅ Warmup COMPLETED in 5.59 seconds
2026-01-04 16:04:46,964 | INFO | src.core.warmup_manager | ============================================================
2026-01-04 16:04:46,964 | INFO | src.core.warmup_manager | WARMUP SUMMARY
2026-01-04 16:04:46,964 | INFO | src.core.warmup_manager | ============================================================
2026-01-04 16:04:46,965 | INFO | src.core.warmup_manager | Status: SUCCESS
2026-01-04 16:04:46,965 | INFO | src.core.warmup_manager | Duration: 5.59 seconds
2026-01-04 16:04:46,965 | INFO | src.core.warmup_manager | Symbols warmed: 10/10
2026-01-04 16:04:46,965 | INFO | src.core.warmup_manager | Tasks completed: 6/6
2026-01-04 16:04:46,966 | INFO | src.core.warmup_manager | Indicator Status:
2026-01-04 16:04:46,966 | INFO | src.core.warmup_manager |   ✅ SMA_20
2026-01-04 16:04:46,966 | INFO | src.core.warmup_manager |   ✅ SMA_50
2026-01-04 16:04:46,966 | INFO | src.core.warmup_manager |   ✅ EMA_12
2026-01-04 16:04:46,966 | INFO | src.core.warmup_manager |   ✅ EMA_26
2026-01-04 16:04:46,967 | INFO | src.core.warmup_manager |   ✅ RSI_14
2026-01-04 16:04:46,967 | INFO | src.core.warmup_manager |   ✅ MACD
2026-01-04 16:04:46,967 | INFO | src.core.warmup_manager |   ✅ ATR_14
2026-01-04 16:04:46,967 | INFO | src.core.warmup_manager |   ❌ BOLLINGER_BANDS
2026-01-04 16:04:46,967 | INFO | src.core.warmup_manager | ============================================================
2026-01-04 16:04:46,969 | INFO | src.utils.sector_manager | Sector manager initialized
2026-01-04 16:04:46,969 | INFO | src.core.risk_manager | Risk Manager initialized with comprehensive risk controls
2026-01-04 16:04:46,969 | INFO | src.core.risk_governor | Added risk rule: EmergencyStop (priority: 5)
2026-01-04 16:04:46,970 | INFO | src.core.risk_governor | Added risk rule: MarketHours (priority: 10)
2026-01-04 16:04:46,970 | INFO | src.core.risk_governor | Added risk rule: DailyLossLimit (priority: 15)
2026-01-04 16:04:46,970 | INFO | src.core.risk_governor | Added risk rule: VolatilityAdjustment (priority: 25)
2026-01-04 16:04:46,971 | INFO | src.core.risk_governor | Risk Governor initialized with 4 risk rules
2026-01-04 16:04:46,971 | INFO | src.core.warmup_manager | WarmupManager initialized for 100 symbols with 60 days lookback
2026-01-04 16:04:46,971 | INFO | src.core.confidence_manager | Reactive confidence manager initialized
2026-01-04 16:04:46,971 | INFO | src.core.realtime_monitor | Real-time market monitor initialized with 60s update interval
2026-01-04 16:04:46,971 | INFO | src.core.data_risk_mitigator | Data source risk mitigator initialized
2026-01-04 16:04:46,972 | INFO | src.strategies.market_detector | Registered real-time callbacks for market events
2026-01-04 16:04:46,972 | INFO | src.core.realtime_monitor | Started monitoring 0 symbols
2026-01-04 16:04:46,972 | INFO | src.strategies.market_detector | Enhanced real-time market detector initialized
2026-01-04 16:04:46,972 | INFO | src.core.regime_weighting | Regime-aware strategy weighting system initialized
2026-01-04 16:04:46,972 | INFO | src.strategies.gap_trading | Gap trading strategy initialized
2026-01-04 16:04:46,972 | INFO | src.strategies.momentum_adaptive | Momentum adaptive strategy initialized
2026-01-04 16:04:46,973 | INFO | src.strategies.volatility_regime | Volatility regime strategy initialized
2026-01-04 16:04:46,973 | INFO | src.core.confidence_manager | Reactive confidence manager initialized
2026-01-04 16:04:46,973 | INFO | src.strategies.correlation_sync | Correlation sync strategy initialized with reactive confidence management
2026-01-04 16:04:46,973 | INFO | src.strategies.adaptive_manager | Adaptive strategy manager initialized with regime-aware weighting in AUTO mode
2026-01-04 16:04:46,973 | INFO | src.core.engine | Adaptive strategies initialized successfully
2026-01-04 16:04:46,973 | INFO | src.core.engine | Trading engine initialized with timing intelligence disabled
2026-01-04 16:04:46,973 | INFO | src.core.engine | Trading engine initialized with enhanced risk management
2026-01-04 16:04:46,973 | INFO | src.execution.adapter | Initialized PAPER execution adapter
2026-01-04 16:04:46,974 | INFO | src.broker.zerodha | ZerodhaBroker initialized in PAPER mode
2026-01-04 16:04:46,974 | INFO | src.broker.zerodha | Paper trading: No real connection required
2026-01-04 16:04:46,974 | INFO | src.execution.paper | Paper trading initialized
2026-01-04 16:04:46,974 | INFO | src.execution.paper | Paper trading mode initialized
2026-01-04 16:04:46,976 | INFO | src.core.system_arming | Added kill switch: emergency_file (Critical)
2026-01-04 16:04:46,976 | INFO | src.core.system_arming | Added kill switch: daily_loss_limit (Critical)
2026-01-04 16:04:46,976 | INFO | src.core.system_arming | Added kill switch: capital_availability (Critical)
2026-01-04 16:04:46,976 | INFO | src.core.system_arming | Added kill switch: market_hours (Non-critical)
2026-01-04 16:04:46,976 | INFO | src.core.system_arming | Added kill switch: system_health (Critical)
2026-01-04 16:04:46,976 | INFO | src.core.system_arming | Added kill switch: config_integrity (Critical)
2026-01-04 16:04:46,976 | INFO | src.core.system_arming | Added kill switch: state_integrity (Critical)
2026-01-04 16:04:46,976 | INFO | src.core.system_arming | System Arming initialized with 7 kill switches
2026-01-04 16:04:46,977 | INFO | src.core.system_arming | Starting system arming sequence...
2026-01-04 16:04:46,977 | ERROR | src.core.system_arming | Capital availability check failed: 'CapitalParameters' object has no attribute 'max_position_value'
2026-01-04 16:04:46,977 | ERROR | src.core.system_arming | Critical safety check failed: capital_availability
2026-01-04 16:07:30,222 | INFO | config.enhanced_config_manager | Timing config loaded: enabled=False
2026-01-04 16:07:30,222 | INFO | src.core.risk_manager | Risk Manager initialized with comprehensive risk controls
2026-01-04 16:07:30,223 | INFO | src.screener.excel_screener | Excel screener initialized: MiniRobo.xlsx
2026-01-04 16:07:31,736 | INFO | src.screener.excel_screener | Loaded 100 enabled stocks from universe
2026-01-04 16:07:32,233 | INFO | src.core.warmup_manager | WarmupManager initialized for 10 symbols with 60 days lookback
2026-01-04 16:07:32,234 | INFO | src.core.warmup_manager | 🔥 Starting system warmup sequence...
2026-01-04 16:07:32,234 | INFO | src.core.warmup_manager |   🔄 Executing: load_market_data
2026-01-04 16:07:33,973 | INFO | src.core.warmup_manager | Market data loaded: 10/10 symbols, 430 total data points
2026-01-04 16:07:33,973 | INFO | src.core.warmup_manager |   ✅ Completed: load_market_data (1.74s, 430 data points)
2026-01-04 16:07:33,974 | INFO | src.core.warmup_manager |   🔄 Executing: calculate_indicators
2026-01-04 16:07:33,987 | INFO | src.core.warmup_manager | Technical indicators calculated: 130 total indicators
2026-01-04 16:07:33,987 | INFO | src.core.warmup_manager |   ✅ Completed: calculate_indicators (0.01s, 130 data points)
2026-01-04 16:07:33,987 | INFO | src.core.warmup_manager |   🔄 Executing: warmup_timing
2026-01-04 16:07:34,630 | INFO | src.core.confidence_manager | Reactive confidence manager initialized
2026-01-04 16:07:34,630 | INFO | src.core.realtime_monitor | Real-time market monitor initialized with 60s update interval
2026-01-04 16:07:34,630 | INFO | src.core.data_risk_mitigator | Data source risk mitigator initialized
2026-01-04 16:07:34,630 | INFO | src.strategies.market_detector | Registered real-time callbacks for market events
2026-01-04 16:07:34,631 | INFO | src.core.realtime_monitor | Started monitoring 0 symbols
2026-01-04 16:07:34,631 | INFO | src.strategies.market_detector | Enhanced real-time market detector initialized
2026-01-04 16:07:34,631 | INFO | src.timing.market_regime | Unified MarketRegimeManager initialized
2026-01-04 16:07:35,102 | ERROR | src.strategies.market_detector | Failed to analyze market state: 'dict' object has no attribute 'candle_count'
2026-01-04 16:07:35,102 | INFO | src.timing.market_regime | [MARKET REGIME] SIDEWAYS | confidence=0.50 | volatility=NORMAL
2026-01-04 16:07:35,102 | INFO | src.core.warmup_manager | Timing components warmed up - Current regime: (<MarketRegime.SIDEWAYS: 'SIDEWAYS'>, 0.5)
2026-01-04 16:07:35,102 | INFO | src.core.warmup_manager |   ✅ Completed: warmup_timing (1.11s, 1 data points)
2026-01-04 16:07:35,103 | INFO | src.core.warmup_manager |   🔄 Executing: warmup_regime
2026-01-04 16:07:35,106 | INFO | src.core.warmup_manager | Market regime detection warmed up for 5 symbols
2026-01-04 16:07:35,106 | INFO | src.core.warmup_manager |   ✅ Completed: warmup_regime (0.00s, 5 data points)
2026-01-04 16:07:35,106 | INFO | src.core.warmup_manager |   🔄 Executing: warmup_strategies
2026-01-04 16:07:35,107 | INFO | src.core.confidence_manager | Reactive confidence manager initialized
2026-01-04 16:07:35,107 | INFO | src.core.realtime_monitor | Real-time market monitor initialized with 60s update interval
2026-01-04 16:07:35,107 | INFO | src.core.data_risk_mitigator | Data source risk mitigator initialized
2026-01-04 16:07:35,107 | INFO | src.strategies.market_detector | Registered real-time callbacks for market events
2026-01-04 16:07:35,107 | INFO | src.core.realtime_monitor | Started monitoring 0 symbols
2026-01-04 16:07:35,108 | INFO | src.strategies.market_detector | Enhanced real-time market detector initialized
2026-01-04 16:07:35,108 | INFO | src.core.regime_weighting | Regime-aware strategy weighting system initialized
2026-01-04 16:07:35,108 | INFO | src.strategies.gap_trading | Gap trading strategy initialized
2026-01-04 16:07:35,108 | INFO | src.strategies.momentum_adaptive | Momentum adaptive strategy initialized
2026-01-04 16:07:35,108 | INFO | src.strategies.volatility_regime | Volatility regime strategy initialized
2026-01-04 16:07:35,109 | INFO | src.core.confidence_manager | Reactive confidence manager initialized
2026-01-04 16:07:35,109 | INFO | src.strategies.correlation_sync | Correlation sync strategy initialized with reactive confidence management
2026-01-04 16:07:35,109 | INFO | src.strategies.adaptive_manager | Adaptive strategy manager initialized with regime-aware weighting in AUTO mode
2026-01-04 16:07:35,676 | ERROR | src.strategies.market_detector | Failed to analyze market state: 'dict' object has no attribute 'candle_count'
2026-01-04 16:07:35,867 | INFO | src.core.regime_weighting | Market regime change: None → MarketRegime.VOLATILE_NEUTRAL
2026-01-04 16:07:35,868 | WARNING | src.core.regime_weighting | Regime change to MarketRegime.VOLATILE_NEUTRAL - invalidating confidence
2026-01-04 16:07:35,868 | INFO | src.core.regime_weighting | Significant weight change - Session: POST_MARKET, Regime: VOLATILE_NEUTRAL
2026-01-04 16:07:35,869 | INFO | src.core.regime_weighting |   gap_trading: 0.17 (base: 0.25)
2026-01-04 16:07:35,869 | INFO | src.core.regime_weighting |   momentum_adaptive: 0.19 (base: 0.25)
2026-01-04 16:07:35,869 | INFO | src.core.regime_weighting |   volatility_regime: 0.52 (base: 0.25)
2026-01-04 16:07:35,870 | INFO | src.core.regime_weighting |   correlation_sync: 0.12 (base: 0.25)
2026-01-04 16:07:35,870 | INFO | src.strategies.adaptive_manager | Evaluating HDFCBANK with strategies: ['gap_trading', 'momentum_adaptive', 'volatility_regime', 'correlation_sync'] | Weights: {'gap_trading': 0.16666666666666666, 'momentum_adaptive': 0.18750000000000003, 'volatility_regime': 0.5208333333333334, 'correlation_sync': 0.125}
2026-01-04 16:07:35,968 | ERROR | src.strategies.market_detector | Failed to analyze market state: 'dict' object has no attribute 'candle_count'
2026-01-04 16:07:36,270 | INFO | src.strategies.correlation_sync | Correlation entry approved for HDFCBANK: Correlation entry: MEDIUM correlation (0.565) | Regime: MEDIUM | Confidence: 0.79 (reactive: 0.00)
2026-01-04 16:07:36,459 | ERROR | src.strategies.market_detector | Failed to analyze market state: 'dict' object has no attribute 'candle_count'
2026-01-04 16:07:36,654 | INFO | src.core.regime_weighting | Significant weight change - Session: POST_MARKET, Regime: VOLATILE_NEUTRAL
2026-01-04 16:07:36,654 | INFO | src.core.regime_weighting |   gap_trading: 0.17 (base: 0.25)
2026-01-04 16:07:36,655 | INFO | src.core.regime_weighting |   momentum_adaptive: 0.19 (base: 0.25)
2026-01-04 16:07:36,655 | INFO | src.core.regime_weighting |   volatility_regime: 0.52 (base: 0.25)
2026-01-04 16:07:36,655 | INFO | src.core.regime_weighting |   correlation_sync: 0.12 (base: 0.25)
2026-01-04 16:07:36,655 | INFO | src.strategies.adaptive_manager | Evaluating ICICIBANK with strategies: ['gap_trading', 'momentum_adaptive', 'volatility_regime', 'correlation_sync'] | Weights: {'gap_trading': 0.16666666666666666, 'momentum_adaptive': 0.18750000000000003, 'volatility_regime': 0.5208333333333334, 'correlation_sync': 0.125}
2026-01-04 16:07:36,656 | INFO | src.strategies.correlation_sync | Correlation entry approved for ICICIBANK: Correlation entry: MEDIUM correlation (0.400) | Regime: MEDIUM | Confidence: 0.61 (reactive: 0.00)
2026-01-04 16:07:36,816 | ERROR | src.strategies.market_detector | Failed to analyze market state: 'dict' object has no attribute 'candle_count'
2026-01-04 16:07:36,961 | INFO | src.core.regime_weighting | Significant weight change - Session: POST_MARKET, Regime: VOLATILE_NEUTRAL
2026-01-04 16:07:36,961 | INFO | src.core.regime_weighting |   gap_trading: 0.17 (base: 0.25)
2026-01-04 16:07:36,962 | INFO | src.core.regime_weighting |   momentum_adaptive: 0.19 (base: 0.25)
2026-01-04 16:07:36,962 | INFO | src.core.regime_weighting |   volatility_regime: 0.52 (base: 0.25)
2026-01-04 16:07:36,962 | INFO | src.core.regime_weighting |   correlation_sync: 0.12 (base: 0.25)
2026-01-04 16:07:36,963 | INFO | src.strategies.adaptive_manager | Evaluating KOTAKBANK with strategies: ['gap_trading', 'momentum_adaptive', 'volatility_regime', 'correlation_sync'] | Weights: {'gap_trading': 0.16666666666666666, 'momentum_adaptive': 0.18750000000000003, 'volatility_regime': 0.5208333333333334, 'correlation_sync': 0.125}
2026-01-04 16:07:36,963 | INFO | src.core.warmup_manager | Strategy managers warmed up for 3 symbols
2026-01-04 16:07:36,963 | INFO | src.core.warmup_manager |   ✅ Completed: warmup_strategies (1.86s, 3 data points)
2026-01-04 16:07:36,964 | INFO | src.core.warmup_manager |   🔄 Executing: validate_warmup
2026-01-04 16:07:36,964 | WARNING | src.core.warmup_manager | Low data quality for HDFCBANK.SMA_50: 0 points
2026-01-04 16:07:36,965 | WARNING | src.core.warmup_manager | Low data quality for ICICIBANK.SMA_50: 0 points
2026-01-04 16:07:36,965 | WARNING | src.core.warmup_manager | Low data quality for KOTAKBANK.SMA_50: 0 points
2026-01-04 16:07:36,966 | WARNING | src.core.warmup_manager | Low data quality for AXISBANK.SMA_50: 0 points
2026-01-04 16:07:36,967 | WARNING | src.core.warmup_manager | Low data quality for SBIN.SMA_50: 0 points
2026-01-04 16:07:36,967 | WARNING | src.core.warmup_manager | Low data quality for TCS.SMA_50: 0 points
2026-01-04 16:07:36,968 | WARNING | src.core.warmup_manager | Low data quality for INFY.SMA_50: 0 points
2026-01-04 16:07:36,969 | WARNING | src.core.warmup_manager | Low data quality for HCLTECH.SMA_50: 0 points
2026-01-04 16:07:36,969 | WARNING | src.core.warmup_manager | Low data quality for WIPRO.SMA_50: 0 points
2026-01-04 16:07:36,970 | WARNING | src.core.warmup_manager | Low data quality for TECHM.SMA_50: 0 points
2026-01-04 16:07:36,971 | INFO | src.core.warmup_manager | Warmup validation passed: 4/4 checks
2026-01-04 16:07:36,971 | INFO | src.core.warmup_manager |   ✅ Completed: validate_warmup (0.01s, 4 data points)
2026-01-04 16:07:36,971 | INFO | src.core.warmup_manager | ✅ Warmup COMPLETED in 4.74 seconds
2026-01-04 16:07:36,971 | INFO | src.core.warmup_manager | ============================================================
2026-01-04 16:07:36,971 | INFO | src.core.warmup_manager | WARMUP SUMMARY
2026-01-04 16:07:36,971 | INFO | src.core.warmup_manager | ============================================================
2026-01-04 16:07:36,971 | INFO | src.core.warmup_manager | Status: SUCCESS
2026-01-04 16:07:36,972 | INFO | src.core.warmup_manager | Duration: 4.74 seconds
2026-01-04 16:07:36,972 | INFO | src.core.warmup_manager | Symbols warmed: 10/10
2026-01-04 16:07:36,972 | INFO | src.core.warmup_manager | Tasks completed: 6/6
2026-01-04 16:07:36,972 | INFO | src.core.warmup_manager | Indicator Status:
2026-01-04 16:07:36,972 | INFO | src.core.warmup_manager |   ✅ SMA_20
2026-01-04 16:07:36,972 | INFO | src.core.warmup_manager |   ✅ SMA_50
2026-01-04 16:07:36,972 | INFO | src.core.warmup_manager |   ✅ EMA_12
2026-01-04 16:07:36,972 | INFO | src.core.warmup_manager |   ✅ EMA_26
2026-01-04 16:07:36,973 | INFO | src.core.warmup_manager |   ✅ RSI_14
2026-01-04 16:07:36,973 | INFO | src.core.warmup_manager |   ✅ MACD
2026-01-04 16:07:36,973 | INFO | src.core.warmup_manager |   ✅ ATR_14
2026-01-04 16:07:36,973 | INFO | src.core.warmup_manager |   ❌ BOLLINGER_BANDS
2026-01-04 16:07:36,973 | INFO | src.core.warmup_manager | ============================================================
2026-01-04 16:07:36,974 | INFO | src.utils.sector_manager | Sector manager initialized
2026-01-04 16:07:36,975 | INFO | src.core.risk_manager | Risk Manager initialized with comprehensive risk controls
2026-01-04 16:07:36,975 | INFO | src.core.risk_governor | Added risk rule: EmergencyStop (priority: 5)
2026-01-04 16:07:36,976 | INFO | src.core.risk_governor | Added risk rule: MarketHours (priority: 10)
2026-01-04 16:07:36,976 | INFO | src.core.risk_governor | Added risk rule: DailyLossLimit (priority: 15)
2026-01-04 16:07:36,976 | INFO | src.core.risk_governor | Added risk rule: VolatilityAdjustment (priority: 25)
2026-01-04 16:07:36,976 | INFO | src.core.risk_governor | Risk Governor initialized with 4 risk rules
2026-01-04 16:07:36,976 | INFO | src.core.warmup_manager | WarmupManager initialized for 100 symbols with 60 days lookback
2026-01-04 16:07:36,977 | INFO | src.core.confidence_manager | Reactive confidence manager initialized
2026-01-04 16:07:36,977 | INFO | src.core.realtime_monitor | Real-time market monitor initialized with 60s update interval
2026-01-04 16:07:36,977 | INFO | src.core.data_risk_mitigator | Data source risk mitigator initialized
2026-01-04 16:07:36,977 | INFO | src.strategies.market_detector | Registered real-time callbacks for market events
2026-01-04 16:07:36,978 | INFO | src.core.realtime_monitor | Started monitoring 0 symbols
2026-01-04 16:07:36,978 | INFO | src.strategies.market_detector | Enhanced real-time market detector initialized
2026-01-04 16:07:36,978 | INFO | src.core.regime_weighting | Regime-aware strategy weighting system initialized
2026-01-04 16:07:36,978 | INFO | src.strategies.gap_trading | Gap trading strategy initialized
2026-01-04 16:07:36,978 | INFO | src.strategies.momentum_adaptive | Momentum adaptive strategy initialized
2026-01-04 16:07:36,978 | INFO | src.strategies.volatility_regime | Volatility regime strategy initialized
2026-01-04 16:07:36,979 | INFO | src.core.confidence_manager | Reactive confidence manager initialized
2026-01-04 16:07:36,979 | INFO | src.strategies.correlation_sync | Correlation sync strategy initialized with reactive confidence management
2026-01-04 16:07:36,979 | INFO | src.strategies.adaptive_manager | Adaptive strategy manager initialized with regime-aware weighting in AUTO mode
2026-01-04 16:07:36,979 | INFO | src.core.engine | Adaptive strategies initialized successfully
2026-01-04 16:07:36,980 | INFO | src.core.engine | Trading engine initialized with timing intelligence disabled
2026-01-04 16:07:36,980 | INFO | src.core.engine | Trading engine initialized with enhanced risk management
2026-01-04 16:07:36,980 | INFO | src.execution.adapter | Initialized PAPER execution adapter
2026-01-04 16:07:36,980 | INFO | src.broker.zerodha | ZerodhaBroker initialized in PAPER mode
2026-01-04 16:07:36,980 | INFO | src.broker.zerodha | Paper trading: No real connection required
2026-01-04 16:07:36,980 | INFO | src.execution.paper | Paper trading initialized
2026-01-04 16:07:36,981 | INFO | src.execution.paper | Paper trading mode initialized
2026-01-04 16:07:36,983 | INFO | src.core.system_arming | Added kill switch: emergency_file (Critical)
2026-01-04 16:07:36,983 | INFO | src.core.system_arming | Added kill switch: daily_loss_limit (Critical)
2026-01-04 16:07:36,983 | INFO | src.core.system_arming | Added kill switch: capital_availability (Critical)
2026-01-04 16:07:36,984 | INFO | src.core.system_arming | Added kill switch: market_hours (Non-critical)
2026-01-04 16:07:36,984 | INFO | src.core.system_arming | Added kill switch: system_health (Critical)
2026-01-04 16:07:36,984 | INFO | src.core.system_arming | Added kill switch: config_integrity (Critical)
2026-01-04 16:07:36,984 | INFO | src.core.system_arming | Added kill switch: state_integrity (Critical)
2026-01-04 16:07:36,984 | INFO | src.core.system_arming | System Arming initialized with 7 kill switches
2026-01-04 16:07:36,984 | INFO | src.core.system_arming | Starting system arming sequence...
2026-01-04 16:07:36,985 | ERROR | src.core.system_arming | Capital availability check failed: 'CapitalParameters' object has no attribute 'max_position_value'
2026-01-04 16:07:36,985 | ERROR | src.core.system_arming | Critical safety check failed: capital_availability
2026-01-04 16:07:51,973 | INFO | src.core.system_arming | Starting system arming sequence...
2026-01-04 16:07:51,973 | ERROR | src.core.system_arming | Capital availability check failed: 'CapitalParameters' object has no attribute 'max_position_value'
2026-01-04 16:07:51,996 | INFO | src.core.system_arming | 🔒 SYSTEM ARMED at 16:07:51
2026-01-04 16:07:51,996 | WARNING | src.core.system_arming | ⚠️  FORCE ARMED with 1 critical failures!
2026-01-04 16:07:51,997 | WARNING | src.core.engine | No regime manager available
2026-01-04 16:07:51,997 | INFO | src.screener.excel_screener | ============================================================
2026-01-04 16:07:51,997 | INFO | src.screener.excel_screener | STARTING EXCEL-DRIVEN SCREENER
2026-01-04 16:07:51,998 | INFO | src.screener.excel_screener | ============================================================
2026-01-04 16:07:53,452 | INFO | src.screener.excel_screener | Loaded 14 screener rules
2026-01-04 16:07:53,922 | INFO | src.screener.excel_screener | 
 ACTIVE FILTER RULES:
2026-01-04 16:07:55,306 | INFO | src.screener.excel_screener | Loaded 100 enabled stocks from universe
2026-01-04 16:07:57,113 | INFO | src.screener.excel_screener | Loaded sector mapping for 100 symbols
2026-01-04 16:07:57,718 | INFO | src.screener.excel_screener | Market Trend: BULLISH
2026-01-04 16:07:59,601 | INFO | src.screener.excel_screener | Successfully fetched data for 100/100 symbols
2026-01-04 16:07:59,601 | INFO | src.screener.excel_screener | Bulk data received: 100 symbols with data
2026-01-04 16:07:59,721 | INFO | src.screener.excel_screener | Starting screening of 100 symbols. Bulk data has 100 entries
2026-01-04 16:08:00,096 | INFO | src.screener.excel_screener | 
📊 REJECTION STATISTICS:
2026-01-04 16:08:00,097 | INFO | src.screener.excel_screener |    Total Processed: 100
2026-01-04 16:08:00,097 | INFO | src.screener.excel_screener |    Passed: 26
2026-01-04 16:08:00,097 | INFO | src.screener.excel_screener |    Rejected: 74
2026-01-04 16:08:00,098 | INFO | src.screener.excel_screener | 
   Top Rejection Reasons:
2026-01-04 16:08:00,098 | INFO | src.screener.excel_screener | Metrics calculated: 100, Passed: 26, Rejected: 74, Insufficient bars: 0, Missing data: 0
2026-01-04 16:08:00,099 | INFO | src.screener.excel_screener | Max trades (adjusted for BULLISH): 8
2026-01-04 16:08:00,099 | INFO | src.screener.excel_screener | 
============================================================
2026-01-04 16:08:00,100 | INFO | src.screener.excel_screener | TOP PICKS:
2026-01-04 16:08:00,100 | INFO | src.screener.excel_screener | ============================================================
2026-01-04 16:08:00,100 | INFO | src.screener.excel_screener | INDUSTOWER | Score:  47.37 | Price: Rs. 442.05 | BULLISH_TREND,HIGH_VOLUME,STRONG_TREND
2026-01-04 16:08:00,101 | INFO | src.screener.excel_screener | HINDALCO   | Score:  42.61 | Price: Rs. 925.70 | BULLISH_TREND,HIGH_VOLUME,STRONG_TREND
2026-01-04 16:08:00,101 | INFO | src.screener.excel_screener | COALINDIA  | Score:  39.61 | Price: Rs. 427.90 | BULLISH_TREND,HIGH_VOLUME,STRONG_TREND
2026-01-04 16:08:00,101 | INFO | src.screener.excel_screener | BLUEDART   | Score:  34.99 | Price: Rs.5593.50 | NEAR_EMA20,HIGH_VOLUME
2026-01-04 16:08:00,102 | INFO | src.screener.excel_screener | UPL        | Score:  34.61 | Price: Rs. 804.65 | BULLISH_TREND
2026-01-04 16:08:01,717 | INFO | src.screener.excel_screener | Written 8 results to Excel: SCREENER_OUTPUT
2026-01-04 16:08:02,235 | INFO | src.screener.excel_screener | ============================================================
2026-01-04 16:08:02,235 | INFO | src.screener.excel_screener | SCREENER COMPLETE
2026-01-04 16:08:02,235 | INFO | src.screener.excel_screener | ============================================================
2026-01-04 16:08:02,238 | WARNING | src.core.engine | DUPLICATE PREVENTED: HINDALCO has pending order | order_id: ORD_HINDALCO_1767438568136 | qty: 1
2026-01-04 16:08:02,239 | WARNING | src.core.engine | DUPLICATE PREVENTED: COALINDIA has pending order | order_id: ORD_COALINDIA_1767438568523 | qty: 5
2026-01-04 16:08:02,240 | WARNING | src.core.engine | DUPLICATE PREVENTED: INDUSTOWER has pending order | order_id: ORD_INDUSTOWER_1767438569181 | qty: 2
2026-01-04 16:08:02,240 | WARNING | src.core.engine | DUPLICATE PREVENTED: UPL has pending order | order_id: ORD_UPL_1767458402625 | qty: 2
2026-01-04 16:08:02,241 | WARNING | src.core.engine | DUPLICATE PREVENTED: SRF has pending order | order_id: ORD_SRF_1767508994077 | qty: 1
2026-01-04 16:08:02,760 | ERROR | src.strategies.market_detector | Failed to analyze market state: 'dict' object has no attribute 'candle_count'
2026-01-04 16:08:02,949 | INFO | src.core.regime_weighting | Market regime change: None → MarketRegime.VOLATILE_NEUTRAL
2026-01-04 16:08:02,949 | WARNING | src.core.regime_weighting | Regime change to MarketRegime.VOLATILE_NEUTRAL - invalidating confidence
2026-01-04 16:08:02,950 | INFO | src.core.regime_weighting | Significant weight change - Session: POST_MARKET, Regime: VOLATILE_NEUTRAL
2026-01-04 16:08:02,950 | INFO | src.core.regime_weighting |   gap_trading: 0.17 (base: 0.25)
2026-01-04 16:08:02,950 | INFO | src.core.regime_weighting |   momentum_adaptive: 0.19 (base: 0.25)
2026-01-04 16:08:02,950 | INFO | src.core.regime_weighting |   volatility_regime: 0.52 (base: 0.25)
2026-01-04 16:08:02,951 | INFO | src.core.regime_weighting |   correlation_sync: 0.12 (base: 0.25)
2026-01-04 16:08:02,951 | INFO | src.strategies.adaptive_manager | Evaluating CUMMINSIND with strategies: ['gap_trading', 'momentum_adaptive', 'volatility_regime', 'correlation_sync'] | Weights: {'gap_trading': 0.16666666666666666, 'momentum_adaptive': 0.18750000000000003, 'volatility_regime': 0.5208333333333334, 'correlation_sync': 0.125}
2026-01-04 16:08:03,126 | ERROR | src.strategies.market_detector | Failed to analyze market state: 'dict' object has no attribute 'candle_count'
2026-01-04 16:08:03,630 | INFO | src.core.engine | CUMMINSIND: Adaptive strategy approved - momentum_adaptive | SL: 0.80x, Target: 2.50x, Size: 1.00x
2026-01-04 16:08:03,631 | INFO | src.core.engine | CUMMINSIND: Reserving capital for proposed order - Value: Rs.4,482.10
2026-01-04 16:08:03,631 | ERROR | src.core.engine | Error processing signal for CUMMINSIND: Insufficient capital. Need Rs.4482.10, have Rs.4250.00 releasing capital reservation Rs.4,482.10
2026-01-04 16:08:03,633 | WARNING | src.core.engine | DUPLICATE PREVENTED: SAREGAMA has pending order | order_id: ORD_SAREGAMA_1767438570223 | qty: 2
2026-01-04 16:08:03,768 | ERROR | src.strategies.market_detector | Failed to analyze market state: 'dict' object has no attribute 'candle_count'
2026-01-04 16:08:03,980 | INFO | src.core.regime_weighting | Market regime change: MarketRegime.VOLATILE_NEUTRAL → MarketRegime.CORRELATION_BREAKDOWN
2026-01-04 16:08:03,981 | WARNING | src.core.regime_weighting | Regime change to MarketRegime.CORRELATION_BREAKDOWN - invalidating confidence
2026-01-04 16:08:03,981 | INFO | src.strategies.adaptive_manager | Evaluating BLUEDART with strategies: ['gap_trading', 'momentum_adaptive', 'volatility_regime', 'correlation_sync'] | Weights: {'gap_trading': 0.2941176470588235, 'momentum_adaptive': 0.2941176470588235, 'volatility_regime': 0.35294117647058826, 'correlation_sync': 0.058823529411764705}
2026-01-04 16:08:03,981 | INFO | src.core.engine | BLUEDART: Adaptive strategy approved - momentum_adaptive | SL: 0.80x, Target: 2.50x, Size: 1.00x
2026-01-04 16:08:03,981 | INFO | src.core.engine | BLUEDART: Reserving capital for proposed order - Value: Rs.5,593.50
2026-01-04 16:08:03,982 | ERROR | src.core.engine | Error processing signal for BLUEDART: Insufficient capital. Need Rs.5593.50, have Rs.4250.00 releasing capital reservation Rs.5,593.50
2026-01-04 16:08:43,180 | INFO | config.enhanced_config_manager | Timing config loaded: enabled=False
2026-01-04 16:08:43,181 | INFO | src.core.risk_manager | Risk Manager initialized with comprehensive risk controls
2026-01-04 16:08:43,181 | INFO | src.screener.excel_screener | Excel screener initialized: MiniRobo.xlsx
2026-01-04 16:08:44,682 | INFO | src.screener.excel_screener | Loaded 100 enabled stocks from universe
2026-01-04 16:08:45,259 | INFO | src.core.warmup_manager | WarmupManager initialized for 10 symbols with 60 days lookback
2026-01-04 16:08:45,259 | INFO | src.core.warmup_manager | 🔥 Starting system warmup sequence...
2026-01-04 16:08:45,260 | INFO | src.core.warmup_manager |   🔄 Executing: load_market_data
2026-01-04 16:08:49,328 | INFO | src.core.warmup_manager | Market data loaded: 10/10 symbols, 430 total data points
2026-01-04 16:08:49,329 | INFO | src.core.warmup_manager |   ✅ Completed: load_market_data (4.07s, 430 data points)
2026-01-04 16:08:49,329 | INFO | src.core.warmup_manager |   🔄 Executing: calculate_indicators
2026-01-04 16:08:49,345 | INFO | src.core.warmup_manager | Technical indicators calculated: 130 total indicators
2026-01-04 16:08:49,346 | INFO | src.core.warmup_manager |   ✅ Completed: calculate_indicators (0.02s, 130 data points)
2026-01-04 16:08:49,346 | INFO | src.core.warmup_manager |   🔄 Executing: warmup_timing
2026-01-04 16:08:49,994 | INFO | src.core.confidence_manager | Reactive confidence manager initialized
2026-01-04 16:08:49,994 | INFO | src.core.realtime_monitor | Real-time market monitor initialized with 60s update interval
2026-01-04 16:08:49,994 | INFO | src.core.data_risk_mitigator | Data source risk mitigator initialized
2026-01-04 16:08:49,995 | INFO | src.strategies.market_detector | Registered real-time callbacks for market events
2026-01-04 16:08:49,995 | INFO | src.core.realtime_monitor | Started monitoring 0 symbols
2026-01-04 16:08:49,995 | INFO | src.strategies.market_detector | Enhanced real-time market detector initialized
2026-01-04 16:08:49,995 | INFO | src.timing.market_regime | Unified MarketRegimeManager initialized
2026-01-04 16:08:50,513 | ERROR | src.strategies.market_detector | Failed to analyze market state: 'dict' object has no attribute 'candle_count'
2026-01-04 16:08:50,513 | INFO | src.timing.market_regime | [MARKET REGIME] SIDEWAYS | confidence=0.50 | volatility=NORMAL
2026-01-04 16:08:50,514 | INFO | src.core.warmup_manager | Timing components warmed up - Current regime: (<MarketRegime.SIDEWAYS: 'SIDEWAYS'>, 0.5)
2026-01-04 16:08:50,514 | INFO | src.core.warmup_manager |   ✅ Completed: warmup_timing (1.17s, 1 data points)
2026-01-04 16:08:50,514 | INFO | src.core.warmup_manager |   🔄 Executing: warmup_regime
2026-01-04 16:08:50,517 | INFO | src.core.warmup_manager | Market regime detection warmed up for 5 symbols
2026-01-04 16:08:50,517 | INFO | src.core.warmup_manager |   ✅ Completed: warmup_regime (0.00s, 5 data points)
2026-01-04 16:08:50,517 | INFO | src.core.warmup_manager |   🔄 Executing: warmup_strategies
2026-01-04 16:08:50,518 | INFO | src.core.confidence_manager | Reactive confidence manager initialized
2026-01-04 16:08:50,518 | INFO | src.core.realtime_monitor | Real-time market monitor initialized with 60s update interval
2026-01-04 16:08:50,518 | INFO | src.core.data_risk_mitigator | Data source risk mitigator initialized
2026-01-04 16:08:50,519 | INFO | src.strategies.market_detector | Registered real-time callbacks for market events
2026-01-04 16:08:50,519 | INFO | src.core.realtime_monitor | Started monitoring 0 symbols
2026-01-04 16:08:50,519 | INFO | src.strategies.market_detector | Enhanced real-time market detector initialized
2026-01-04 16:08:50,519 | INFO | src.core.regime_weighting | Regime-aware strategy weighting system initialized
2026-01-04 16:08:50,520 | INFO | src.strategies.gap_trading | Gap trading strategy initialized
2026-01-04 16:08:50,520 | INFO | src.strategies.momentum_adaptive | Momentum adaptive strategy initialized
2026-01-04 16:08:50,520 | INFO | src.strategies.volatility_regime | Volatility regime strategy initialized
2026-01-04 16:08:50,520 | INFO | src.core.confidence_manager | Reactive confidence manager initialized
2026-01-04 16:08:50,520 | INFO | src.strategies.correlation_sync | Correlation sync strategy initialized with reactive confidence management
2026-01-04 16:08:50,520 | INFO | src.strategies.adaptive_manager | Adaptive strategy manager initialized with regime-aware weighting in AUTO mode
2026-01-04 16:08:50,808 | ERROR | src.strategies.market_detector | Failed to analyze market state: 'dict' object has no attribute 'candle_count'
2026-01-04 16:08:50,965 | INFO | src.core.regime_weighting | Market regime change: None → MarketRegime.VOLATILE_NEUTRAL
2026-01-04 16:08:50,966 | WARNING | src.core.regime_weighting | Regime change to MarketRegime.VOLATILE_NEUTRAL - invalidating confidence
2026-01-04 16:08:50,966 | INFO | src.core.regime_weighting | Significant weight change - Session: POST_MARKET, Regime: VOLATILE_NEUTRAL
2026-01-04 16:08:50,966 | INFO | src.core.regime_weighting |   gap_trading: 0.17 (base: 0.25)
2026-01-04 16:08:50,967 | INFO | src.core.regime_weighting |   momentum_adaptive: 0.19 (base: 0.25)
2026-01-04 16:08:50,967 | INFO | src.core.regime_weighting |   volatility_regime: 0.52 (base: 0.25)
2026-01-04 16:08:50,967 | INFO | src.core.regime_weighting |   correlation_sync: 0.12 (base: 0.25)
2026-01-04 16:08:50,967 | INFO | src.strategies.adaptive_manager | Evaluating HDFCBANK with strategies: ['gap_trading', 'momentum_adaptive', 'volatility_regime', 'correlation_sync'] | Weights: {'gap_trading': 0.16666666666666666, 'momentum_adaptive': 0.18750000000000003, 'volatility_regime': 0.5208333333333334, 'correlation_sync': 0.125}
2026-01-04 16:08:51,035 | ERROR | src.strategies.market_detector | Failed to analyze market state: 'dict' object has no attribute 'candle_count'
2026-01-04 16:08:51,629 | INFO | src.strategies.correlation_sync | Correlation entry approved for HDFCBANK: Correlation entry: MEDIUM correlation (0.565) | Regime: MEDIUM | Confidence: 0.79 (reactive: 0.00)
2026-01-04 16:08:51,706 | ERROR | src.strategies.market_detector | Failed to analyze market state: 'dict' object has no attribute 'candle_count'
2026-01-04 16:08:51,912 | INFO | src.core.regime_weighting | Significant weight change - Session: POST_MARKET, Regime: VOLATILE_NEUTRAL
2026-01-04 16:08:51,912 | INFO | src.core.regime_weighting |   gap_trading: 0.17 (base: 0.25)
2026-01-04 16:08:51,912 | INFO | src.core.regime_weighting |   momentum_adaptive: 0.19 (base: 0.25)
2026-01-04 16:08:51,912 | INFO | src.core.regime_weighting |   volatility_regime: 0.52 (base: 0.25)
2026-01-04 16:08:51,913 | INFO | src.core.regime_weighting |   correlation_sync: 0.12 (base: 0.25)
2026-01-04 16:08:51,913 | INFO | src.strategies.adaptive_manager | Evaluating ICICIBANK with strategies: ['gap_trading', 'momentum_adaptive', 'volatility_regime', 'correlation_sync'] | Weights: {'gap_trading': 0.16666666666666666, 'momentum_adaptive': 0.18750000000000003, 'volatility_regime': 0.5208333333333334, 'correlation_sync': 0.125}
2026-01-04 16:08:51,913 | INFO | src.strategies.correlation_sync | Correlation entry approved for ICICIBANK: Correlation entry: MEDIUM correlation (0.400) | Regime: MEDIUM | Confidence: 0.61 (reactive: 0.00)
2026-01-04 16:08:52,075 | ERROR | src.strategies.market_detector | Failed to analyze market state: 'dict' object has no attribute 'candle_count'
2026-01-04 16:08:52,222 | INFO | src.core.regime_weighting | Significant weight change - Session: POST_MARKET, Regime: VOLATILE_NEUTRAL
2026-01-04 16:08:52,222 | INFO | src.core.regime_weighting |   gap_trading: 0.17 (base: 0.25)
2026-01-04 16:08:52,222 | INFO | src.core.regime_weighting |   momentum_adaptive: 0.19 (base: 0.25)
2026-01-04 16:08:52,223 | INFO | src.core.regime_weighting |   volatility_regime: 0.52 (base: 0.25)
2026-01-04 16:08:52,223 | INFO | src.core.regime_weighting |   correlation_sync: 0.12 (base: 0.25)
2026-01-04 16:08:52,223 | INFO | src.strategies.adaptive_manager | Evaluating KOTAKBANK with strategies: ['gap_trading', 'momentum_adaptive', 'volatility_regime', 'correlation_sync'] | Weights: {'gap_trading': 0.16666666666666666, 'momentum_adaptive': 0.18750000000000003, 'volatility_regime': 0.5208333333333334, 'correlation_sync': 0.125}
2026-01-04 16:08:52,223 | INFO | src.core.warmup_manager | Strategy managers warmed up for 3 symbols
2026-01-04 16:08:52,224 | INFO | src.core.warmup_manager |   ✅ Completed: warmup_strategies (1.71s, 3 data points)
2026-01-04 16:08:52,224 | INFO | src.core.warmup_manager |   🔄 Executing: validate_warmup
2026-01-04 16:08:52,224 | WARNING | src.core.warmup_manager | Low data quality for HDFCBANK.SMA_50: 0 points
2026-01-04 16:08:52,225 | WARNING | src.core.warmup_manager | Low data quality for ICICIBANK.SMA_50: 0 points
2026-01-04 16:08:52,226 | WARNING | src.core.warmup_manager | Low data quality for KOTAKBANK.SMA_50: 0 points
2026-01-04 16:08:52,226 | WARNING | src.core.warmup_manager | Low data quality for AXISBANK.SMA_50: 0 points
2026-01-04 16:08:52,227 | WARNING | src.core.warmup_manager | Low data quality for SBIN.SMA_50: 0 points
2026-01-04 16:08:52,228 | WARNING | src.core.warmup_manager | Low data quality for TCS.SMA_50: 0 points
2026-01-04 16:08:52,228 | WARNING | src.core.warmup_manager | Low data quality for INFY.SMA_50: 0 points
2026-01-04 16:08:52,229 | WARNING | src.core.warmup_manager | Low data quality for HCLTECH.SMA_50: 0 points
2026-01-04 16:08:52,230 | WARNING | src.core.warmup_manager | Low data quality for WIPRO.SMA_50: 0 points
2026-01-04 16:08:52,231 | WARNING | src.core.warmup_manager | Low data quality for TECHM.SMA_50: 0 points
2026-01-04 16:08:52,231 | INFO | src.core.warmup_manager | Warmup validation passed: 4/4 checks
2026-01-04 16:08:52,232 | INFO | src.core.warmup_manager |   ✅ Completed: validate_warmup (0.01s, 4 data points)
2026-01-04 16:08:52,232 | INFO | src.core.warmup_manager | ✅ Warmup COMPLETED in 6.97 seconds
2026-01-04 16:08:52,232 | INFO | src.core.warmup_manager | ============================================================
2026-01-04 16:08:52,232 | INFO | src.core.warmup_manager | WARMUP SUMMARY
2026-01-04 16:08:52,232 | INFO | src.core.warmup_manager | ============================================================
2026-01-04 16:08:52,233 | INFO | src.core.warmup_manager | Status: SUCCESS
2026-01-04 16:08:52,233 | INFO | src.core.warmup_manager | Duration: 6.97 seconds
2026-01-04 16:08:52,233 | INFO | src.core.warmup_manager | Symbols warmed: 10/10
2026-01-04 16:08:52,233 | INFO | src.core.warmup_manager | Tasks completed: 6/6
2026-01-04 16:08:52,233 | INFO | src.core.warmup_manager | Indicator Status:
2026-01-04 16:08:52,234 | INFO | src.core.warmup_manager |   ✅ SMA_20
2026-01-04 16:08:52,234 | INFO | src.core.warmup_manager |   ✅ SMA_50
2026-01-04 16:08:52,234 | INFO | src.core.warmup_manager |   ✅ EMA_12
2026-01-04 16:08:52,234 | INFO | src.core.warmup_manager |   ✅ EMA_26
2026-01-04 16:08:52,234 | INFO | src.core.warmup_manager |   ✅ RSI_14
2026-01-04 16:08:52,235 | INFO | src.core.warmup_manager |   ✅ MACD
2026-01-04 16:08:52,235 | INFO | src.core.warmup_manager |   ✅ ATR_14
2026-01-04 16:08:52,235 | INFO | src.core.warmup_manager |   ❌ BOLLINGER_BANDS
2026-01-04 16:08:52,235 | INFO | src.core.warmup_manager | ============================================================
2026-01-04 16:08:52,236 | INFO | src.utils.sector_manager | Sector manager initialized
2026-01-04 16:08:52,237 | INFO | src.core.risk_manager | Risk Manager initialized with comprehensive risk controls
2026-01-04 16:08:52,238 | INFO | src.core.risk_governor | Added risk rule: EmergencyStop (priority: 5)
2026-01-04 16:08:52,238 | INFO | src.core.risk_governor | Added risk rule: MarketHours (priority: 10)
2026-01-04 16:08:52,238 | INFO | src.core.risk_governor | Added risk rule: DailyLossLimit (priority: 15)
2026-01-04 16:08:52,238 | INFO | src.core.risk_governor | Added risk rule: VolatilityAdjustment (priority: 25)
2026-01-04 16:08:52,238 | INFO | src.core.risk_governor | Risk Governor initialized with 4 risk rules
2026-01-04 16:08:52,238 | INFO | src.core.warmup_manager | WarmupManager initialized for 100 symbols with 60 days lookback
2026-01-04 16:08:52,239 | INFO | src.core.confidence_manager | Reactive confidence manager initialized
2026-01-04 16:08:52,239 | INFO | src.core.realtime_monitor | Real-time market monitor initialized with 60s update interval
2026-01-04 16:08:52,239 | INFO | src.core.data_risk_mitigator | Data source risk mitigator initialized
2026-01-04 16:08:52,239 | INFO | src.strategies.market_detector | Registered real-time callbacks for market events
2026-01-04 16:08:52,239 | INFO | src.core.realtime_monitor | Started monitoring 0 symbols
2026-01-04 16:08:52,240 | INFO | src.strategies.market_detector | Enhanced real-time market detector initialized
2026-01-04 16:08:52,240 | INFO | src.core.regime_weighting | Regime-aware strategy weighting system initialized
2026-01-04 16:08:52,240 | INFO | src.strategies.gap_trading | Gap trading strategy initialized
2026-01-04 16:08:52,240 | INFO | src.strategies.momentum_adaptive | Momentum adaptive strategy initialized
2026-01-04 16:08:52,240 | INFO | src.strategies.volatility_regime | Volatility regime strategy initialized
2026-01-04 16:08:52,240 | INFO | src.core.confidence_manager | Reactive confidence manager initialized
2026-01-04 16:08:52,241 | INFO | src.strategies.correlation_sync | Correlation sync strategy initialized with reactive confidence management
2026-01-04 16:08:52,241 | INFO | src.strategies.adaptive_manager | Adaptive strategy manager initialized with regime-aware weighting in AUTO mode
2026-01-04 16:08:52,241 | INFO | src.core.engine | Adaptive strategies initialized successfully
2026-01-04 16:08:52,241 | INFO | src.core.engine | Trading engine initialized with timing intelligence disabled
2026-01-04 16:08:52,241 | INFO | src.core.engine | Trading engine initialized with enhanced risk management
2026-01-04 16:08:52,242 | INFO | src.execution.adapter | Initialized PAPER execution adapter
2026-01-04 16:08:52,242 | INFO | src.broker.zerodha | ZerodhaBroker initialized in PAPER mode
2026-01-04 16:08:52,242 | INFO | src.broker.zerodha | Paper trading: No real connection required
2026-01-04 16:08:52,242 | INFO | src.execution.paper | Paper trading initialized
2026-01-04 16:08:52,242 | INFO | src.execution.paper | Paper trading mode initialized
2026-01-04 16:08:52,245 | INFO | src.core.system_arming | Added kill switch: emergency_file (Critical)
2026-01-04 16:08:52,245 | INFO | src.core.system_arming | Added kill switch: daily_loss_limit (Critical)
2026-01-04 16:08:52,246 | INFO | src.core.system_arming | Added kill switch: capital_availability (Critical)
2026-01-04 16:08:52,246 | INFO | src.core.system_arming | Added kill switch: market_hours (Non-critical)
2026-01-04 16:08:52,246 | INFO | src.core.system_arming | Added kill switch: system_health (Critical)
2026-01-04 16:08:52,246 | INFO | src.core.system_arming | Added kill switch: config_integrity (Critical)
2026-01-04 16:08:52,246 | INFO | src.core.system_arming | Added kill switch: state_integrity (Critical)
2026-01-04 16:08:52,247 | INFO | src.core.system_arming | System Arming initialized with 7 kill switches
2026-01-04 16:08:52,247 | INFO | src.core.system_arming | Starting system arming sequence...
2026-01-04 16:08:52,247 | ERROR | src.core.system_arming | Capital availability check failed: 'CapitalParameters' object has no attribute 'max_position_value'
2026-01-04 16:08:52,247 | ERROR | src.core.system_arming | Critical safety check failed: capital_availability
2026-01-04 16:08:56,850 | INFO | src.core.system_arming | Starting system arming sequence...
2026-01-04 16:08:56,850 | ERROR | src.core.system_arming | Capital availability check failed: 'CapitalParameters' object has no attribute 'max_position_value'
2026-01-04 16:08:56,854 | INFO | src.core.system_arming | 🔒 SYSTEM ARMED at 16:08:56
2026-01-04 16:08:56,854 | WARNING | src.core.system_arming | ⚠️  FORCE ARMED with 1 critical failures!
2026-01-04 16:08:56,855 | WARNING | src.core.engine | No regime manager available
2026-01-04 16:08:56,855 | INFO | src.screener.excel_screener | ============================================================
2026-01-04 16:08:56,856 | INFO | src.screener.excel_screener | STARTING EXCEL-DRIVEN SCREENER
2026-01-04 16:08:56,856 | INFO | src.screener.excel_screener | ============================================================
2026-01-04 16:08:58,181 | INFO | src.screener.excel_screener | Loaded 14 screener rules
2026-01-04 16:08:58,706 | INFO | src.screener.excel_screener | 
 ACTIVE FILTER RULES:
2026-01-04 16:09:00,248 | INFO | src.screener.excel_screener | Loaded 100 enabled stocks from universe
2026-01-04 16:09:02,397 | INFO | src.screener.excel_screener | Loaded sector mapping for 100 symbols
2026-01-04 16:09:03,128 | INFO | src.screener.excel_screener | Market Trend: BULLISH
2026-01-04 16:09:03,173 | INFO | src.screener.excel_screener | Successfully fetched data for 100/100 symbols
2026-01-04 16:09:03,173 | INFO | src.screener.excel_screener | Bulk data received: 100 symbols with data
2026-01-04 16:09:03,303 | INFO | src.screener.excel_screener | Starting screening of 100 symbols. Bulk data has 100 entries
2026-01-04 16:09:03,780 | INFO | src.screener.excel_screener | 
📊 REJECTION STATISTICS:
2026-01-04 16:09:03,780 | INFO | src.screener.excel_screener |    Total Processed: 100
2026-01-04 16:09:03,780 | INFO | src.screener.excel_screener |    Passed: 26
2026-01-04 16:09:03,781 | INFO | src.screener.excel_screener |    Rejected: 74
2026-01-04 16:09:03,781 | INFO | src.screener.excel_screener | 
   Top Rejection Reasons:
2026-01-04 16:09:03,781 | INFO | src.screener.excel_screener | Metrics calculated: 100, Passed: 26, Rejected: 74, Insufficient bars: 0, Missing data: 0
2026-01-04 16:09:03,782 | INFO | src.screener.excel_screener | Max trades (adjusted for BULLISH): 8
2026-01-04 16:09:03,782 | INFO | src.screener.excel_screener | 
============================================================
2026-01-04 16:09:03,782 | INFO | src.screener.excel_screener | TOP PICKS:
2026-01-04 16:09:03,783 | INFO | src.screener.excel_screener | ============================================================
2026-01-04 16:09:03,783 | INFO | src.screener.excel_screener | INDUSTOWER | Score:  47.37 | Price: Rs. 442.05 | BULLISH_TREND,HIGH_VOLUME,STRONG_TREND
2026-01-04 16:09:03,783 | INFO | src.screener.excel_screener | HINDALCO   | Score:  42.61 | Price: Rs. 925.70 | BULLISH_TREND,HIGH_VOLUME,STRONG_TREND
2026-01-04 16:09:03,784 | INFO | src.screener.excel_screener | COALINDIA  | Score:  39.61 | Price: Rs. 427.90 | BULLISH_TREND,HIGH_VOLUME,STRONG_TREND
2026-01-04 16:09:03,784 | INFO | src.screener.excel_screener | BLUEDART   | Score:  34.99 | Price: Rs.5593.50 | NEAR_EMA20,HIGH_VOLUME
2026-01-04 16:09:03,784 | INFO | src.screener.excel_screener | UPL        | Score:  34.61 | Price: Rs. 804.65 | BULLISH_TREND
2026-01-04 16:09:05,482 | INFO | src.screener.excel_screener | Written 8 results to Excel: SCREENER_OUTPUT
2026-01-04 16:09:06,038 | INFO | src.screener.excel_screener | ============================================================
2026-01-04 16:09:06,038 | INFO | src.screener.excel_screener | SCREENER COMPLETE
2026-01-04 16:09:06,038 | INFO | src.screener.excel_screener | ============================================================
2026-01-04 16:09:06,041 | ERROR | src.core.state_manager | Corrupted JSON in state/paper/orders.json: Expecting value: line 1 column 1 (char 0)
2026-01-04 16:09:06,041 | INFO | src.core.state_manager | Loaded backup: state/paper/backups\orders.json.20260104_121314.bak
2026-01-04 16:09:06,042 | WARNING | src.core.engine | DUPLICATE PREVENTED: HINDALCO has pending order | order_id: ORD_HINDALCO_1767438568136 | qty: 1
2026-01-04 16:09:06,042 | ERROR | src.core.state_manager | Corrupted JSON in state/paper/orders.json: Expecting value: line 1 column 1 (char 0)
2026-01-04 16:09:06,043 | INFO | src.core.state_manager | Loaded backup: state/paper/backups\orders.json.20260104_121314.bak
2026-01-04 16:09:06,043 | WARNING | src.core.engine | DUPLICATE PREVENTED: COALINDIA has pending order | order_id: ORD_COALINDIA_1767438568523 | qty: 5
2026-01-04 16:09:06,045 | ERROR | src.core.state_manager | Corrupted JSON in state/paper/orders.json: Expecting value: line 1 column 1 (char 0)
2026-01-04 16:09:06,045 | INFO | src.core.state_manager | Loaded backup: state/paper/backups\orders.json.20260104_121314.bak
2026-01-04 16:09:06,046 | WARNING | src.core.engine | DUPLICATE PREVENTED: INDUSTOWER has pending order | order_id: ORD_INDUSTOWER_1767438569181 | qty: 2
2026-01-04 16:09:06,046 | ERROR | src.core.state_manager | Corrupted JSON in state/paper/orders.json: Expecting value: line 1 column 1 (char 0)
2026-01-04 16:09:06,047 | INFO | src.core.state_manager | Loaded backup: state/paper/backups\orders.json.20260104_121314.bak
2026-01-04 16:09:06,047 | WARNING | src.core.engine | DUPLICATE PREVENTED: UPL has pending order | order_id: ORD_UPL_1767458402625 | qty: 2
2026-01-04 16:09:06,048 | ERROR | src.core.state_manager | Corrupted JSON in state/paper/orders.json: Expecting value: line 1 column 1 (char 0)
2026-01-04 16:09:06,049 | INFO | src.core.state_manager | Loaded backup: state/paper/backups\orders.json.20260104_121314.bak
2026-01-04 16:09:06,658 | ERROR | src.strategies.market_detector | Failed to analyze market state: 'dict' object has no attribute 'candle_count'
2026-01-04 16:09:06,850 | INFO | src.core.regime_weighting | Market regime change: None → MarketRegime.VOLATILE_NEUTRAL
2026-01-04 16:09:06,850 | WARNING | src.core.regime_weighting | Regime change to MarketRegime.VOLATILE_NEUTRAL - invalidating confidence
2026-01-04 16:09:06,850 | INFO | src.core.regime_weighting | Significant weight change - Session: POST_MARKET, Regime: VOLATILE_NEUTRAL
2026-01-04 16:09:06,850 | INFO | src.core.regime_weighting |   gap_trading: 0.17 (base: 0.25)
2026-01-04 16:09:06,851 | INFO | src.core.regime_weighting |   momentum_adaptive: 0.19 (base: 0.25)
2026-01-04 16:09:06,851 | INFO | src.core.regime_weighting |   volatility_regime: 0.52 (base: 0.25)
2026-01-04 16:09:06,851 | INFO | src.core.regime_weighting |   correlation_sync: 0.12 (base: 0.25)
2026-01-04 16:09:06,851 | INFO | src.strategies.adaptive_manager | Evaluating SRF with strategies: ['gap_trading', 'momentum_adaptive', 'volatility_regime', 'correlation_sync'] | Weights: {'gap_trading': 0.16666666666666666, 'momentum_adaptive': 0.18750000000000003, 'volatility_regime': 0.5208333333333334, 'correlation_sync': 0.125}
2026-01-04 16:09:07,047 | ERROR | src.strategies.market_detector | Failed to analyze market state: 'dict' object has no attribute 'candle_count'
2026-01-04 16:09:07,675 | INFO | src.core.engine | SRF: Adaptive strategy approved - momentum_adaptive | SL: 0.80x, Target: 2.50x, Size: 1.00x
2026-01-04 16:09:07,675 | INFO | src.core.engine | SRF: Reserving capital for proposed order - Value: Rs.3,059.50
2026-01-04 16:09:07,676 | INFO | src.core.engine | SRF: Reserved capital for proposed order - Value: Rs.3,059.50
2026-01-04 16:09:07,676 | INFO | src.core.risk_governor | Risk Governor evaluating trade: SRF x 1
2026-01-04 16:09:07,676 | INFO | src.core.risk_manager | Risk assessment for SRF: APPROVED (Score: 50.0, Level: MEDIUM)
2026-01-04 16:09:07,677 | INFO | src.core.risk_governor | Risk Governor final decision: APPROVE for SRF
2026-01-04 16:09:07,677 | INFO | src.core.engine | SRF: Risk Governor APPROVED
2026-01-04 16:09:07,678 | ERROR | src.core.state_manager | Corrupted JSON in state/paper/orders.json: Expecting value: line 1 column 1 (char 0)
2026-01-04 16:09:07,679 | INFO | src.core.state_manager | Loaded backup: state/paper/backups\orders.json.20260104_121314.bak
2026-01-04 16:09:07,682 | INFO | src.core.engine | SRF: Order created | BUY 1 @ Rs.3059.50 | SL: Rs.3016.00, Target: Rs.3195.50
2026-01-04 16:09:07,832 | INFO | src.broker.zerodha | PAPER OrderSide.BUY   1 SRF      @ ₹3059.60 | Order: PAPER-SRF-OrderSide.BUY-1767523147832
2026-01-04 16:09:07,833 | INFO | src.execution.paper | SRF: Paper order placed | OrderSide.BUY 1 @ ₹3059.60 | Order: PAPER-SRF-OrderSide.BUY-1767523147832
2026-01-04 16:09:07,833 | INFO | src.execution.adapter | SRF: Signal processed and order placed
2026-01-04 16:09:08,031 | ERROR | src.strategies.market_detector | Failed to analyze market state: 'dict' object has no attribute 'candle_count'
2026-01-04 16:09:08,248 | INFO | src.core.regime_weighting | Significant weight change - Session: POST_MARKET, Regime: VOLATILE_NEUTRAL
2026-01-04 16:09:08,248 | INFO | src.core.regime_weighting |   gap_trading: 0.17 (base: 0.25)
2026-01-04 16:09:08,249 | INFO | src.core.regime_weighting |   momentum_adaptive: 0.19 (base: 0.25)
2026-01-04 16:09:08,249 | INFO | src.core.regime_weighting |   volatility_regime: 0.52 (base: 0.25)
2026-01-04 16:09:08,249 | INFO | src.core.regime_weighting |   correlation_sync: 0.12 (base: 0.25)
2026-01-04 16:09:08,249 | INFO | src.strategies.adaptive_manager | Evaluating CUMMINSIND with strategies: ['gap_trading', 'momentum_adaptive', 'volatility_regime', 'correlation_sync'] | Weights: {'gap_trading': 0.16666666666666666, 'momentum_adaptive': 0.18750000000000003, 'volatility_regime': 0.5208333333333334, 'correlation_sync': 0.125}
2026-01-04 16:09:08,250 | INFO | src.core.engine | CUMMINSIND: Adaptive strategy approved - momentum_adaptive | SL: 0.80x, Target: 2.50x, Size: 1.00x
2026-01-04 16:09:08,250 | INFO | src.core.engine | CUMMINSIND: Reserving capital for proposed order - Value: Rs.4,482.10
2026-01-04 16:09:08,250 | ERROR | src.core.engine | Error processing signal for CUMMINSIND: Insufficient capital. Need Rs.4482.10, have Rs.1190.50 releasing capital reservation Rs.4,482.10
2026-01-04 16:09:08,251 | WARNING | src.core.engine | DUPLICATE PREVENTED: SAREGAMA has pending order | order_id: ORD_SAREGAMA_1767438570223 | qty: 2
2026-01-04 16:09:08,465 | ERROR | src.strategies.market_detector | Failed to analyze market state: 'dict' object has no attribute 'candle_count'
2026-01-04 16:09:08,597 | INFO | src.core.regime_weighting | Market regime change: MarketRegime.VOLATILE_NEUTRAL → MarketRegime.CORRELATION_BREAKDOWN
2026-01-04 16:09:08,598 | WARNING | src.core.regime_weighting | Regime change to MarketRegime.CORRELATION_BREAKDOWN - invalidating confidence
2026-01-04 16:09:08,598 | INFO | src.strategies.adaptive_manager | Evaluating BLUEDART with strategies: ['gap_trading', 'momentum_adaptive', 'volatility_regime', 'correlation_sync'] | Weights: {'gap_trading': 0.2941176470588235, 'momentum_adaptive': 0.2941176470588235, 'volatility_regime': 0.35294117647058826, 'correlation_sync': 0.058823529411764705}
2026-01-04 16:09:08,599 | INFO | src.core.engine | BLUEDART: Adaptive strategy approved - momentum_adaptive | SL: 0.80x, Target: 2.50x, Size: 1.00x
2026-01-04 16:09:08,599 | INFO | src.core.engine | BLUEDART: Reserving capital for proposed order - Value: Rs.5,593.50
2026-01-04 16:09:08,599 | ERROR | src.core.engine | Error processing signal for BLUEDART: Insufficient capital. Need Rs.5593.50, have Rs.4250.00 releasing capital reservation Rs.5,593.50
2026-01-04 16:09:41,629 | INFO | config.enhanced_config_manager | Timing config loaded: enabled=False
2026-01-04 16:09:41,630 | INFO | src.core.risk_manager | Risk Manager initialized with comprehensive risk controls
2026-01-04 16:09:41,630 | INFO | src.screener.excel_screener | Excel screener initialized: MiniRobo.xlsx
2026-01-04 16:09:43,132 | INFO | src.screener.excel_screener | Loaded 100 enabled stocks from universe
2026-01-04 16:09:43,684 | INFO | src.core.warmup_manager | WarmupManager initialized for 10 symbols with 60 days lookback
2026-01-04 16:09:43,684 | INFO | src.core.warmup_manager | 🔥 Starting system warmup sequence...
2026-01-04 16:09:43,684 | INFO | src.core.warmup_manager |   🔄 Executing: load_market_data
2026-01-04 16:09:45,525 | INFO | src.core.warmup_manager | Market data loaded: 10/10 symbols, 430 total data points
2026-01-04 16:09:45,525 | INFO | src.core.warmup_manager |   ✅ Completed: load_market_data (1.84s, 430 data points)
2026-01-04 16:09:45,525 | INFO | src.core.warmup_manager |   🔄 Executing: calculate_indicators
2026-01-04 16:09:45,537 | INFO | src.core.warmup_manager | Technical indicators calculated: 130 total indicators
2026-01-04 16:09:45,537 | INFO | src.core.warmup_manager |   ✅ Completed: calculate_indicators (0.01s, 130 data points)
2026-01-04 16:09:45,538 | INFO | src.core.warmup_manager |   🔄 Executing: warmup_timing
2026-01-04 16:09:46,191 | INFO | src.core.confidence_manager | Reactive confidence manager initialized
2026-01-04 16:09:46,192 | INFO | src.core.realtime_monitor | Real-time market monitor initialized with 60s update interval
2026-01-04 16:09:46,192 | INFO | src.core.data_risk_mitigator | Data source risk mitigator initialized
2026-01-04 16:09:46,192 | INFO | src.strategies.market_detector | Registered real-time callbacks for market events
2026-01-04 16:09:46,192 | INFO | src.core.realtime_monitor | Started monitoring 0 symbols
2026-01-04 16:09:46,192 | INFO | src.strategies.market_detector | Enhanced real-time market detector initialized
2026-01-04 16:09:46,193 | INFO | src.timing.market_regime | Unified MarketRegimeManager initialized
2026-01-04 16:09:46,722 | ERROR | src.strategies.market_detector | Failed to analyze market state: 'dict' object has no attribute 'candle_count'
2026-01-04 16:09:46,722 | INFO | src.timing.market_regime | [MARKET REGIME] SIDEWAYS | confidence=0.50 | volatility=NORMAL
2026-01-04 16:09:46,722 | INFO | src.core.warmup_manager | Timing components warmed up - Current regime: (<MarketRegime.SIDEWAYS: 'SIDEWAYS'>, 0.5)
2026-01-04 16:09:46,723 | INFO | src.core.warmup_manager |   ✅ Completed: warmup_timing (1.18s, 1 data points)
2026-01-04 16:09:46,723 | INFO | src.core.warmup_manager |   🔄 Executing: warmup_regime
2026-01-04 16:09:46,726 | INFO | src.core.warmup_manager | Market regime detection warmed up for 5 symbols
2026-01-04 16:09:46,726 | INFO | src.core.warmup_manager |   ✅ Completed: warmup_regime (0.00s, 5 data points)
2026-01-04 16:09:46,727 | INFO | src.core.warmup_manager |   🔄 Executing: warmup_strategies
2026-01-04 16:09:46,727 | INFO | src.core.confidence_manager | Reactive confidence manager initialized
2026-01-04 16:09:46,727 | INFO | src.core.realtime_monitor | Real-time market monitor initialized with 60s update interval
2026-01-04 16:09:46,727 | INFO | src.core.data_risk_mitigator | Data source risk mitigator initialized
2026-01-04 16:09:46,728 | INFO | src.strategies.market_detector | Registered real-time callbacks for market events
2026-01-04 16:09:46,728 | INFO | src.core.realtime_monitor | Started monitoring 0 symbols
2026-01-04 16:09:46,728 | INFO | src.strategies.market_detector | Enhanced real-time market detector initialized
2026-01-04 16:09:46,728 | INFO | src.core.regime_weighting | Regime-aware strategy weighting system initialized
2026-01-04 16:09:46,729 | INFO | src.strategies.gap_trading | Gap trading strategy initialized
2026-01-04 16:09:46,729 | INFO | src.strategies.momentum_adaptive | Momentum adaptive strategy initialized
2026-01-04 16:09:46,729 | INFO | src.strategies.volatility_regime | Volatility regime strategy initialized
2026-01-04 16:09:46,729 | INFO | src.core.confidence_manager | Reactive confidence manager initialized
2026-01-04 16:09:46,730 | INFO | src.strategies.correlation_sync | Correlation sync strategy initialized with reactive confidence management
2026-01-04 16:09:46,730 | INFO | src.strategies.adaptive_manager | Adaptive strategy manager initialized with regime-aware weighting in AUTO mode
2026-01-04 16:09:47,210 | ERROR | src.strategies.market_detector | Failed to analyze market state: 'dict' object has no attribute 'candle_count'
2026-01-04 16:09:47,421 | INFO | src.core.regime_weighting | Market regime change: None → MarketRegime.VOLATILE_NEUTRAL
2026-01-04 16:09:47,422 | WARNING | src.core.regime_weighting | Regime change to MarketRegime.VOLATILE_NEUTRAL - invalidating confidence
2026-01-04 16:09:47,422 | INFO | src.core.regime_weighting | Significant weight change - Session: POST_MARKET, Regime: VOLATILE_NEUTRAL
2026-01-04 16:09:47,423 | INFO | src.core.regime_weighting |   gap_trading: 0.17 (base: 0.25)
2026-01-04 16:09:47,423 | INFO | src.core.regime_weighting |   momentum_adaptive: 0.19 (base: 0.25)
2026-01-04 16:09:47,423 | INFO | src.core.regime_weighting |   volatility_regime: 0.52 (base: 0.25)
2026-01-04 16:09:47,423 | INFO | src.core.regime_weighting |   correlation_sync: 0.12 (base: 0.25)
2026-01-04 16:09:47,424 | INFO | src.strategies.adaptive_manager | Evaluating HDFCBANK with strategies: ['gap_trading', 'momentum_adaptive', 'volatility_regime', 'correlation_sync'] | Weights: {'gap_trading': 0.16666666666666666, 'momentum_adaptive': 0.18750000000000003, 'volatility_regime': 0.5208333333333334, 'correlation_sync': 0.125}
2026-01-04 16:09:47,522 | ERROR | src.strategies.market_detector | Failed to analyze market state: 'dict' object has no attribute 'candle_count'
2026-01-04 16:09:48,013 | INFO | src.strategies.correlation_sync | Correlation entry approved for HDFCBANK: Correlation entry: MEDIUM correlation (0.565) | Regime: MEDIUM | Confidence: 0.79 (reactive: 0.00)
2026-01-04 16:09:48,155 | ERROR | src.strategies.market_detector | Failed to analyze market state: 'dict' object has no attribute 'candle_count'
2026-01-04 16:09:48,344 | INFO | src.core.regime_weighting | Significant weight change - Session: POST_MARKET, Regime: VOLATILE_NEUTRAL
2026-01-04 16:09:48,344 | INFO | src.core.regime_weighting |   gap_trading: 0.17 (base: 0.25)
2026-01-04 16:09:48,345 | INFO | src.core.regime_weighting |   momentum_adaptive: 0.19 (base: 0.25)
2026-01-04 16:09:48,345 | INFO | src.core.regime_weighting |   volatility_regime: 0.52 (base: 0.25)
2026-01-04 16:09:48,345 | INFO | src.core.regime_weighting |   correlation_sync: 0.12 (base: 0.25)
2026-01-04 16:09:48,346 | INFO | src.strategies.adaptive_manager | Evaluating ICICIBANK with strategies: ['gap_trading', 'momentum_adaptive', 'volatility_regime', 'correlation_sync'] | Weights: {'gap_trading': 0.16666666666666666, 'momentum_adaptive': 0.18750000000000003, 'volatility_regime': 0.5208333333333334, 'correlation_sync': 0.125}
2026-01-04 16:09:48,346 | INFO | src.strategies.correlation_sync | Correlation entry approved for ICICIBANK: Correlation entry: MEDIUM correlation (0.400) | Regime: MEDIUM | Confidence: 0.61 (reactive: 0.00)
2026-01-04 16:09:48,444 | ERROR | src.strategies.market_detector | Failed to analyze market state: 'dict' object has no attribute 'candle_count'
2026-01-04 16:09:48,593 | INFO | src.core.regime_weighting | Significant weight change - Session: POST_MARKET, Regime: VOLATILE_NEUTRAL
2026-01-04 16:09:48,593 | INFO | src.core.regime_weighting |   gap_trading: 0.17 (base: 0.25)
2026-01-04 16:09:48,593 | INFO | src.core.regime_weighting |   momentum_adaptive: 0.19 (base: 0.25)
2026-01-04 16:09:48,593 | INFO | src.core.regime_weighting |   volatility_regime: 0.52 (base: 0.25)
2026-01-04 16:09:48,593 | INFO | src.core.regime_weighting |   correlation_sync: 0.12 (base: 0.25)
2026-01-04 16:09:48,593 | INFO | src.strategies.adaptive_manager | Evaluating KOTAKBANK with strategies: ['gap_trading', 'momentum_adaptive', 'volatility_regime', 'correlation_sync'] | Weights: {'gap_trading': 0.16666666666666666, 'momentum_adaptive': 0.18750000000000003, 'volatility_regime': 0.5208333333333334, 'correlation_sync': 0.125}
2026-01-04 16:09:48,594 | INFO | src.core.warmup_manager | Strategy managers warmed up for 3 symbols
2026-01-04 16:09:48,594 | INFO | src.core.warmup_manager |   ✅ Completed: warmup_strategies (1.87s, 3 data points)
2026-01-04 16:09:48,594 | INFO | src.core.warmup_manager |   🔄 Executing: validate_warmup
2026-01-04 16:09:48,594 | WARNING | src.core.warmup_manager | Low data quality for HDFCBANK.SMA_50: 0 points
2026-01-04 16:09:48,595 | WARNING | src.core.warmup_manager | Low data quality for ICICIBANK.SMA_50: 0 points
2026-01-04 16:09:48,596 | WARNING | src.core.warmup_manager | Low data quality for KOTAKBANK.SMA_50: 0 points
2026-01-04 16:09:48,596 | WARNING | src.core.warmup_manager | Low data quality for AXISBANK.SMA_50: 0 points
2026-01-04 16:09:48,597 | WARNING | src.core.warmup_manager | Low data quality for SBIN.SMA_50: 0 points
2026-01-04 16:09:48,598 | WARNING | src.core.warmup_manager | Low data quality for TCS.SMA_50: 0 points
2026-01-04 16:09:48,599 | WARNING | src.core.warmup_manager | Low data quality for INFY.SMA_50: 0 points
2026-01-04 16:09:48,599 | WARNING | src.core.warmup_manager | Low data quality for HCLTECH.SMA_50: 0 points
2026-01-04 16:09:48,600 | WARNING | src.core.warmup_manager | Low data quality for WIPRO.SMA_50: 0 points
2026-01-04 16:09:48,601 | WARNING | src.core.warmup_manager | Low data quality for TECHM.SMA_50: 0 points
2026-01-04 16:09:48,601 | INFO | src.core.warmup_manager | Warmup validation passed: 4/4 checks
2026-01-04 16:09:48,601 | INFO | src.core.warmup_manager |   ✅ Completed: validate_warmup (0.01s, 4 data points)
2026-01-04 16:09:48,602 | INFO | src.core.warmup_manager | ✅ Warmup COMPLETED in 4.92 seconds
2026-01-04 16:09:48,602 | INFO | src.core.warmup_manager | ============================================================
2026-01-04 16:09:48,602 | INFO | src.core.warmup_manager | WARMUP SUMMARY
2026-01-04 16:09:48,602 | INFO | src.core.warmup_manager | ============================================================
2026-01-04 16:09:48,602 | INFO | src.core.warmup_manager | Status: SUCCESS
2026-01-04 16:09:48,602 | INFO | src.core.warmup_manager | Duration: 4.92 seconds
2026-01-04 16:09:48,603 | INFO | src.core.warmup_manager | Symbols warmed: 10/10
2026-01-04 16:09:48,603 | INFO | src.core.warmup_manager | Tasks completed: 6/6
2026-01-04 16:09:48,603 | INFO | src.core.warmup_manager | Indicator Status:
2026-01-04 16:09:48,603 | INFO | src.core.warmup_manager |   ✅ SMA_20
2026-01-04 16:09:48,603 | INFO | src.core.warmup_manager |   ✅ SMA_50
2026-01-04 16:09:48,603 | INFO | src.core.warmup_manager |   ✅ EMA_12
2026-01-04 16:09:48,603 | INFO | src.core.warmup_manager |   ✅ EMA_26
2026-01-04 16:09:48,604 | INFO | src.core.warmup_manager |   ✅ RSI_14
2026-01-04 16:09:48,604 | INFO | src.core.warmup_manager |   ✅ MACD
2026-01-04 16:09:48,604 | INFO | src.core.warmup_manager |   ✅ ATR_14
2026-01-04 16:09:48,604 | INFO | src.core.warmup_manager |   ❌ BOLLINGER_BANDS
2026-01-04 16:09:48,604 | INFO | src.core.warmup_manager | ============================================================
2026-01-04 16:09:48,605 | INFO | src.utils.sector_manager | Sector manager initialized
2026-01-04 16:09:48,605 | INFO | src.core.risk_manager | Risk Manager initialized with comprehensive risk controls
2026-01-04 16:09:48,605 | INFO | src.core.risk_governor | Added risk rule: EmergencyStop (priority: 5)
2026-01-04 16:09:48,605 | INFO | src.core.risk_governor | Added risk rule: MarketHours (priority: 10)
2026-01-04 16:09:48,606 | INFO | src.core.risk_governor | Added risk rule: DailyLossLimit (priority: 15)
2026-01-04 16:09:48,606 | INFO | src.core.risk_governor | Added risk rule: VolatilityAdjustment (priority: 25)
2026-01-04 16:09:48,606 | INFO | src.core.risk_governor | Risk Governor initialized with 4 risk rules
2026-01-04 16:09:48,606 | INFO | src.core.warmup_manager | WarmupManager initialized for 100 symbols with 60 days lookback
2026-01-04 16:09:48,607 | INFO | src.core.confidence_manager | Reactive confidence manager initialized
2026-01-04 16:09:48,607 | INFO | src.core.realtime_monitor | Real-time market monitor initialized with 60s update interval
2026-01-04 16:09:48,607 | INFO | src.core.data_risk_mitigator | Data source risk mitigator initialized
2026-01-04 16:09:48,607 | INFO | src.strategies.market_detector | Registered real-time callbacks for market events
2026-01-04 16:09:48,608 | INFO | src.core.realtime_monitor | Started monitoring 0 symbols
2026-01-04 16:09:48,608 | INFO | src.strategies.market_detector | Enhanced real-time market detector initialized
2026-01-04 16:09:48,608 | INFO | src.core.regime_weighting | Regime-aware strategy weighting system initialized
2026-01-04 16:09:48,609 | INFO | src.strategies.gap_trading | Gap trading strategy initialized
2026-01-04 16:09:48,609 | INFO | src.strategies.momentum_adaptive | Momentum adaptive strategy initialized
2026-01-04 16:09:48,609 | INFO | src.strategies.volatility_regime | Volatility regime strategy initialized
2026-01-04 16:09:48,609 | INFO | src.core.confidence_manager | Reactive confidence manager initialized
2026-01-04 16:09:48,609 | INFO | src.strategies.correlation_sync | Correlation sync strategy initialized with reactive confidence management
2026-01-04 16:09:48,610 | INFO | src.strategies.adaptive_manager | Adaptive strategy manager initialized with regime-aware weighting in AUTO mode
2026-01-04 16:09:48,610 | INFO | src.core.engine | Adaptive strategies initialized successfully
2026-01-04 16:09:48,610 | INFO | src.core.engine | Trading engine initialized with timing intelligence disabled
2026-01-04 16:09:48,610 | INFO | src.core.engine | Trading engine initialized with enhanced risk management
2026-01-04 16:09:48,610 | INFO | src.execution.adapter | Initialized PAPER execution adapter
2026-01-04 16:09:48,610 | INFO | src.broker.zerodha | ZerodhaBroker initialized in PAPER mode
2026-01-04 16:09:48,611 | INFO | src.broker.zerodha | Paper trading: No real connection required
2026-01-04 16:09:48,611 | INFO | src.execution.paper | Paper trading initialized
2026-01-04 16:09:48,611 | INFO | src.execution.paper | Paper trading mode initialized
2026-01-04 16:09:48,613 | INFO | src.core.system_arming | Added kill switch: emergency_file (Critical)
2026-01-04 16:09:48,614 | INFO | src.core.system_arming | Added kill switch: daily_loss_limit (Critical)
2026-01-04 16:09:48,614 | INFO | src.core.system_arming | Added kill switch: capital_availability (Critical)
2026-01-04 16:09:48,614 | INFO | src.core.system_arming | Added kill switch: market_hours (Non-critical)
2026-01-04 16:09:48,614 | INFO | src.core.system_arming | Added kill switch: system_health (Critical)
2026-01-04 16:09:48,615 | INFO | src.core.system_arming | Added kill switch: config_integrity (Critical)
2026-01-04 16:09:48,615 | INFO | src.core.system_arming | Added kill switch: state_integrity (Critical)
2026-01-04 16:09:48,615 | INFO | src.core.system_arming | System Arming initialized with 7 kill switches
2026-01-04 16:09:48,615 | INFO | src.core.system_arming | Starting system arming sequence...
2026-01-04 16:09:48,615 | ERROR | src.core.system_arming | Capital availability check failed: 'CapitalParameters' object has no attribute 'max_position_value'
2026-01-04 16:09:48,616 | ERROR | src.core.system_arming | Critical safety check failed: capital_availability
2026-01-04 16:09:54,544 | INFO | src.core.system_arming | Starting system arming sequence...
2026-01-04 16:09:54,545 | ERROR | src.core.system_arming | Capital availability check failed: 'CapitalParameters' object has no attribute 'max_position_value'
2026-01-04 16:09:54,549 | INFO | src.core.system_arming | 🔒 SYSTEM ARMED at 16:09:54
2026-01-04 16:09:54,550 | WARNING | src.core.system_arming | ⚠️  FORCE ARMED with 1 critical failures!
2026-01-04 16:09:54,550 | WARNING | src.core.engine | No regime manager available
2026-01-04 16:09:54,550 | INFO | src.screener.excel_screener | ============================================================
2026-01-04 16:09:54,551 | INFO | src.screener.excel_screener | STARTING EXCEL-DRIVEN SCREENER
2026-01-04 16:09:54,551 | INFO | src.screener.excel_screener | ============================================================
2026-01-04 16:09:55,975 | INFO | src.screener.excel_screener | Loaded 14 screener rules
2026-01-04 16:09:56,473 | INFO | src.screener.excel_screener | 
 ACTIVE FILTER RULES:
2026-01-04 16:09:57,873 | INFO | src.screener.excel_screener | Loaded 100 enabled stocks from universe
2026-01-04 16:09:59,967 | INFO | src.screener.excel_screener | Loaded sector mapping for 100 symbols
2026-01-04 16:10:00,671 | INFO | src.screener.excel_screener | Market Trend: BULLISH
2026-01-04 16:10:00,702 | INFO | src.screener.excel_screener | Successfully fetched data for 100/100 symbols
2026-01-04 16:10:00,702 | INFO | src.screener.excel_screener | Bulk data received: 100 symbols with data
2026-01-04 16:10:00,867 | INFO | src.screener.excel_screener | Starting screening of 100 symbols. Bulk data has 100 entries
2026-01-04 16:10:01,295 | INFO | src.screener.excel_screener | 
📊 REJECTION STATISTICS:
2026-01-04 16:10:01,295 | INFO | src.screener.excel_screener |    Total Processed: 100
2026-01-04 16:10:01,295 | INFO | src.screener.excel_screener |    Passed: 26
2026-01-04 16:10:01,296 | INFO | src.screener.excel_screener |    Rejected: 74
2026-01-04 16:10:01,296 | INFO | src.screener.excel_screener | 
   Top Rejection Reasons:
2026-01-04 16:10:01,296 | INFO | src.screener.excel_screener | Metrics calculated: 100, Passed: 26, Rejected: 74, Insufficient bars: 0, Missing data: 0
2026-01-04 16:10:01,298 | INFO | src.screener.excel_screener | Max trades (adjusted for BULLISH): 8
2026-01-04 16:10:01,298 | INFO | src.screener.excel_screener | 
============================================================
2026-01-04 16:10:01,298 | INFO | src.screener.excel_screener | TOP PICKS:
2026-01-04 16:10:01,299 | INFO | src.screener.excel_screener | ============================================================
2026-01-04 16:10:01,299 | INFO | src.screener.excel_screener | INDUSTOWER | Score:  47.37 | Price: Rs. 442.05 | BULLISH_TREND,HIGH_VOLUME,STRONG_TREND
2026-01-04 16:10:01,299 | INFO | src.screener.excel_screener | HINDALCO   | Score:  42.61 | Price: Rs. 925.70 | BULLISH_TREND,HIGH_VOLUME,STRONG_TREND
2026-01-04 16:10:01,300 | INFO | src.screener.excel_screener | COALINDIA  | Score:  39.61 | Price: Rs. 427.90 | BULLISH_TREND,HIGH_VOLUME,STRONG_TREND
2026-01-04 16:10:01,300 | INFO | src.screener.excel_screener | BLUEDART   | Score:  34.99 | Price: Rs.5593.50 | NEAR_EMA20,HIGH_VOLUME
2026-01-04 16:10:01,300 | INFO | src.screener.excel_screener | UPL        | Score:  34.61 | Price: Rs. 804.65 | BULLISH_TREND
2026-01-04 16:10:02,929 | INFO | src.screener.excel_screener | Written 8 results to Excel: SCREENER_OUTPUT
2026-01-04 16:10:03,456 | INFO | src.screener.excel_screener | ============================================================
2026-01-04 16:10:03,456 | INFO | src.screener.excel_screener | SCREENER COMPLETE
2026-01-04 16:10:03,457 | INFO | src.screener.excel_screener | ============================================================
2026-01-04 16:10:04,073 | ERROR | src.strategies.market_detector | Failed to analyze market state: 'dict' object has no attribute 'candle_count'
2026-01-04 16:10:04,412 | INFO | src.core.regime_weighting | Market regime change: None → MarketRegime.VOLATILE_NEUTRAL
2026-01-04 16:10:04,412 | WARNING | src.core.regime_weighting | Regime change to MarketRegime.VOLATILE_NEUTRAL - invalidating confidence
2026-01-04 16:10:04,412 | INFO | src.core.regime_weighting | Significant weight change - Session: POST_MARKET, Regime: VOLATILE_NEUTRAL
2026-01-04 16:10:04,413 | INFO | src.core.regime_weighting |   gap_trading: 0.17 (base: 0.25)
2026-01-04 16:10:04,413 | INFO | src.core.regime_weighting |   momentum_adaptive: 0.19 (base: 0.25)
2026-01-04 16:10:04,413 | INFO | src.core.regime_weighting |   volatility_regime: 0.52 (base: 0.25)
2026-01-04 16:10:04,414 | INFO | src.core.regime_weighting |   correlation_sync: 0.12 (base: 0.25)
2026-01-04 16:10:04,414 | INFO | src.strategies.adaptive_manager | Evaluating HINDALCO with strategies: ['gap_trading', 'momentum_adaptive', 'volatility_regime', 'correlation_sync'] | Weights: {'gap_trading': 0.16666666666666666, 'momentum_adaptive': 0.18750000000000003, 'volatility_regime': 0.5208333333333334, 'correlation_sync': 0.125}
2026-01-04 16:10:04,549 | ERROR | src.strategies.market_detector | Failed to analyze market state: 'dict' object has no attribute 'candle_count'
2026-01-04 16:10:05,150 | INFO | src.core.engine | HINDALCO: Adaptive strategy approved - volatility_regime | SL: 0.80x, Target: 2.50x, Size: 1.29x
2026-01-04 16:10:05,150 | INFO | src.core.engine | HINDALCO: Reserving capital for proposed order - Value: Rs.925.70
2026-01-04 16:10:05,150 | INFO | src.core.engine | HINDALCO: Reserved capital for proposed order - Value: Rs.925.70
2026-01-04 16:10:05,151 | INFO | src.core.risk_governor | Risk Governor evaluating trade: HINDALCO x 1
2026-01-04 16:10:05,151 | INFO | src.core.risk_manager | Risk assessment for HINDALCO: APPROVED (Score: 10.0, Level: LOW)
2026-01-04 16:10:05,151 | INFO | src.core.risk_governor | Risk Governor final decision: APPROVE for HINDALCO
2026-01-04 16:10:05,151 | INFO | src.core.engine | HINDALCO: Risk Governor APPROVED
2026-01-04 16:10:05,153 | INFO | src.core.engine | HINDALCO: Order created | BUY 1 @ Rs.925.70 | SL: Rs.911.90, Target: Rs.968.80
2026-01-04 16:10:05,338 | INFO | src.broker.zerodha | PAPER OrderSide.BUY   1 HINDALCO @ ₹925.70 | Order: PAPER-HINDALCO-OrderSide.BUY-1767523205338
2026-01-04 16:10:05,338 | INFO | src.execution.paper | HINDALCO: Paper order placed | OrderSide.BUY 1 @ ₹925.70 | Order: PAPER-HINDALCO-OrderSide.BUY-1767523205338
2026-01-04 16:10:05,338 | INFO | src.execution.adapter | HINDALCO: Signal processed and order placed
2026-01-04 16:10:05,435 | ERROR | src.strategies.market_detector | Failed to analyze market state: 'dict' object has no attribute 'candle_count'
2026-01-04 16:10:05,597 | INFO | src.core.regime_weighting | Significant weight change - Session: POST_MARKET, Regime: VOLATILE_NEUTRAL
2026-01-04 16:10:05,598 | INFO | src.core.regime_weighting |   gap_trading: 0.17 (base: 0.25)
2026-01-04 16:10:05,598 | INFO | src.core.regime_weighting |   momentum_adaptive: 0.19 (base: 0.25)
2026-01-04 16:10:05,598 | INFO | src.core.regime_weighting |   volatility_regime: 0.52 (base: 0.25)
2026-01-04 16:10:05,598 | INFO | src.core.regime_weighting |   correlation_sync: 0.12 (base: 0.25)
2026-01-04 16:10:05,599 | INFO | src.strategies.adaptive_manager | Evaluating COALINDIA with strategies: ['gap_trading', 'momentum_adaptive', 'volatility_regime', 'correlation_sync'] | Weights: {'gap_trading': 0.16666666666666666, 'momentum_adaptive': 0.18750000000000003, 'volatility_regime': 0.5208333333333334, 'correlation_sync': 0.125}
2026-01-04 16:10:05,599 | INFO | src.core.engine | COALINDIA: Adaptive strategy approved - volatility_regime | SL: 0.80x, Target: 2.50x, Size: 1.29x
2026-01-04 16:10:05,599 | INFO | src.core.engine | COALINDIA: Reserving capital for proposed order - Value: Rs.2,139.50
2026-01-04 16:10:05,599 | INFO | src.core.engine | COALINDIA: Reserved capital for proposed order - Value: Rs.2,139.50
2026-01-04 16:10:05,600 | INFO | src.core.risk_governor | Risk Governor evaluating trade: COALINDIA x 5
2026-01-04 16:10:05,600 | INFO | src.core.risk_manager | Risk assessment for COALINDIA: APPROVED (Score: 10.0, Level: LOW)
2026-01-04 16:10:05,600 | INFO | src.core.risk_governor | Risk Governor final decision: APPROVE for COALINDIA
2026-01-04 16:10:05,600 | INFO | src.core.engine | COALINDIA: Risk Governor APPROVED
2026-01-04 16:10:05,604 | INFO | src.core.engine | COALINDIA: Order created | BUY 5 @ Rs.427.90 | SL: Rs.422.05, Target: Rs.446.20
2026-01-04 16:10:05,783 | INFO | src.broker.zerodha | PAPER OrderSide.BUY   5 COALINDIA @ ₹429.25 | Order: PAPER-COALINDIA-OrderSide.BUY-1767523205783
2026-01-04 16:10:05,783 | INFO | src.execution.paper | COALINDIA: Paper order placed | OrderSide.BUY 5 @ ₹429.25 | Order: PAPER-COALINDIA-OrderSide.BUY-1767523205783
2026-01-04 16:10:05,784 | INFO | src.execution.adapter | COALINDIA: Signal processed and order placed
2026-01-04 16:10:06,099 | ERROR | src.strategies.market_detector | Failed to analyze market state: 'dict' object has no attribute 'candle_count'
2026-01-04 16:10:06,257 | INFO | src.core.regime_weighting | Significant weight change - Session: POST_MARKET, Regime: VOLATILE_NEUTRAL
2026-01-04 16:10:06,257 | INFO | src.core.regime_weighting |   gap_trading: 0.17 (base: 0.25)
2026-01-04 16:10:06,257 | INFO | src.core.regime_weighting |   momentum_adaptive: 0.19 (base: 0.25)
2026-01-04 16:10:06,257 | INFO | src.core.regime_weighting |   volatility_regime: 0.52 (base: 0.25)
2026-01-04 16:10:06,257 | INFO | src.core.regime_weighting |   correlation_sync: 0.12 (base: 0.25)
2026-01-04 16:10:06,258 | INFO | src.strategies.adaptive_manager | Evaluating INDUSTOWER with strategies: ['gap_trading', 'momentum_adaptive', 'volatility_regime', 'correlation_sync'] | Weights: {'gap_trading': 0.16666666666666666, 'momentum_adaptive': 0.18750000000000003, 'volatility_regime': 0.5208333333333334, 'correlation_sync': 0.125}
2026-01-04 16:10:06,258 | INFO | src.core.engine | INDUSTOWER: Adaptive strategy approved - volatility_regime | SL: 0.80x, Target: 2.50x, Size: 1.29x
2026-01-04 16:10:06,258 | INFO | src.core.engine | INDUSTOWER: Reserving capital for proposed order - Value: Rs.884.10
2026-01-04 16:10:06,258 | INFO | src.core.engine | INDUSTOWER: Reserved capital for proposed order - Value: Rs.884.10
2026-01-04 16:10:06,259 | INFO | src.core.risk_governor | Risk Governor evaluating trade: INDUSTOWER x 2
2026-01-04 16:10:06,259 | INFO | src.core.risk_manager | Risk assessment for INDUSTOWER: APPROVED (Score: 10.0, Level: LOW)
2026-01-04 16:10:06,259 | INFO | src.core.risk_governor | Risk Governor final decision: APPROVE for INDUSTOWER
2026-01-04 16:10:06,259 | INFO | src.core.engine | INDUSTOWER: Risk Governor APPROVED
2026-01-04 16:10:06,264 | INFO | src.core.engine | INDUSTOWER: Order created | BUY 2 @ Rs.442.05 | SL: Rs.433.45, Target: Rs.468.95
2026-01-04 16:10:06,462 | INFO | src.broker.zerodha | PAPER OrderSide.BUY   2 INDUSTOWER @ ₹442.05 | Order: PAPER-INDUSTOWER-OrderSide.BUY-1767523206462
2026-01-04 16:10:06,463 | INFO | src.execution.paper | INDUSTOWER: Paper order placed | OrderSide.BUY 2 @ ₹442.05 | Order: PAPER-INDUSTOWER-OrderSide.BUY-1767523206462
2026-01-04 16:10:06,463 | INFO | src.execution.adapter | INDUSTOWER: Signal processed and order placed
2026-01-04 16:10:06,556 | ERROR | src.strategies.market_detector | Failed to analyze market state: 'dict' object has no attribute 'candle_count'
2026-01-04 16:10:06,735 | INFO | src.core.regime_weighting | Significant weight change - Session: POST_MARKET, Regime: VOLATILE_NEUTRAL
2026-01-04 16:10:06,736 | INFO | src.core.regime_weighting |   gap_trading: 0.17 (base: 0.25)
2026-01-04 16:10:06,737 | INFO | src.core.regime_weighting |   momentum_adaptive: 0.19 (base: 0.25)
2026-01-04 16:10:06,737 | INFO | src.core.regime_weighting |   volatility_regime: 0.52 (base: 0.25)
2026-01-04 16:10:06,737 | INFO | src.core.regime_weighting |   correlation_sync: 0.12 (base: 0.25)
2026-01-04 16:10:06,737 | INFO | src.strategies.adaptive_manager | Evaluating UPL with strategies: ['gap_trading', 'momentum_adaptive', 'volatility_regime', 'correlation_sync'] | Weights: {'gap_trading': 0.16666666666666666, 'momentum_adaptive': 0.18750000000000003, 'volatility_regime': 0.5208333333333334, 'correlation_sync': 0.125}
2026-01-04 16:10:06,738 | INFO | src.core.engine | UPL: Adaptive strategy approved - momentum_adaptive | SL: 0.80x, Target: 2.50x, Size: 1.00x
2026-01-04 16:10:06,738 | INFO | src.core.engine | UPL: Reserving capital for proposed order - Value: Rs.1,609.30
2026-01-04 16:10:06,738 | ERROR | src.core.engine | Error processing signal for UPL: Insufficient capital. Need Rs.1609.30, have Rs.300.70 releasing capital reservation Rs.1,609.30
2026-01-04 16:10:06,872 | ERROR | src.strategies.market_detector | Failed to analyze market state: 'dict' object has no attribute 'candle_count'
2026-01-04 16:10:07,079 | INFO | src.core.regime_weighting | Significant weight change - Session: POST_MARKET, Regime: VOLATILE_NEUTRAL
2026-01-04 16:10:07,080 | INFO | src.core.regime_weighting |   gap_trading: 0.17 (base: 0.25)
2026-01-04 16:10:07,080 | INFO | src.core.regime_weighting |   momentum_adaptive: 0.19 (base: 0.25)
2026-01-04 16:10:07,080 | INFO | src.core.regime_weighting |   volatility_regime: 0.52 (base: 0.25)
2026-01-04 16:10:07,080 | INFO | src.core.regime_weighting |   correlation_sync: 0.12 (base: 0.25)
2026-01-04 16:10:07,081 | INFO | src.strategies.adaptive_manager | Evaluating SRF with strategies: ['gap_trading', 'momentum_adaptive', 'volatility_regime', 'correlation_sync'] | Weights: {'gap_trading': 0.16666666666666666, 'momentum_adaptive': 0.18750000000000003, 'volatility_regime': 0.5208333333333334, 'correlation_sync': 0.125}
2026-01-04 16:10:07,081 | INFO | src.core.engine | SRF: Adaptive strategy approved - momentum_adaptive | SL: 0.80x, Target: 2.50x, Size: 1.00x
2026-01-04 16:10:07,081 | INFO | src.core.engine | SRF: Reserving capital for proposed order - Value: Rs.3,059.50
2026-01-04 16:10:07,081 | ERROR | src.core.engine | Error processing signal for SRF: Insufficient capital. Need Rs.3059.50, have Rs.1910.00 releasing capital reservation Rs.3,059.50
2026-01-04 16:10:07,223 | ERROR | src.strategies.market_detector | Failed to analyze market state: 'dict' object has no attribute 'candle_count'
2026-01-04 16:10:07,430 | INFO | src.core.regime_weighting | Significant weight change - Session: POST_MARKET, Regime: VOLATILE_NEUTRAL
2026-01-04 16:10:07,430 | INFO | src.core.regime_weighting |   gap_trading: 0.17 (base: 0.25)
2026-01-04 16:10:07,430 | INFO | src.core.regime_weighting |   momentum_adaptive: 0.19 (base: 0.25)
2026-01-04 16:10:07,430 | INFO | src.core.regime_weighting |   volatility_regime: 0.52 (base: 0.25)
2026-01-04 16:10:07,431 | INFO | src.core.regime_weighting |   correlation_sync: 0.12 (base: 0.25)
2026-01-04 16:10:07,431 | INFO | src.strategies.adaptive_manager | Evaluating CUMMINSIND with strategies: ['gap_trading', 'momentum_adaptive', 'volatility_regime', 'correlation_sync'] | Weights: {'gap_trading': 0.16666666666666666, 'momentum_adaptive': 0.18750000000000003, 'volatility_regime': 0.5208333333333334, 'correlation_sync': 0.125}
2026-01-04 16:10:07,431 | INFO | src.core.engine | CUMMINSIND: Adaptive strategy approved - momentum_adaptive | SL: 0.80x, Target: 2.50x, Size: 1.00x
2026-01-04 16:10:07,431 | INFO | src.core.engine | CUMMINSIND: Reserving capital for proposed order - Value: Rs.4,482.10
2026-01-04 16:10:07,432 | ERROR | src.core.engine | Error processing signal for CUMMINSIND: Insufficient capital. Need Rs.4482.10, have Rs.4250.00 releasing capital reservation Rs.4,482.10
2026-01-04 16:10:07,544 | ERROR | src.strategies.market_detector | Failed to analyze market state: 'dict' object has no attribute 'candle_count'
2026-01-04 16:10:07,742 | INFO | src.core.regime_weighting | Significant weight change - Session: POST_MARKET, Regime: VOLATILE_NEUTRAL
2026-01-04 16:10:07,742 | INFO | src.core.regime_weighting |   gap_trading: 0.17 (base: 0.25)
2026-01-04 16:10:07,742 | INFO | src.core.regime_weighting |   momentum_adaptive: 0.19 (base: 0.25)
2026-01-04 16:10:07,743 | INFO | src.core.regime_weighting |   volatility_regime: 0.52 (base: 0.25)
2026-01-04 16:10:07,743 | INFO | src.core.regime_weighting |   correlation_sync: 0.12 (base: 0.25)
2026-01-04 16:10:07,743 | INFO | src.strategies.adaptive_manager | Evaluating SAREGAMA with strategies: ['gap_trading', 'momentum_adaptive', 'volatility_regime', 'correlation_sync'] | Weights: {'gap_trading': 0.16666666666666666, 'momentum_adaptive': 0.18750000000000003, 'volatility_regime': 0.5208333333333334, 'correlation_sync': 0.125}
2026-01-04 16:10:07,743 | INFO | src.core.engine | SAREGAMA: Adaptive strategy approved - momentum_adaptive | SL: 0.80x, Target: 2.50x, Size: 1.00x
2026-01-04 16:10:07,743 | INFO | src.core.engine | SAREGAMA: Reserving capital for proposed order - Value: Rs.715.90
2026-01-04 16:10:07,744 | INFO | src.core.engine | SAREGAMA: Reserved capital for proposed order - Value: Rs.715.90
2026-01-04 16:10:07,744 | INFO | src.core.risk_governor | Risk Governor evaluating trade: SAREGAMA x 2
2026-01-04 16:10:07,744 | INFO | src.core.risk_manager | Risk assessment for SAREGAMA: APPROVED (Score: 10.0, Level: LOW)
2026-01-04 16:10:07,744 | INFO | src.core.risk_governor | Risk Governor final decision: APPROVE for SAREGAMA
2026-01-04 16:10:07,744 | INFO | src.core.engine | SAREGAMA: Risk Governor APPROVED
2026-01-04 16:10:07,748 | INFO | src.core.engine | SAREGAMA: Order created | BUY 2 @ Rs.357.95 | SL: Rs.348.25, Target: Rs.388.35
2026-01-04 16:10:07,882 | INFO | src.broker.zerodha | PAPER OrderSide.BUY   2 SAREGAMA @ ₹357.80 | Order: PAPER-SAREGAMA-OrderSide.BUY-1767523207882
2026-01-04 16:10:07,882 | INFO | src.execution.paper | SAREGAMA: Paper order placed | OrderSide.BUY 2 @ ₹357.80 | Order: PAPER-SAREGAMA-OrderSide.BUY-1767523207882
2026-01-04 16:10:07,882 | INFO | src.execution.adapter | SAREGAMA: Signal processed and order placed
2026-01-04 16:10:08,006 | ERROR | src.strategies.market_detector | Failed to analyze market state: 'dict' object has no attribute 'candle_count'
2026-01-04 16:10:08,181 | INFO | src.core.regime_weighting | Market regime change: MarketRegime.VOLATILE_NEUTRAL → MarketRegime.CORRELATION_BREAKDOWN
2026-01-04 16:10:08,182 | WARNING | src.core.regime_weighting | Regime change to MarketRegime.CORRELATION_BREAKDOWN - invalidating confidence
2026-01-04 16:10:08,182 | INFO | src.strategies.adaptive_manager | Evaluating BLUEDART with strategies: ['gap_trading', 'momentum_adaptive', 'volatility_regime', 'correlation_sync'] | Weights: {'gap_trading': 0.2941176470588235, 'momentum_adaptive': 0.2941176470588235, 'volatility_regime': 0.35294117647058826, 'correlation_sync': 0.058823529411764705}
2026-01-04 16:10:08,183 | INFO | src.core.engine | BLUEDART: Adaptive strategy approved - momentum_adaptive | SL: 0.80x, Target: 2.50x, Size: 1.00x
2026-01-04 16:10:08,183 | INFO | src.core.engine | BLUEDART: Reserving capital for proposed order - Value: Rs.5,593.50
2026-01-04 16:10:08,183 | ERROR | src.core.engine | Error processing signal for BLUEDART: Insufficient capital. Need Rs.5593.50, have Rs.3534.10 releasing capital reservation Rs.5,593.50
2026-01-04 16:13:53,975 | INFO | config.enhanced_config_manager | Timing config loaded: enabled=False
2026-01-04 16:13:53,975 | INFO | src.core.risk_manager | Risk Manager initialized with comprehensive risk controls
2026-01-04 16:13:53,976 | INFO | src.screener.excel_screener | Excel screener initialized: MiniRobo.xlsx
2026-01-04 16:13:55,540 | INFO | src.screener.excel_screener | Loaded 100 enabled stocks from universe
2026-01-04 16:13:56,055 | INFO | src.core.warmup_manager | WarmupManager initialized for 10 symbols with 60 days lookback
2026-01-04 16:13:56,055 | INFO | src.core.warmup_manager | 🔥 Starting system warmup sequence...
2026-01-04 16:13:56,055 | INFO | src.core.warmup_manager |   🔄 Executing: load_market_data
2026-01-04 16:13:58,054 | INFO | src.core.warmup_manager | Market data loaded: 10/10 symbols, 430 total data points
2026-01-04 16:13:58,055 | INFO | src.core.warmup_manager |   ✅ Completed: load_market_data (2.00s, 430 data points)
2026-01-04 16:13:58,055 | INFO | src.core.warmup_manager |   🔄 Executing: calculate_indicators
2026-01-04 16:13:58,067 | INFO | src.core.warmup_manager | Technical indicators calculated: 130 total indicators
2026-01-04 16:13:58,067 | INFO | src.core.warmup_manager |   ✅ Completed: calculate_indicators (0.01s, 130 data points)
2026-01-04 16:13:58,067 | INFO | src.core.warmup_manager |   🔄 Executing: warmup_timing
2026-01-04 16:13:58,774 | INFO | src.core.confidence_manager | Reactive confidence manager initialized
2026-01-04 16:13:58,774 | INFO | src.core.realtime_monitor | Real-time market monitor initialized with 60s update interval
2026-01-04 16:13:58,775 | INFO | src.core.data_risk_mitigator | Data source risk mitigator initialized
2026-01-04 16:13:58,775 | INFO | src.strategies.market_detector | Registered real-time callbacks for market events
2026-01-04 16:13:58,775 | INFO | src.core.realtime_monitor | Started monitoring 0 symbols
2026-01-04 16:13:58,775 | INFO | src.strategies.market_detector | Enhanced real-time market detector initialized
2026-01-04 16:13:58,775 | INFO | src.timing.market_regime | Unified MarketRegimeManager initialized
2026-01-04 16:13:59,353 | ERROR | src.strategies.market_detector | Failed to analyze market state: 'dict' object has no attribute 'candle_count'
2026-01-04 16:13:59,354 | INFO | src.timing.market_regime | [MARKET REGIME] SIDEWAYS | confidence=0.50 | volatility=NORMAL
2026-01-04 16:13:59,354 | INFO | src.core.warmup_manager | Timing components warmed up - Current regime: (<MarketRegime.SIDEWAYS: 'SIDEWAYS'>, 0.5)
2026-01-04 16:13:59,354 | INFO | src.core.warmup_manager |   ✅ Completed: warmup_timing (1.29s, 1 data points)
2026-01-04 16:13:59,354 | INFO | src.core.warmup_manager |   🔄 Executing: warmup_regime
2026-01-04 16:13:59,357 | INFO | src.core.warmup_manager | Market regime detection warmed up for 5 symbols
2026-01-04 16:13:59,358 | INFO | src.core.warmup_manager |   ✅ Completed: warmup_regime (0.00s, 5 data points)
2026-01-04 16:13:59,358 | INFO | src.core.warmup_manager |   🔄 Executing: warmup_strategies
2026-01-04 16:13:59,358 | INFO | src.core.confidence_manager | Reactive confidence manager initialized
2026-01-04 16:13:59,358 | INFO | src.core.realtime_monitor | Real-time market monitor initialized with 60s update interval
2026-01-04 16:13:59,359 | INFO | src.core.data_risk_mitigator | Data source risk mitigator initialized
2026-01-04 16:13:59,359 | INFO | src.strategies.market_detector | Registered real-time callbacks for market events
2026-01-04 16:13:59,359 | INFO | src.core.realtime_monitor | Started monitoring 0 symbols
2026-01-04 16:13:59,359 | INFO | src.strategies.market_detector | Enhanced real-time market detector initialized
2026-01-04 16:13:59,360 | INFO | src.core.regime_weighting | Regime-aware strategy weighting system initialized
2026-01-04 16:13:59,360 | INFO | src.strategies.gap_trading | Gap trading strategy initialized
2026-01-04 16:13:59,360 | INFO | src.strategies.momentum_adaptive | Momentum adaptive strategy initialized
2026-01-04 16:13:59,360 | INFO | src.strategies.volatility_regime | Volatility regime strategy initialized
2026-01-04 16:13:59,360 | INFO | src.core.confidence_manager | Reactive confidence manager initialized
2026-01-04 16:13:59,361 | INFO | src.strategies.correlation_sync | Correlation sync strategy initialized with reactive confidence management
2026-01-04 16:13:59,361 | INFO | src.strategies.adaptive_manager | Adaptive strategy manager initialized with regime-aware weighting in AUTO mode
2026-01-04 16:13:59,702 | ERROR | src.strategies.market_detector | Failed to analyze market state: 'dict' object has no attribute 'candle_count'
2026-01-04 16:13:59,859 | INFO | src.core.regime_weighting | Market regime change: None → MarketRegime.VOLATILE_NEUTRAL
2026-01-04 16:13:59,860 | WARNING | src.core.regime_weighting | Regime change to MarketRegime.VOLATILE_NEUTRAL - invalidating confidence
2026-01-04 16:13:59,860 | INFO | src.core.regime_weighting | Significant weight change - Session: POST_MARKET, Regime: VOLATILE_NEUTRAL
2026-01-04 16:13:59,860 | INFO | src.core.regime_weighting |   gap_trading: 0.17 (base: 0.25)
2026-01-04 16:13:59,861 | INFO | src.core.regime_weighting |   momentum_adaptive: 0.19 (base: 0.25)
2026-01-04 16:13:59,861 | INFO | src.core.regime_weighting |   volatility_regime: 0.52 (base: 0.25)
2026-01-04 16:13:59,861 | INFO | src.core.regime_weighting |   correlation_sync: 0.12 (base: 0.25)
2026-01-04 16:13:59,861 | INFO | src.strategies.adaptive_manager | Evaluating HDFCBANK with strategies: ['gap_trading', 'momentum_adaptive', 'volatility_regime', 'correlation_sync'] | Weights: {'gap_trading': 0.16666666666666666, 'momentum_adaptive': 0.18750000000000003, 'volatility_regime': 0.5208333333333334, 'correlation_sync': 0.125}
2026-01-04 16:13:59,980 | ERROR | src.strategies.market_detector | Failed to analyze market state: 'dict' object has no attribute 'candle_count'
2026-01-04 16:14:00,405 | INFO | src.strategies.correlation_sync | Correlation entry approved for HDFCBANK: Correlation entry: MEDIUM correlation (0.565) | Regime: MEDIUM | Confidence: 0.79 (reactive: 0.00)
2026-01-04 16:14:00,617 | ERROR | src.strategies.market_detector | Failed to analyze market state: 'dict' object has no attribute 'candle_count'
2026-01-04 16:14:00,764 | INFO | src.core.regime_weighting | Significant weight change - Session: POST_MARKET, Regime: VOLATILE_NEUTRAL
2026-01-04 16:14:00,764 | INFO | src.core.regime_weighting |   gap_trading: 0.17 (base: 0.25)
2026-01-04 16:14:00,764 | INFO | src.core.regime_weighting |   momentum_adaptive: 0.19 (base: 0.25)
2026-01-04 16:14:00,765 | INFO | src.core.regime_weighting |   volatility_regime: 0.52 (base: 0.25)
2026-01-04 16:14:00,765 | INFO | src.core.regime_weighting |   correlation_sync: 0.12 (base: 0.25)
2026-01-04 16:14:00,765 | INFO | src.strategies.adaptive_manager | Evaluating ICICIBANK with strategies: ['gap_trading', 'momentum_adaptive', 'volatility_regime', 'correlation_sync'] | Weights: {'gap_trading': 0.16666666666666666, 'momentum_adaptive': 0.18750000000000003, 'volatility_regime': 0.5208333333333334, 'correlation_sync': 0.125}
2026-01-04 16:14:00,765 | INFO | src.strategies.correlation_sync | Correlation entry approved for ICICIBANK: Correlation entry: MEDIUM correlation (0.400) | Regime: MEDIUM | Confidence: 0.61 (reactive: 0.00)
2026-01-04 16:14:00,844 | ERROR | src.strategies.market_detector | Failed to analyze market state: 'dict' object has no attribute 'candle_count'
2026-01-04 16:14:00,996 | INFO | src.core.regime_weighting | Significant weight change - Session: POST_MARKET, Regime: VOLATILE_NEUTRAL
2026-01-04 16:14:00,996 | INFO | src.core.regime_weighting |   gap_trading: 0.17 (base: 0.25)
2026-01-04 16:14:00,996 | INFO | src.core.regime_weighting |   momentum_adaptive: 0.19 (base: 0.25)
2026-01-04 16:14:00,997 | INFO | src.core.regime_weighting |   volatility_regime: 0.52 (base: 0.25)
2026-01-04 16:14:00,997 | INFO | src.core.regime_weighting |   correlation_sync: 0.12 (base: 0.25)
2026-01-04 16:14:00,997 | INFO | src.strategies.adaptive_manager | Evaluating KOTAKBANK with strategies: ['gap_trading', 'momentum_adaptive', 'volatility_regime', 'correlation_sync'] | Weights: {'gap_trading': 0.16666666666666666, 'momentum_adaptive': 0.18750000000000003, 'volatility_regime': 0.5208333333333334, 'correlation_sync': 0.125}
2026-01-04 16:14:00,997 | INFO | src.core.warmup_manager | Strategy managers warmed up for 3 symbols
2026-01-04 16:14:00,998 | INFO | src.core.warmup_manager |   ✅ Completed: warmup_strategies (1.64s, 3 data points)
2026-01-04 16:14:00,998 | INFO | src.core.warmup_manager |   🔄 Executing: validate_warmup
2026-01-04 16:14:00,998 | WARNING | src.core.warmup_manager | Low data quality for HDFCBANK.SMA_50: 0 points
2026-01-04 16:14:00,999 | WARNING | src.core.warmup_manager | Low data quality for ICICIBANK.SMA_50: 0 points
2026-01-04 16:14:01,000 | WARNING | src.core.warmup_manager | Low data quality for KOTAKBANK.SMA_50: 0 points
2026-01-04 16:14:01,000 | WARNING | src.core.warmup_manager | Low data quality for AXISBANK.SMA_50: 0 points
2026-01-04 16:14:01,001 | WARNING | src.core.warmup_manager | Low data quality for SBIN.SMA_50: 0 points
2026-01-04 16:14:01,002 | WARNING | src.core.warmup_manager | Low data quality for TCS.SMA_50: 0 points
2026-01-04 16:14:01,004 | WARNING | src.core.warmup_manager | Low data quality for INFY.SMA_50: 0 points
2026-01-04 16:14:01,005 | WARNING | src.core.warmup_manager | Low data quality for HCLTECH.SMA_50: 0 points
2026-01-04 16:14:01,006 | WARNING | src.core.warmup_manager | Low data quality for WIPRO.SMA_50: 0 points
2026-01-04 16:14:01,007 | WARNING | src.core.warmup_manager | Low data quality for TECHM.SMA_50: 0 points
2026-01-04 16:14:01,008 | INFO | src.core.warmup_manager | Warmup validation passed: 4/4 checks
2026-01-04 16:14:01,009 | INFO | src.core.warmup_manager |   ✅ Completed: validate_warmup (0.01s, 4 data points)
2026-01-04 16:14:01,009 | INFO | src.core.warmup_manager | ✅ Warmup COMPLETED in 4.95 seconds
2026-01-04 16:14:01,009 | INFO | src.core.warmup_manager | ============================================================
2026-01-04 16:14:01,009 | INFO | src.core.warmup_manager | WARMUP SUMMARY
2026-01-04 16:14:01,010 | INFO | src.core.warmup_manager | ============================================================
2026-01-04 16:14:01,010 | INFO | src.core.warmup_manager | Status: SUCCESS
2026-01-04 16:14:01,010 | INFO | src.core.warmup_manager | Duration: 4.95 seconds
2026-01-04 16:14:01,010 | INFO | src.core.warmup_manager | Symbols warmed: 10/10
2026-01-04 16:14:01,010 | INFO | src.core.warmup_manager | Tasks completed: 6/6
2026-01-04 16:14:01,010 | INFO | src.core.warmup_manager | Indicator Status:
2026-01-04 16:14:01,011 | INFO | src.core.warmup_manager |   ✅ SMA_20
2026-01-04 16:14:01,011 | INFO | src.core.warmup_manager |   ✅ SMA_50
2026-01-04 16:14:01,011 | INFO | src.core.warmup_manager |   ✅ EMA_12
2026-01-04 16:14:01,011 | INFO | src.core.warmup_manager |   ✅ EMA_26
2026-01-04 16:14:01,011 | INFO | src.core.warmup_manager |   ✅ RSI_14
2026-01-04 16:14:01,012 | INFO | src.core.warmup_manager |   ✅ MACD
2026-01-04 16:14:01,012 | INFO | src.core.warmup_manager |   ✅ ATR_14
2026-01-04 16:14:01,012 | INFO | src.core.warmup_manager | ============================================================
2026-01-04 16:14:01,013 | INFO | src.utils.sector_manager | Sector manager initialized
2026-01-04 16:14:01,013 | INFO | src.core.risk_manager | Risk Manager initialized with comprehensive risk controls
2026-01-04 16:14:01,013 | INFO | src.core.risk_governor | Added risk rule: EmergencyStop (priority: 5)
2026-01-04 16:14:01,014 | INFO | src.core.risk_governor | Added risk rule: MarketHours (priority: 10)
2026-01-04 16:14:01,014 | INFO | src.core.risk_governor | Added risk rule: DailyLossLimit (priority: 15)
2026-01-04 16:14:01,014 | INFO | src.core.risk_governor | Added risk rule: VolatilityAdjustment (priority: 25)
2026-01-04 16:14:01,015 | INFO | src.core.risk_governor | Risk Governor initialized with 4 risk rules
2026-01-04 16:14:01,015 | INFO | src.core.warmup_manager | WarmupManager initialized for 100 symbols with 60 days lookback
2026-01-04 16:14:01,015 | INFO | src.core.confidence_manager | Reactive confidence manager initialized
2026-01-04 16:14:01,015 | INFO | src.core.realtime_monitor | Real-time market monitor initialized with 60s update interval
2026-01-04 16:14:01,016 | INFO | src.core.data_risk_mitigator | Data source risk mitigator initialized
2026-01-04 16:14:01,016 | INFO | src.strategies.market_detector | Registered real-time callbacks for market events
2026-01-04 16:14:01,016 | INFO | src.core.realtime_monitor | Started monitoring 0 symbols
2026-01-04 16:14:01,017 | INFO | src.strategies.market_detector | Enhanced real-time market detector initialized
2026-01-04 16:14:01,017 | INFO | src.core.regime_weighting | Regime-aware strategy weighting system initialized
2026-01-04 16:14:01,017 | INFO | src.strategies.gap_trading | Gap trading strategy initialized
2026-01-04 16:14:01,017 | INFO | src.strategies.momentum_adaptive | Momentum adaptive strategy initialized
2026-01-04 16:14:01,017 | INFO | src.strategies.volatility_regime | Volatility regime strategy initialized
2026-01-04 16:14:01,018 | INFO | src.core.confidence_manager | Reactive confidence manager initialized
2026-01-04 16:14:01,018 | INFO | src.strategies.correlation_sync | Correlation sync strategy initialized with reactive confidence management
2026-01-04 16:14:01,018 | INFO | src.strategies.adaptive_manager | Adaptive strategy manager initialized with regime-aware weighting in AUTO mode
2026-01-04 16:14:01,018 | INFO | src.core.engine | Adaptive strategies initialized successfully
2026-01-04 16:14:01,019 | INFO | src.core.engine | Trading engine initialized with timing intelligence disabled
2026-01-04 16:14:01,019 | INFO | src.core.engine | Trading engine initialized with enhanced risk management
2026-01-04 16:14:01,019 | INFO | src.execution.adapter | Initialized PAPER execution adapter
2026-01-04 16:14:01,019 | INFO | src.broker.zerodha | ZerodhaBroker initialized in PAPER mode
2026-01-04 16:14:01,020 | INFO | src.broker.zerodha | Paper trading: No real connection required
2026-01-04 16:14:01,020 | INFO | src.execution.paper | Paper trading initialized
2026-01-04 16:14:01,020 | INFO | src.execution.paper | Paper trading mode initialized
2026-01-04 16:14:01,023 | INFO | src.core.system_arming | Added kill switch: emergency_file (Critical)
2026-01-04 16:14:01,023 | INFO | src.core.system_arming | Added kill switch: daily_loss_limit (Critical)
2026-01-04 16:14:01,024 | INFO | src.core.system_arming | Added kill switch: capital_availability (Critical)
2026-01-04 16:14:01,024 | INFO | src.core.system_arming | Added kill switch: market_hours (Non-critical)
2026-01-04 16:14:01,024 | INFO | src.core.system_arming | Added kill switch: system_health (Critical)
2026-01-04 16:14:01,024 | INFO | src.core.system_arming | Added kill switch: config_integrity (Critical)
2026-01-04 16:14:01,025 | INFO | src.core.system_arming | Added kill switch: state_integrity (Critical)
2026-01-04 16:14:01,025 | INFO | src.core.system_arming | System Arming initialized with 7 kill switches
2026-01-04 16:14:01,025 | INFO | src.core.system_arming | Starting system arming sequence...
2026-01-04 16:14:01,025 | ERROR | src.core.system_arming | Capital availability check failed: 'CapitalParameters' object has no attribute 'max_position_value'
2026-01-04 16:14:01,025 | ERROR | src.core.system_arming | Critical safety check failed: capital_availability
2026-01-04 16:14:16,246 | INFO | src.core.system_arming | Starting system arming sequence...
2026-01-04 16:14:16,247 | ERROR | src.core.system_arming | Capital availability check failed: 'CapitalParameters' object has no attribute 'max_position_value'
2026-01-04 16:14:16,300 | INFO | src.core.system_arming | 🔒 SYSTEM ARMED at 16:14:16
2026-01-04 16:14:16,301 | WARNING | src.core.system_arming | ⚠️  FORCE ARMED with 1 critical failures!
2026-01-04 16:14:16,301 | WARNING | src.core.engine | No regime manager available
2026-01-04 16:14:16,301 | INFO | src.screener.excel_screener | ============================================================
2026-01-04 16:14:16,302 | INFO | src.screener.excel_screener | STARTING EXCEL-DRIVEN SCREENER
2026-01-04 16:14:16,302 | INFO | src.screener.excel_screener | ============================================================
2026-01-04 16:14:17,902 | INFO | src.screener.excel_screener | Loaded 14 screener rules
2026-01-04 16:14:18,418 | INFO | src.screener.excel_screener | 
 ACTIVE FILTER RULES:
2026-01-04 16:14:19,786 | INFO | src.screener.excel_screener | Loaded 100 enabled stocks from universe
2026-01-04 16:14:21,714 | INFO | src.screener.excel_screener | Loaded sector mapping for 100 symbols
2026-01-04 16:14:22,547 | INFO | src.screener.excel_screener | Market Trend: BULLISH
2026-01-04 16:14:24,368 | INFO | src.screener.excel_screener | Successfully fetched data for 100/100 symbols
2026-01-04 16:14:24,369 | INFO | src.screener.excel_screener | Bulk data received: 100 symbols with data
2026-01-04 16:14:24,569 | INFO | src.screener.excel_screener | Starting screening of 100 symbols. Bulk data has 100 entries
2026-01-04 16:14:24,982 | INFO | src.screener.excel_screener | 
📊 REJECTION STATISTICS:
2026-01-04 16:14:24,982 | INFO | src.screener.excel_screener |    Total Processed: 100
2026-01-04 16:14:24,982 | INFO | src.screener.excel_screener |    Passed: 26
2026-01-04 16:14:24,983 | INFO | src.screener.excel_screener |    Rejected: 74
2026-01-04 16:14:24,983 | INFO | src.screener.excel_screener | 
   Top Rejection Reasons:
2026-01-04 16:14:24,983 | INFO | src.screener.excel_screener | Metrics calculated: 100, Passed: 26, Rejected: 74, Insufficient bars: 0, Missing data: 0
2026-01-04 16:14:24,984 | INFO | src.screener.excel_screener | Max trades (adjusted for BULLISH): 8
2026-01-04 16:14:24,985 | INFO | src.screener.excel_screener | 
============================================================
2026-01-04 16:14:24,985 | INFO | src.screener.excel_screener | TOP PICKS:
2026-01-04 16:14:24,985 | INFO | src.screener.excel_screener | ============================================================
2026-01-04 16:14:24,986 | INFO | src.screener.excel_screener | INDUSTOWER | Score:  47.37 | Price: Rs. 442.05 | BULLISH_TREND,HIGH_VOLUME,STRONG_TREND
2026-01-04 16:14:24,986 | INFO | src.screener.excel_screener | HINDALCO   | Score:  42.61 | Price: Rs. 925.70 | BULLISH_TREND,HIGH_VOLUME,STRONG_TREND
2026-01-04 16:14:24,986 | INFO | src.screener.excel_screener | COALINDIA  | Score:  39.61 | Price: Rs. 427.90 | BULLISH_TREND,HIGH_VOLUME,STRONG_TREND
2026-01-04 16:14:24,987 | INFO | src.screener.excel_screener | BLUEDART   | Score:  34.99 | Price: Rs.5593.50 | NEAR_EMA20,HIGH_VOLUME
2026-01-04 16:14:24,987 | INFO | src.screener.excel_screener | UPL        | Score:  34.61 | Price: Rs. 804.65 | BULLISH_TREND
2026-01-04 16:14:26,569 | INFO | src.screener.excel_screener | Written 8 results to Excel: SCREENER_OUTPUT
2026-01-04 16:14:27,118 | INFO | src.screener.excel_screener | ============================================================
2026-01-04 16:14:27,119 | INFO | src.screener.excel_screener | SCREENER COMPLETE
2026-01-04 16:14:27,119 | INFO | src.screener.excel_screener | ============================================================
2026-01-04 16:14:27,143 | WARNING | src.core.engine | DUPLICATE PREVENTED: HINDALCO has pending order | order_id: ORD_HINDALCO_1767523205151 | qty: 1
2026-01-04 16:14:27,146 | WARNING | src.core.engine | DUPLICATE PREVENTED: COALINDIA has pending order | order_id: ORD_COALINDIA_1767523205601 | qty: 5
2026-01-04 16:14:27,148 | WARNING | src.core.engine | DUPLICATE PREVENTED: INDUSTOWER has pending order | order_id: ORD_INDUSTOWER_1767523206259 | qty: 2
2026-01-04 16:14:27,677 | ERROR | src.strategies.market_detector | Failed to analyze market state: 'dict' object has no attribute 'candle_count'
2026-01-04 16:14:27,849 | INFO | src.core.regime_weighting | Market regime change: None → MarketRegime.VOLATILE_NEUTRAL
2026-01-04 16:14:27,850 | WARNING | src.core.regime_weighting | Regime change to MarketRegime.VOLATILE_NEUTRAL - invalidating confidence
2026-01-04 16:14:27,850 | INFO | src.core.regime_weighting | Significant weight change - Session: POST_MARKET, Regime: VOLATILE_NEUTRAL
2026-01-04 16:14:27,850 | INFO | src.core.regime_weighting |   gap_trading: 0.17 (base: 0.25)
2026-01-04 16:14:27,850 | INFO | src.core.regime_weighting |   momentum_adaptive: 0.19 (base: 0.25)
2026-01-04 16:14:27,851 | INFO | src.core.regime_weighting |   volatility_regime: 0.52 (base: 0.25)
2026-01-04 16:14:27,851 | INFO | src.core.regime_weighting |   correlation_sync: 0.12 (base: 0.25)
2026-01-04 16:14:27,851 | INFO | src.strategies.adaptive_manager | Evaluating UPL with strategies: ['gap_trading', 'momentum_adaptive', 'volatility_regime', 'correlation_sync'] | Weights: {'gap_trading': 0.16666666666666666, 'momentum_adaptive': 0.18750000000000003, 'volatility_regime': 0.5208333333333334, 'correlation_sync': 0.125}
2026-01-04 16:14:27,974 | ERROR | src.strategies.market_detector | Failed to analyze market state: 'dict' object has no attribute 'candle_count'
2026-01-04 16:14:28,388 | INFO | src.core.engine | UPL: Adaptive strategy approved - momentum_adaptive | SL: 0.80x, Target: 2.50x, Size: 1.00x
2026-01-04 16:14:28,389 | INFO | src.core.engine | UPL: Reserving capital for proposed order - Value: Rs.1,609.30
2026-01-04 16:14:28,389 | INFO | src.core.engine | UPL: Reserved capital for proposed order - Value: Rs.1,609.30
2026-01-04 16:14:28,389 | INFO | src.core.risk_governor | Risk Governor evaluating trade: UPL x 2
2026-01-04 16:14:28,390 | INFO | src.core.risk_manager | Risk assessment for UPL: APPROVED (Score: 10.0, Level: LOW)
2026-01-04 16:14:28,390 | INFO | src.core.risk_governor | Risk Governor final decision: APPROVE for UPL
2026-01-04 16:14:28,390 | INFO | src.core.engine | UPL: Risk Governor APPROVED
2026-01-04 16:14:28,394 | INFO | src.core.engine | UPL: Order created | BUY 2 @ Rs.804.65 | SL: Rs.792.30, Target: Rs.843.20
2026-01-04 16:14:28,533 | INFO | src.broker.zerodha | PAPER OrderSide.BUY   2 UPL      @ ₹804.65 | Order: PAPER-UPL-OrderSide.BUY-1767523468533
2026-01-04 16:14:28,533 | INFO | src.execution.paper | UPL: Paper order placed | OrderSide.BUY 2 @ ₹804.65 | Order: PAPER-UPL-OrderSide.BUY-1767523468533
2026-01-04 16:14:28,534 | INFO | src.execution.adapter | UPL: Signal processed and order placed
2026-01-04 16:14:28,716 | ERROR | src.strategies.market_detector | Failed to analyze market state: 'dict' object has no attribute 'candle_count'
2026-01-04 16:14:28,872 | INFO | src.core.regime_weighting | Significant weight change - Session: POST_MARKET, Regime: VOLATILE_NEUTRAL
2026-01-04 16:14:28,873 | INFO | src.core.regime_weighting |   gap_trading: 0.17 (base: 0.25)
2026-01-04 16:14:28,873 | INFO | src.core.regime_weighting |   momentum_adaptive: 0.19 (base: 0.25)
2026-01-04 16:14:28,873 | INFO | src.core.regime_weighting |   volatility_regime: 0.52 (base: 0.25)
2026-01-04 16:14:28,873 | INFO | src.core.regime_weighting |   correlation_sync: 0.12 (base: 0.25)
2026-01-04 16:14:28,873 | INFO | src.strategies.adaptive_manager | Evaluating SRF with strategies: ['gap_trading', 'momentum_adaptive', 'volatility_regime', 'correlation_sync'] | Weights: {'gap_trading': 0.16666666666666666, 'momentum_adaptive': 0.18750000000000003, 'volatility_regime': 0.5208333333333334, 'correlation_sync': 0.125}
2026-01-04 16:14:28,874 | INFO | src.core.engine | SRF: Adaptive strategy approved - momentum_adaptive | SL: 0.80x, Target: 2.50x, Size: 1.00x
2026-01-04 16:14:28,874 | INFO | src.core.engine | SRF: Reserving capital for proposed order - Value: Rs.3,059.50
2026-01-04 16:14:28,874 | ERROR | src.core.engine | Error processing signal for SRF: Insufficient capital. Need Rs.3059.50, have Rs.2640.70 releasing capital reservation Rs.3,059.50
2026-01-04 16:14:29,036 | ERROR | src.strategies.market_detector | Failed to analyze market state: 'dict' object has no attribute 'candle_count'
2026-01-04 16:14:29,237 | INFO | src.core.regime_weighting | Significant weight change - Session: POST_MARKET, Regime: VOLATILE_NEUTRAL
2026-01-04 16:14:29,238 | INFO | src.core.regime_weighting |   gap_trading: 0.17 (base: 0.25)
2026-01-04 16:14:29,238 | INFO | src.core.regime_weighting |   momentum_adaptive: 0.19 (base: 0.25)
2026-01-04 16:14:29,238 | INFO | src.core.regime_weighting |   volatility_regime: 0.52 (base: 0.25)
2026-01-04 16:14:29,238 | INFO | src.core.regime_weighting |   correlation_sync: 0.12 (base: 0.25)
2026-01-04 16:14:29,238 | INFO | src.strategies.adaptive_manager | Evaluating CUMMINSIND with strategies: ['gap_trading', 'momentum_adaptive', 'volatility_regime', 'correlation_sync'] | Weights: {'gap_trading': 0.16666666666666666, 'momentum_adaptive': 0.18750000000000003, 'volatility_regime': 0.5208333333333334, 'correlation_sync': 0.125}
2026-01-04 16:14:29,239 | INFO | src.core.engine | CUMMINSIND: Adaptive strategy approved - momentum_adaptive | SL: 0.80x, Target: 2.50x, Size: 1.00x
2026-01-04 16:14:29,239 | INFO | src.core.engine | CUMMINSIND: Reserving capital for proposed order - Value: Rs.4,482.10
2026-01-04 16:14:29,239 | ERROR | src.core.engine | Error processing signal for CUMMINSIND: Insufficient capital. Need Rs.4482.10, have Rs.4250.00 releasing capital reservation Rs.4,482.10
2026-01-04 16:14:29,241 | WARNING | src.core.engine | DUPLICATE PREVENTED: SAREGAMA has pending order | order_id: ORD_SAREGAMA_1767523207745 | qty: 2
2026-01-04 16:14:29,341 | ERROR | src.strategies.market_detector | Failed to analyze market state: 'dict' object has no attribute 'candle_count'
2026-01-04 16:14:29,500 | INFO | src.core.regime_weighting | Market regime change: MarketRegime.VOLATILE_NEUTRAL → MarketRegime.CORRELATION_BREAKDOWN
2026-01-04 16:14:29,500 | WARNING | src.core.regime_weighting | Regime change to MarketRegime.CORRELATION_BREAKDOWN - invalidating confidence
2026-01-04 16:14:29,501 | INFO | src.strategies.adaptive_manager | Evaluating BLUEDART with strategies: ['gap_trading', 'momentum_adaptive', 'volatility_regime', 'correlation_sync'] | Weights: {'gap_trading': 0.2941176470588235, 'momentum_adaptive': 0.2941176470588235, 'volatility_regime': 0.35294117647058826, 'correlation_sync': 0.058823529411764705}
2026-01-04 16:14:29,501 | INFO | src.core.engine | BLUEDART: Adaptive strategy approved - momentum_adaptive | SL: 0.80x, Target: 2.50x, Size: 1.00x
2026-01-04 16:14:29,501 | INFO | src.core.engine | BLUEDART: Reserving capital for proposed order - Value: Rs.5,593.50
2026-01-04 16:14:29,502 | ERROR | src.core.engine | Error processing signal for BLUEDART: Insufficient capital. Need Rs.5593.50, have Rs.4250.00 releasing capital reservation Rs.5,593.50
2026-01-04 16:23:29,077 | INFO | config.enhanced_config_manager | Timing config loaded: enabled=False
2026-01-04 16:23:29,077 | INFO | src.core.risk_manager | Risk Manager initialized with comprehensive risk controls
2026-01-04 16:23:29,078 | INFO | src.screener.excel_screener | Excel screener initialized: MiniRobo.xlsx
2026-01-04 16:23:30,714 | INFO | src.screener.excel_screener | Loaded 100 enabled stocks from universe
2026-01-04 16:23:31,283 | INFO | src.core.warmup_manager | WarmupManager initialized for 10 symbols with 60 days lookback
2026-01-04 16:23:31,284 | INFO | src.core.warmup_manager | 🔥 Starting system warmup sequence...
2026-01-04 16:23:31,284 | INFO | src.core.warmup_manager |   🔄 Executing: load_market_data
2026-01-04 16:23:38,772 | INFO | src.core.warmup_manager | Market data loaded: 10/10 symbols, 430 total data points
2026-01-04 16:23:38,773 | INFO | src.core.warmup_manager |   ✅ Completed: load_market_data (7.49s, 430 data points)
2026-01-04 16:23:38,773 | INFO | src.core.warmup_manager |   🔄 Executing: calculate_indicators
2026-01-04 16:23:38,811 | INFO | src.core.warmup_manager | Technical indicators calculated: 130 total indicators
2026-01-04 16:23:38,811 | INFO | src.core.warmup_manager |   ✅ Completed: calculate_indicators (0.04s, 130 data points)
2026-01-04 16:23:38,811 | INFO | src.core.warmup_manager |   🔄 Executing: warmup_timing
2026-01-04 16:23:46,197 | INFO | src.core.confidence_manager | Reactive confidence manager initialized
2026-01-04 16:23:46,198 | INFO | src.core.realtime_monitor | Real-time market monitor initialized with 60s update interval
2026-01-04 16:23:46,198 | INFO | src.core.data_risk_mitigator | Data source risk mitigator initialized
2026-01-04 16:23:46,198 | INFO | src.strategies.market_detector | Registered real-time callbacks for market events
2026-01-04 16:23:46,198 | INFO | src.core.realtime_monitor | Started monitoring 0 symbols
2026-01-04 16:23:46,199 | INFO | src.strategies.market_detector | Enhanced real-time market detector initialized
2026-01-04 16:23:46,199 | INFO | src.timing.market_regime | Unified MarketRegimeManager initialized
2026-01-04 16:23:46,725 | ERROR | src.strategies.market_detector | Failed to analyze market state: 'dict' object has no attribute 'candle_count'
2026-01-04 16:23:46,726 | INFO | src.timing.market_regime | [MARKET REGIME] SIDEWAYS | confidence=0.50 | volatility=NORMAL
2026-01-04 16:23:46,726 | INFO | src.core.warmup_manager | Timing components warmed up - Current regime: (<MarketRegime.SIDEWAYS: 'SIDEWAYS'>, 0.5)
2026-01-04 16:23:46,726 | INFO | src.core.warmup_manager |   ✅ Completed: warmup_timing (7.91s, 1 data points)
2026-01-04 16:23:46,726 | INFO | src.core.warmup_manager |   🔄 Executing: warmup_regime
2026-01-04 16:23:46,729 | INFO | src.core.warmup_manager | Market regime detection warmed up for 5 symbols
2026-01-04 16:23:46,730 | INFO | src.core.warmup_manager |   ✅ Completed: warmup_regime (0.00s, 5 data points)
2026-01-04 16:23:46,730 | INFO | src.core.warmup_manager |   🔄 Executing: warmup_strategies
2026-01-04 16:23:46,730 | INFO | src.core.confidence_manager | Reactive confidence manager initialized
2026-01-04 16:23:46,730 | INFO | src.core.realtime_monitor | Real-time market monitor initialized with 60s update interval
2026-01-04 16:23:46,730 | INFO | src.core.data_risk_mitigator | Data source risk mitigator initialized
2026-01-04 16:23:46,731 | INFO | src.strategies.market_detector | Registered real-time callbacks for market events
2026-01-04 16:23:46,731 | INFO | src.core.realtime_monitor | Started monitoring 0 symbols
2026-01-04 16:23:46,731 | INFO | src.strategies.market_detector | Enhanced real-time market detector initialized
2026-01-04 16:23:46,732 | INFO | src.core.regime_weighting | Regime-aware strategy weighting system initialized
2026-01-04 16:23:46,732 | INFO | src.strategies.gap_trading | Gap trading strategy initialized
2026-01-04 16:23:46,732 | INFO | src.strategies.momentum_adaptive | Momentum adaptive strategy initialized
2026-01-04 16:23:46,733 | INFO | src.strategies.volatility_regime | Volatility regime strategy initialized
2026-01-04 16:23:46,733 | INFO | src.core.confidence_manager | Reactive confidence manager initialized
2026-01-04 16:23:46,733 | INFO | src.strategies.correlation_sync | Correlation sync strategy initialized with reactive confidence management
2026-01-04 16:23:46,733 | INFO | src.strategies.adaptive_manager | Adaptive strategy manager initialized with regime-aware weighting in AUTO mode
2026-01-04 16:23:47,241 | ERROR | src.strategies.market_detector | Failed to analyze market state: 'dict' object has no attribute 'candle_count'
2026-01-04 16:23:47,391 | INFO | src.core.regime_weighting | Market regime change: None → MarketRegime.VOLATILE_NEUTRAL
2026-01-04 16:23:47,391 | WARNING | src.core.regime_weighting | Regime change to MarketRegime.VOLATILE_NEUTRAL - invalidating confidence
2026-01-04 16:23:47,392 | INFO | src.core.regime_weighting | Significant weight change - Session: POST_MARKET, Regime: VOLATILE_NEUTRAL
2026-01-04 16:23:47,392 | INFO | src.core.regime_weighting |   gap_trading: 0.17 (base: 0.25)
2026-01-04 16:23:47,392 | INFO | src.core.regime_weighting |   momentum_adaptive: 0.19 (base: 0.25)
2026-01-04 16:23:47,392 | INFO | src.core.regime_weighting |   volatility_regime: 0.52 (base: 0.25)
2026-01-04 16:23:47,392 | INFO | src.core.regime_weighting |   correlation_sync: 0.12 (base: 0.25)
2026-01-04 16:23:47,393 | INFO | src.strategies.adaptive_manager | Evaluating HDFCBANK with strategies: ['gap_trading', 'momentum_adaptive', 'volatility_regime', 'correlation_sync'] | Weights: {'gap_trading': 0.16666666666666666, 'momentum_adaptive': 0.18750000000000003, 'volatility_regime': 0.5208333333333334, 'correlation_sync': 0.125}
2026-01-04 16:23:47,481 | ERROR | src.strategies.market_detector | Failed to analyze market state: 'dict' object has no attribute 'candle_count'
2026-01-04 16:23:47,783 | INFO | src.strategies.correlation_sync | Correlation entry approved for HDFCBANK: Correlation entry: MEDIUM correlation (0.565) | Regime: MEDIUM | Confidence: 0.79 (reactive: 0.00)
2026-01-04 16:23:47,983 | ERROR | src.strategies.market_detector | Failed to analyze market state: 'dict' object has no attribute 'candle_count'
2026-01-04 16:23:48,203 | INFO | src.core.regime_weighting | Significant weight change - Session: POST_MARKET, Regime: VOLATILE_NEUTRAL
2026-01-04 16:23:48,203 | INFO | src.core.regime_weighting |   gap_trading: 0.17 (base: 0.25)
2026-01-04 16:23:48,203 | INFO | src.core.regime_weighting |   momentum_adaptive: 0.19 (base: 0.25)
2026-01-04 16:23:48,204 | INFO | src.core.regime_weighting |   volatility_regime: 0.52 (base: 0.25)
2026-01-04 16:23:48,204 | INFO | src.core.regime_weighting |   correlation_sync: 0.12 (base: 0.25)
2026-01-04 16:23:48,204 | INFO | src.strategies.adaptive_manager | Evaluating ICICIBANK with strategies: ['gap_trading', 'momentum_adaptive', 'volatility_regime', 'correlation_sync'] | Weights: {'gap_trading': 0.16666666666666666, 'momentum_adaptive': 0.18750000000000003, 'volatility_regime': 0.5208333333333334, 'correlation_sync': 0.125}
2026-01-04 16:23:48,204 | INFO | src.strategies.correlation_sync | Correlation entry approved for ICICIBANK: Correlation entry: MEDIUM correlation (0.400) | Regime: MEDIUM | Confidence: 0.61 (reactive: 0.00)
2026-01-04 16:23:48,272 | ERROR | src.strategies.market_detector | Failed to analyze market state: 'dict' object has no attribute 'candle_count'
2026-01-04 16:23:48,435 | INFO | src.core.regime_weighting | Significant weight change - Session: POST_MARKET, Regime: VOLATILE_NEUTRAL
2026-01-04 16:23:48,435 | INFO | src.core.regime_weighting |   gap_trading: 0.17 (base: 0.25)
2026-01-04 16:23:48,435 | INFO | src.core.regime_weighting |   momentum_adaptive: 0.19 (base: 0.25)
2026-01-04 16:23:48,435 | INFO | src.core.regime_weighting |   volatility_regime: 0.52 (base: 0.25)
2026-01-04 16:23:48,436 | INFO | src.core.regime_weighting |   correlation_sync: 0.12 (base: 0.25)
2026-01-04 16:23:48,436 | INFO | src.strategies.adaptive_manager | Evaluating KOTAKBANK with strategies: ['gap_trading', 'momentum_adaptive', 'volatility_regime', 'correlation_sync'] | Weights: {'gap_trading': 0.16666666666666666, 'momentum_adaptive': 0.18750000000000003, 'volatility_regime': 0.5208333333333334, 'correlation_sync': 0.125}
2026-01-04 16:23:48,436 | INFO | src.core.warmup_manager | Strategy managers warmed up for 3 symbols
2026-01-04 16:23:48,436 | INFO | src.core.warmup_manager |   ✅ Completed: warmup_strategies (1.71s, 3 data points)
2026-01-04 16:23:48,437 | INFO | src.core.warmup_manager |   🔄 Executing: validate_warmup
2026-01-04 16:23:48,437 | WARNING | src.core.warmup_manager | Low data quality for HDFCBANK.SMA_50: 0 points
2026-01-04 16:23:48,438 | WARNING | src.core.warmup_manager | Low data quality for ICICIBANK.SMA_50: 0 points
2026-01-04 16:23:48,438 | WARNING | src.core.warmup_manager | Low data quality for KOTAKBANK.SMA_50: 0 points
2026-01-04 16:23:48,439 | WARNING | src.core.warmup_manager | Low data quality for AXISBANK.SMA_50: 0 points
2026-01-04 16:23:48,440 | WARNING | src.core.warmup_manager | Low data quality for SBIN.SMA_50: 0 points
2026-01-04 16:23:48,440 | WARNING | src.core.warmup_manager | Low data quality for TCS.SMA_50: 0 points
2026-01-04 16:23:48,441 | WARNING | src.core.warmup_manager | Low data quality for INFY.SMA_50: 0 points
2026-01-04 16:23:48,442 | WARNING | src.core.warmup_manager | Low data quality for HCLTECH.SMA_50: 0 points
2026-01-04 16:23:48,443 | WARNING | src.core.warmup_manager | Low data quality for WIPRO.SMA_50: 0 points
2026-01-04 16:23:48,443 | WARNING | src.core.warmup_manager | Low data quality for TECHM.SMA_50: 0 points
2026-01-04 16:23:48,444 | INFO | src.core.warmup_manager | Warmup validation passed: 4/4 checks
2026-01-04 16:23:48,445 | INFO | src.core.warmup_manager |   ✅ Completed: validate_warmup (0.01s, 4 data points)
2026-01-04 16:23:48,445 | INFO | src.core.warmup_manager | ✅ Warmup COMPLETED in 17.16 seconds
2026-01-04 16:23:48,445 | INFO | src.core.warmup_manager | ============================================================
2026-01-04 16:23:48,445 | INFO | src.core.warmup_manager | WARMUP SUMMARY
2026-01-04 16:23:48,445 | INFO | src.core.warmup_manager | ============================================================
2026-01-04 16:23:48,446 | INFO | src.core.warmup_manager | Status: SUCCESS
2026-01-04 16:23:48,446 | INFO | src.core.warmup_manager | Duration: 17.16 seconds
2026-01-04 16:23:48,446 | INFO | src.core.warmup_manager | Symbols warmed: 10/10
2026-01-04 16:23:48,446 | INFO | src.core.warmup_manager | Tasks completed: 6/6
2026-01-04 16:23:48,446 | INFO | src.core.warmup_manager | Indicator Status:
2026-01-04 16:23:48,446 | INFO | src.core.warmup_manager |   ✅ SMA_20
2026-01-04 16:23:48,447 | INFO | src.core.warmup_manager |   ✅ SMA_50
2026-01-04 16:23:48,447 | INFO | src.core.warmup_manager |   ✅ EMA_12
2026-01-04 16:23:48,447 | INFO | src.core.warmup_manager |   ✅ EMA_26
2026-01-04 16:23:48,447 | INFO | src.core.warmup_manager |   ✅ RSI_14
2026-01-04 16:23:48,447 | INFO | src.core.warmup_manager |   ✅ MACD
2026-01-04 16:23:48,447 | INFO | src.core.warmup_manager |   ✅ ATR_14
2026-01-04 16:23:48,448 | INFO | src.core.warmup_manager | ============================================================
2026-01-04 16:23:48,448 | INFO | src.utils.sector_manager | Sector manager initialized
2026-01-04 16:23:48,449 | INFO | src.core.risk_manager | Risk Manager initialized with comprehensive risk controls
2026-01-04 16:23:48,449 | INFO | src.core.risk_governor | Added risk rule: EmergencyStop (priority: 5)
2026-01-04 16:23:48,449 | INFO | src.core.risk_governor | Added risk rule: MarketHours (priority: 10)
2026-01-04 16:23:48,449 | INFO | src.core.risk_governor | Added risk rule: DailyLossLimit (priority: 15)
2026-01-04 16:23:48,450 | INFO | src.core.risk_governor | Added risk rule: VolatilityAdjustment (priority: 25)
2026-01-04 16:23:48,450 | INFO | src.core.risk_governor | Risk Governor initialized with 4 risk rules
2026-01-04 16:23:48,450 | INFO | src.core.warmup_manager | WarmupManager initialized for 100 symbols with 60 days lookback
2026-01-04 16:23:48,450 | INFO | src.core.confidence_manager | Reactive confidence manager initialized
2026-01-04 16:23:48,450 | INFO | src.core.realtime_monitor | Real-time market monitor initialized with 60s update interval
2026-01-04 16:23:48,450 | INFO | src.core.data_risk_mitigator | Data source risk mitigator initialized
2026-01-04 16:23:48,451 | INFO | src.strategies.market_detector | Registered real-time callbacks for market events
2026-01-04 16:23:48,451 | INFO | src.core.realtime_monitor | Started monitoring 0 symbols
2026-01-04 16:23:48,451 | INFO | src.strategies.market_detector | Enhanced real-time market detector initialized
2026-01-04 16:23:48,451 | INFO | src.core.regime_weighting | Regime-aware strategy weighting system initialized
2026-01-04 16:23:48,451 | INFO | src.strategies.gap_trading | Gap trading strategy initialized
2026-01-04 16:23:48,452 | INFO | src.strategies.momentum_adaptive | Momentum adaptive strategy initialized
2026-01-04 16:23:48,452 | INFO | src.strategies.volatility_regime | Volatility regime strategy initialized
2026-01-04 16:23:48,452 | INFO | src.core.confidence_manager | Reactive confidence manager initialized
2026-01-04 16:23:48,452 | INFO | src.strategies.correlation_sync | Correlation sync strategy initialized with reactive confidence management
2026-01-04 16:23:48,452 | INFO | src.strategies.adaptive_manager | Adaptive strategy manager initialized with regime-aware weighting in AUTO mode
2026-01-04 16:23:48,452 | INFO | src.core.engine | Adaptive strategies initialized successfully
2026-01-04 16:23:48,453 | INFO | src.core.engine | Trading engine initialized with timing intelligence disabled
2026-01-04 16:23:48,453 | INFO | src.core.engine | Trading engine initialized with enhanced risk management
2026-01-04 16:23:48,453 | INFO | src.execution.adapter | Initialized PAPER execution adapter
2026-01-04 16:23:48,453 | INFO | src.broker.zerodha | ZerodhaBroker initialized in PAPER mode
2026-01-04 16:23:48,453 | INFO | src.broker.zerodha | Paper trading: No real connection required
2026-01-04 16:23:48,453 | INFO | src.execution.paper | Paper trading initialized
2026-01-04 16:23:48,454 | INFO | src.execution.paper | Paper trading mode initialized
2026-01-04 16:23:48,456 | INFO | src.core.system_arming | Added kill switch: emergency_file (Critical)
2026-01-04 16:23:48,456 | INFO | src.core.system_arming | Added kill switch: daily_loss_limit (Critical)
2026-01-04 16:23:48,457 | INFO | src.core.system_arming | Added kill switch: capital_availability (Critical)
2026-01-04 16:23:48,457 | INFO | src.core.system_arming | Added kill switch: market_hours (Non-critical)
2026-01-04 16:23:48,457 | INFO | src.core.system_arming | Added kill switch: system_health (Critical)
2026-01-04 16:23:48,457 | INFO | src.core.system_arming | Added kill switch: config_integrity (Critical)
2026-01-04 16:23:48,457 | INFO | src.core.system_arming | Added kill switch: state_integrity (Critical)
2026-01-04 16:23:48,457 | INFO | src.core.system_arming | System Arming initialized with 7 kill switches
2026-01-04 16:23:48,457 | INFO | src.core.system_arming | Starting system arming sequence...
2026-01-04 16:23:48,460 | INFO | src.core.system_arming | 🔒 SYSTEM ARMED at 16:23:48
2026-01-04 16:23:48,461 | WARNING | src.core.engine | No regime manager available
2026-01-04 16:23:48,462 | INFO | src.screener.excel_screener | ============================================================
2026-01-04 16:23:48,462 | INFO | src.screener.excel_screener | STARTING EXCEL-DRIVEN SCREENER
2026-01-04 16:23:48,462 | INFO | src.screener.excel_screener | ============================================================
2026-01-04 16:23:49,902 | INFO | src.screener.excel_screener | Loaded 14 screener rules
2026-01-04 16:23:50,453 | INFO | src.screener.excel_screener | 
 ACTIVE FILTER RULES:
2026-01-04 16:23:51,970 | INFO | src.screener.excel_screener | Loaded 100 enabled stocks from universe
2026-01-04 16:23:53,957 | INFO | src.screener.excel_screener | Loaded sector mapping for 100 symbols
2026-01-04 16:23:54,637 | INFO | src.screener.excel_screener | Market Trend: BULLISH
2026-01-04 16:23:54,686 | INFO | src.screener.excel_screener | Successfully fetched data for 100/100 symbols
2026-01-04 16:23:54,686 | INFO | src.screener.excel_screener | Bulk data received: 100 symbols with data
2026-01-04 16:23:54,961 | INFO | src.screener.excel_screener | Starting screening of 100 symbols. Bulk data has 100 entries
2026-01-04 16:23:55,371 | INFO | src.screener.excel_screener | 
📊 REJECTION STATISTICS:
2026-01-04 16:23:55,372 | INFO | src.screener.excel_screener |    Total Processed: 100
2026-01-04 16:23:55,372 | INFO | src.screener.excel_screener |    Passed: 26
2026-01-04 16:23:55,372 | INFO | src.screener.excel_screener |    Rejected: 74
2026-01-04 16:23:55,372 | INFO | src.screener.excel_screener | 
   Top Rejection Reasons:
2026-01-04 16:23:55,373 | INFO | src.screener.excel_screener | Metrics calculated: 100, Passed: 26, Rejected: 74, Insufficient bars: 0, Missing data: 0
2026-01-04 16:23:55,374 | INFO | src.screener.excel_screener | Max trades (adjusted for BULLISH): 8
2026-01-04 16:23:55,375 | INFO | src.screener.excel_screener | 
============================================================
2026-01-04 16:23:55,375 | INFO | src.screener.excel_screener | TOP PICKS:
2026-01-04 16:23:55,375 | INFO | src.screener.excel_screener | ============================================================
2026-01-04 16:23:55,375 | INFO | src.screener.excel_screener | INDUSTOWER | Score:  47.37 | Price: Rs. 442.05 | BULLISH_TREND,HIGH_VOLUME,STRONG_TREND
2026-01-04 16:23:55,376 | INFO | src.screener.excel_screener | HINDALCO   | Score:  42.61 | Price: Rs. 925.70 | BULLISH_TREND,HIGH_VOLUME,STRONG_TREND
2026-01-04 16:23:55,376 | INFO | src.screener.excel_screener | COALINDIA  | Score:  39.61 | Price: Rs. 427.90 | BULLISH_TREND,HIGH_VOLUME,STRONG_TREND
2026-01-04 16:23:55,377 | INFO | src.screener.excel_screener | BLUEDART   | Score:  34.99 | Price: Rs.5593.50 | NEAR_EMA20,HIGH_VOLUME
2026-01-04 16:23:55,377 | INFO | src.screener.excel_screener | UPL        | Score:  34.61 | Price: Rs. 804.65 | BULLISH_TREND
2026-01-04 16:23:56,854 | INFO | src.screener.excel_screener | Written 8 results to Excel: SCREENER_OUTPUT
2026-01-04 16:23:57,408 | INFO | src.screener.excel_screener | ============================================================
2026-01-04 16:23:57,408 | INFO | src.screener.excel_screener | SCREENER COMPLETE
2026-01-04 16:23:57,408 | INFO | src.screener.excel_screener | ============================================================
2026-01-04 16:23:57,411 | WARNING | src.core.engine | DUPLICATE PREVENTED: HINDALCO has pending order | order_id: ORD_HINDALCO_1767523205151 | qty: 1
2026-01-04 16:23:57,413 | WARNING | src.core.engine | DUPLICATE PREVENTED: COALINDIA has pending order | order_id: ORD_COALINDIA_1767523205601 | qty: 5
2026-01-04 16:23:57,415 | WARNING | src.core.engine | DUPLICATE PREVENTED: INDUSTOWER has pending order | order_id: ORD_INDUSTOWER_1767523206259 | qty: 2
2026-01-04 16:23:57,416 | WARNING | src.core.engine | DUPLICATE PREVENTED: UPL has pending order | order_id: ORD_UPL_1767523468390 | qty: 2
2026-01-04 16:23:57,896 | ERROR | src.strategies.market_detector | Failed to analyze market state: 'dict' object has no attribute 'candle_count'
2026-01-04 16:23:58,062 | INFO | src.core.regime_weighting | Market regime change: None → MarketRegime.VOLATILE_NEUTRAL
2026-01-04 16:23:58,063 | WARNING | src.core.regime_weighting | Regime change to MarketRegime.VOLATILE_NEUTRAL - invalidating confidence
2026-01-04 16:23:58,063 | INFO | src.core.regime_weighting | Significant weight change - Session: POST_MARKET, Regime: VOLATILE_NEUTRAL
2026-01-04 16:23:58,063 | INFO | src.core.regime_weighting |   gap_trading: 0.17 (base: 0.25)
2026-01-04 16:23:58,063 | INFO | src.core.regime_weighting |   momentum_adaptive: 0.19 (base: 0.25)
2026-01-04 16:23:58,063 | INFO | src.core.regime_weighting |   volatility_regime: 0.52 (base: 0.25)
2026-01-04 16:23:58,064 | INFO | src.core.regime_weighting |   correlation_sync: 0.12 (base: 0.25)
2026-01-04 16:23:58,064 | INFO | src.strategies.adaptive_manager | Evaluating SRF with strategies: ['gap_trading', 'momentum_adaptive', 'volatility_regime', 'correlation_sync'] | Weights: {'gap_trading': 0.16666666666666666, 'momentum_adaptive': 0.18750000000000003, 'volatility_regime': 0.5208333333333334, 'correlation_sync': 0.125}
2026-01-04 16:23:58,203 | ERROR | src.strategies.market_detector | Failed to analyze market state: 'dict' object has no attribute 'candle_count'
2026-01-04 16:23:58,482 | INFO | src.core.engine | SRF: Adaptive strategy approved - momentum_adaptive | SL: 0.80x, Target: 2.50x, Size: 1.00x
2026-01-04 16:23:58,483 | INFO | src.core.engine | SRF: Reserving capital for proposed order - Value: Rs.3,059.50
2026-01-04 16:23:58,483 | INFO | src.core.engine | SRF: Reserved capital for proposed order - Value: Rs.3,059.50
2026-01-04 16:23:58,483 | INFO | src.core.risk_governor | Risk Governor evaluating trade: SRF x 1
2026-01-04 16:23:58,484 | INFO | src.core.risk_manager | Risk assessment for SRF: APPROVED (Score: 50.0, Level: MEDIUM)
2026-01-04 16:23:58,484 | INFO | src.core.risk_governor | Risk Governor final decision: APPROVE for SRF
2026-01-04 16:23:58,484 | INFO | src.core.engine | SRF: Risk Governor APPROVED
2026-01-04 16:23:58,488 | INFO | src.core.engine | SRF: Order created | BUY 1 @ Rs.3059.50 | SL: Rs.3016.00, Target: Rs.3195.50
2026-01-04 16:23:58,647 | INFO | src.broker.zerodha | PAPER OrderSide.BUY   1 SRF      @ ₹3059.60 | Order: PAPER-SRF-OrderSide.BUY-1767524038647
2026-01-04 16:23:58,648 | INFO | src.execution.paper | SRF: Paper order placed | OrderSide.BUY 1 @ ₹3059.60 | Order: PAPER-SRF-OrderSide.BUY-1767524038647
2026-01-04 16:23:58,648 | INFO | src.execution.adapter | SRF: Signal processed and order placed
2026-01-04 16:23:58,740 | ERROR | src.strategies.market_detector | Failed to analyze market state: 'dict' object has no attribute 'candle_count'
2026-01-04 16:23:58,883 | INFO | src.core.regime_weighting | Significant weight change - Session: POST_MARKET, Regime: VOLATILE_NEUTRAL
2026-01-04 16:23:58,884 | INFO | src.core.regime_weighting |   gap_trading: 0.17 (base: 0.25)
2026-01-04 16:23:58,884 | INFO | src.core.regime_weighting |   momentum_adaptive: 0.19 (base: 0.25)
2026-01-04 16:23:58,884 | INFO | src.core.regime_weighting |   volatility_regime: 0.52 (base: 0.25)
2026-01-04 16:23:58,884 | INFO | src.core.regime_weighting |   correlation_sync: 0.12 (base: 0.25)
2026-01-04 16:23:58,885 | INFO | src.strategies.adaptive_manager | Evaluating CUMMINSIND with strategies: ['gap_trading', 'momentum_adaptive', 'volatility_regime', 'correlation_sync'] | Weights: {'gap_trading': 0.16666666666666666, 'momentum_adaptive': 0.18750000000000003, 'volatility_regime': 0.5208333333333334, 'correlation_sync': 0.125}
2026-01-04 16:23:58,885 | INFO | src.core.engine | CUMMINSIND: Adaptive strategy approved - momentum_adaptive | SL: 0.80x, Target: 2.50x, Size: 1.00x
2026-01-04 16:23:58,885 | INFO | src.core.engine | CUMMINSIND: Reserving capital for proposed order - Value: Rs.4,482.10
2026-01-04 16:23:58,885 | ERROR | src.core.engine | Error processing signal for CUMMINSIND: Insufficient capital. Need Rs.4482.10, have Rs.1190.50 releasing capital reservation Rs.4,482.10
2026-01-04 16:23:58,887 | WARNING | src.core.engine | DUPLICATE PREVENTED: SAREGAMA has pending order | order_id: ORD_SAREGAMA_1767523207745 | qty: 2
2026-01-04 16:23:59,018 | ERROR | src.strategies.market_detector | Failed to analyze market state: 'dict' object has no attribute 'candle_count'
2026-01-04 16:23:59,178 | INFO | src.core.regime_weighting | Market regime change: MarketRegime.VOLATILE_NEUTRAL → MarketRegime.CORRELATION_BREAKDOWN
2026-01-04 16:23:59,178 | WARNING | src.core.regime_weighting | Regime change to MarketRegime.CORRELATION_BREAKDOWN - invalidating confidence
2026-01-04 16:23:59,179 | INFO | src.strategies.adaptive_manager | Evaluating BLUEDART with strategies: ['gap_trading', 'momentum_adaptive', 'volatility_regime', 'correlation_sync'] | Weights: {'gap_trading': 0.2941176470588235, 'momentum_adaptive': 0.2941176470588235, 'volatility_regime': 0.35294117647058826, 'correlation_sync': 0.058823529411764705}
2026-01-04 16:23:59,179 | INFO | src.core.engine | BLUEDART: Adaptive strategy approved - momentum_adaptive | SL: 0.80x, Target: 2.50x, Size: 1.00x
2026-01-04 16:23:59,179 | INFO | src.core.engine | BLUEDART: Reserving capital for proposed order - Value: Rs.5,593.50
2026-01-04 16:23:59,180 | ERROR | src.core.engine | Error processing signal for BLUEDART: Insufficient capital. Need Rs.5593.50, have Rs.4250.00 releasing capital reservation Rs.5,593.50
2026-01-04 16:24:53,887 | INFO | config.enhanced_config_manager | Timing config loaded: enabled=False
2026-01-04 16:24:53,888 | INFO | src.core.risk_manager | Risk Manager initialized with comprehensive risk controls
2026-01-04 16:24:53,888 | INFO | src.screener.excel_screener | Excel screener initialized: MiniRobo.xlsx
2026-01-04 16:24:55,225 | INFO | src.screener.excel_screener | Loaded 100 enabled stocks from universe
2026-01-04 16:24:55,747 | INFO | src.core.warmup_manager | WarmupManager initialized for 10 symbols with 60 days lookback
2026-01-04 16:24:55,747 | INFO | src.core.warmup_manager | 🔥 Starting system warmup sequence...
2026-01-04 16:24:55,747 | INFO | src.core.warmup_manager |   🔄 Executing: load_market_data
2026-01-04 16:24:57,401 | INFO | src.core.warmup_manager | Market data loaded: 10/10 symbols, 430 total data points
2026-01-04 16:24:57,402 | INFO | src.core.warmup_manager |   ✅ Completed: load_market_data (1.65s, 430 data points)
2026-01-04 16:24:57,402 | INFO | src.core.warmup_manager |   🔄 Executing: calculate_indicators
2026-01-04 16:24:57,418 | INFO | src.core.warmup_manager | Technical indicators calculated: 130 total indicators
2026-01-04 16:24:57,418 | INFO | src.core.warmup_manager |   ✅ Completed: calculate_indicators (0.02s, 130 data points)
2026-01-04 16:24:57,418 | INFO | src.core.warmup_manager |   🔄 Executing: warmup_timing
2026-01-04 16:24:58,098 | INFO | src.core.confidence_manager | Reactive confidence manager initialized
2026-01-04 16:24:58,098 | INFO | src.core.realtime_monitor | Real-time market monitor initialized with 60s update interval
2026-01-04 16:24:58,098 | INFO | src.core.data_risk_mitigator | Data source risk mitigator initialized
2026-01-04 16:24:58,099 | INFO | src.strategies.market_detector | Registered real-time callbacks for market events
2026-01-04 16:24:58,099 | INFO | src.core.realtime_monitor | Started monitoring 0 symbols
2026-01-04 16:24:58,099 | INFO | src.strategies.market_detector | Enhanced real-time market detector initialized
2026-01-04 16:24:58,099 | INFO | src.timing.market_regime | Unified MarketRegimeManager initialized
2026-01-04 16:24:58,550 | ERROR | src.strategies.market_detector | Failed to analyze market state: 'dict' object has no attribute 'candle_count'
2026-01-04 16:24:58,550 | INFO | src.timing.market_regime | [MARKET REGIME] SIDEWAYS | confidence=0.50 | volatility=NORMAL
2026-01-04 16:24:58,550 | INFO | src.core.warmup_manager | Timing components warmed up - Current regime: (<MarketRegime.SIDEWAYS: 'SIDEWAYS'>, 0.5)
2026-01-04 16:24:58,550 | INFO | src.core.warmup_manager |   ✅ Completed: warmup_timing (1.13s, 1 data points)
2026-01-04 16:24:58,551 | INFO | src.core.warmup_manager |   🔄 Executing: warmup_regime
2026-01-04 16:24:58,554 | INFO | src.core.warmup_manager | Market regime detection warmed up for 5 symbols
2026-01-04 16:24:58,554 | INFO | src.core.warmup_manager |   ✅ Completed: warmup_regime (0.00s, 5 data points)
2026-01-04 16:24:58,555 | INFO | src.core.warmup_manager |   🔄 Executing: warmup_strategies
2026-01-04 16:24:58,555 | INFO | src.core.confidence_manager | Reactive confidence manager initialized
2026-01-04 16:24:58,555 | INFO | src.core.realtime_monitor | Real-time market monitor initialized with 60s update interval
2026-01-04 16:24:58,555 | INFO | src.core.data_risk_mitigator | Data source risk mitigator initialized
2026-01-04 16:24:58,556 | INFO | src.strategies.market_detector | Registered real-time callbacks for market events
2026-01-04 16:24:58,556 | INFO | src.core.realtime_monitor | Started monitoring 0 symbols
2026-01-04 16:24:58,556 | INFO | src.strategies.market_detector | Enhanced real-time market detector initialized
2026-01-04 16:24:58,556 | INFO | src.core.regime_weighting | Regime-aware strategy weighting system initialized
2026-01-04 16:24:58,556 | INFO | src.strategies.gap_trading | Gap trading strategy initialized
2026-01-04 16:24:58,557 | INFO | src.strategies.momentum_adaptive | Momentum adaptive strategy initialized
2026-01-04 16:24:58,557 | INFO | src.strategies.volatility_regime | Volatility regime strategy initialized
2026-01-04 16:24:58,557 | INFO | src.core.confidence_manager | Reactive confidence manager initialized
2026-01-04 16:24:58,557 | INFO | src.strategies.correlation_sync | Correlation sync strategy initialized with reactive confidence management
2026-01-04 16:24:58,558 | INFO | src.strategies.adaptive_manager | Adaptive strategy manager initialized with regime-aware weighting in AUTO mode
2026-01-04 16:24:59,077 | ERROR | src.strategies.market_detector | Failed to analyze market state: 'dict' object has no attribute 'candle_count'
2026-01-04 16:24:59,280 | INFO | src.core.regime_weighting | Market regime change: None → MarketRegime.VOLATILE_NEUTRAL
2026-01-04 16:24:59,280 | WARNING | src.core.regime_weighting | Regime change to MarketRegime.VOLATILE_NEUTRAL - invalidating confidence
2026-01-04 16:24:59,280 | INFO | src.core.regime_weighting | Significant weight change - Session: POST_MARKET, Regime: VOLATILE_NEUTRAL
2026-01-04 16:24:59,281 | INFO | src.core.regime_weighting |   gap_trading: 0.17 (base: 0.25)
2026-01-04 16:24:59,281 | INFO | src.core.regime_weighting |   momentum_adaptive: 0.19 (base: 0.25)
2026-01-04 16:24:59,281 | INFO | src.core.regime_weighting |   volatility_regime: 0.52 (base: 0.25)
2026-01-04 16:24:59,281 | INFO | src.core.regime_weighting |   correlation_sync: 0.12 (base: 0.25)
2026-01-04 16:24:59,282 | INFO | src.strategies.adaptive_manager | Evaluating HDFCBANK with strategies: ['gap_trading', 'momentum_adaptive', 'volatility_regime', 'correlation_sync'] | Weights: {'gap_trading': 0.16666666666666666, 'momentum_adaptive': 0.18750000000000003, 'volatility_regime': 0.5208333333333334, 'correlation_sync': 0.125}
2026-01-04 16:24:59,428 | ERROR | src.strategies.market_detector | Failed to analyze market state: 'dict' object has no attribute 'candle_count'
2026-01-04 16:24:59,929 | INFO | src.strategies.correlation_sync | Correlation entry approved for HDFCBANK: Correlation entry: MEDIUM correlation (0.565) | Regime: MEDIUM | Confidence: 0.79 (reactive: 0.00)
2026-01-04 16:25:00,110 | ERROR | src.strategies.market_detector | Failed to analyze market state: 'dict' object has no attribute 'candle_count'
2026-01-04 16:25:00,301 | INFO | src.core.regime_weighting | Significant weight change - Session: POST_MARKET, Regime: VOLATILE_NEUTRAL
2026-01-04 16:25:00,301 | INFO | src.core.regime_weighting |   gap_trading: 0.17 (base: 0.25)
2026-01-04 16:25:00,302 | INFO | src.core.regime_weighting |   momentum_adaptive: 0.19 (base: 0.25)
2026-01-04 16:25:00,302 | INFO | src.core.regime_weighting |   volatility_regime: 0.52 (base: 0.25)
2026-01-04 16:25:00,302 | INFO | src.core.regime_weighting |   correlation_sync: 0.12 (base: 0.25)
2026-01-04 16:25:00,303 | INFO | src.strategies.adaptive_manager | Evaluating ICICIBANK with strategies: ['gap_trading', 'momentum_adaptive', 'volatility_regime', 'correlation_sync'] | Weights: {'gap_trading': 0.16666666666666666, 'momentum_adaptive': 0.18750000000000003, 'volatility_regime': 0.5208333333333334, 'correlation_sync': 0.125}
2026-01-04 16:25:00,303 | INFO | src.strategies.correlation_sync | Correlation entry approved for ICICIBANK: Correlation entry: MEDIUM correlation (0.400) | Regime: MEDIUM | Confidence: 0.61 (reactive: 0.00)
2026-01-04 16:25:00,402 | ERROR | src.strategies.market_detector | Failed to analyze market state: 'dict' object has no attribute 'candle_count'
2026-01-04 16:25:00,641 | INFO | src.core.regime_weighting | Significant weight change - Session: POST_MARKET, Regime: VOLATILE_NEUTRAL
2026-01-04 16:25:00,642 | INFO | src.core.regime_weighting |   gap_trading: 0.17 (base: 0.25)
2026-01-04 16:25:00,642 | INFO | src.core.regime_weighting |   momentum_adaptive: 0.19 (base: 0.25)
2026-01-04 16:25:00,642 | INFO | src.core.regime_weighting |   volatility_regime: 0.52 (base: 0.25)
2026-01-04 16:25:00,642 | INFO | src.core.regime_weighting |   correlation_sync: 0.12 (base: 0.25)
2026-01-04 16:25:00,643 | INFO | src.strategies.adaptive_manager | Evaluating KOTAKBANK with strategies: ['gap_trading', 'momentum_adaptive', 'volatility_regime', 'correlation_sync'] | Weights: {'gap_trading': 0.16666666666666666, 'momentum_adaptive': 0.18750000000000003, 'volatility_regime': 0.5208333333333334, 'correlation_sync': 0.125}
2026-01-04 16:25:00,643 | INFO | src.core.warmup_manager | Strategy managers warmed up for 3 symbols
2026-01-04 16:25:00,643 | INFO | src.core.warmup_manager |   ✅ Completed: warmup_strategies (2.09s, 3 data points)
2026-01-04 16:25:00,643 | INFO | src.core.warmup_manager |   🔄 Executing: validate_warmup
2026-01-04 16:25:00,644 | WARNING | src.core.warmup_manager | Low data quality for HDFCBANK.SMA_50: 0 points
2026-01-04 16:25:00,645 | WARNING | src.core.warmup_manager | Low data quality for ICICIBANK.SMA_50: 0 points
2026-01-04 16:25:00,646 | WARNING | src.core.warmup_manager | Low data quality for KOTAKBANK.SMA_50: 0 points
2026-01-04 16:25:00,646 | WARNING | src.core.warmup_manager | Low data quality for AXISBANK.SMA_50: 0 points
2026-01-04 16:25:00,647 | WARNING | src.core.warmup_manager | Low data quality for SBIN.SMA_50: 0 points
2026-01-04 16:25:00,648 | WARNING | src.core.warmup_manager | Low data quality for TCS.SMA_50: 0 points
2026-01-04 16:25:00,648 | WARNING | src.core.warmup_manager | Low data quality for INFY.SMA_50: 0 points
2026-01-04 16:25:00,649 | WARNING | src.core.warmup_manager | Low data quality for HCLTECH.SMA_50: 0 points
2026-01-04 16:25:00,650 | WARNING | src.core.warmup_manager | Low data quality for WIPRO.SMA_50: 0 points
2026-01-04 16:25:00,651 | WARNING | src.core.warmup_manager | Low data quality for TECHM.SMA_50: 0 points
2026-01-04 16:25:00,652 | INFO | src.core.warmup_manager | Warmup validation passed: 4/4 checks
2026-01-04 16:25:00,652 | INFO | src.core.warmup_manager |   ✅ Completed: validate_warmup (0.01s, 4 data points)
2026-01-04 16:25:00,652 | INFO | src.core.warmup_manager | ✅ Warmup COMPLETED in 4.91 seconds
2026-01-04 16:25:00,652 | INFO | src.core.warmup_manager | ============================================================
2026-01-04 16:25:00,653 | INFO | src.core.warmup_manager | WARMUP SUMMARY
2026-01-04 16:25:00,653 | INFO | src.core.warmup_manager | ============================================================
2026-01-04 16:25:00,653 | INFO | src.core.warmup_manager | Status: SUCCESS
2026-01-04 16:25:00,653 | INFO | src.core.warmup_manager | Duration: 4.91 seconds
2026-01-04 16:25:00,654 | INFO | src.core.warmup_manager | Symbols warmed: 10/10
2026-01-04 16:25:00,654 | INFO | src.core.warmup_manager | Tasks completed: 6/6
2026-01-04 16:25:00,654 | INFO | src.core.warmup_manager | Indicator Status:
2026-01-04 16:25:00,654 | INFO | src.core.warmup_manager |   ✅ SMA_20
2026-01-04 16:25:00,655 | INFO | src.core.warmup_manager |   ✅ SMA_50
2026-01-04 16:25:00,655 | INFO | src.core.warmup_manager |   ✅ EMA_12
2026-01-04 16:25:00,655 | INFO | src.core.warmup_manager |   ✅ EMA_26
2026-01-04 16:25:00,656 | INFO | src.core.warmup_manager |   ✅ RSI_14
2026-01-04 16:25:00,656 | INFO | src.core.warmup_manager |   ✅ MACD
2026-01-04 16:25:00,656 | INFO | src.core.warmup_manager |   ✅ ATR_14
2026-01-04 16:25:00,657 | INFO | src.core.warmup_manager | ============================================================
2026-01-04 16:25:00,657 | INFO | src.utils.sector_manager | Sector manager initialized
2026-01-04 16:25:00,658 | INFO | src.core.risk_manager | Risk Manager initialized with comprehensive risk controls
2026-01-04 16:25:00,658 | INFO | src.core.risk_governor | Added risk rule: EmergencyStop (priority: 5)
2026-01-04 16:25:00,658 | INFO | src.core.risk_governor | Added risk rule: MarketHours (priority: 10)
2026-01-04 16:25:00,658 | INFO | src.core.risk_governor | Added risk rule: DailyLossLimit (priority: 15)
2026-01-04 16:25:00,659 | INFO | src.core.risk_governor | Added risk rule: VolatilityAdjustment (priority: 25)
2026-01-04 16:25:00,659 | INFO | src.core.risk_governor | Risk Governor initialized with 4 risk rules
2026-01-04 16:25:00,659 | INFO | src.core.warmup_manager | WarmupManager initialized for 100 symbols with 60 days lookback
2026-01-04 16:25:00,659 | INFO | src.core.confidence_manager | Reactive confidence manager initialized
2026-01-04 16:25:00,660 | INFO | src.core.realtime_monitor | Real-time market monitor initialized with 60s update interval
2026-01-04 16:25:00,660 | INFO | src.core.data_risk_mitigator | Data source risk mitigator initialized
2026-01-04 16:25:00,660 | INFO | src.strategies.market_detector | Registered real-time callbacks for market events
2026-01-04 16:25:00,660 | INFO | src.core.realtime_monitor | Started monitoring 0 symbols
2026-01-04 16:25:00,661 | INFO | src.strategies.market_detector | Enhanced real-time market detector initialized
2026-01-04 16:25:00,661 | INFO | src.core.regime_weighting | Regime-aware strategy weighting system initialized
2026-01-04 16:25:00,661 | INFO | src.strategies.gap_trading | Gap trading strategy initialized
2026-01-04 16:25:00,661 | INFO | src.strategies.momentum_adaptive | Momentum adaptive strategy initialized
2026-01-04 16:25:00,662 | INFO | src.strategies.volatility_regime | Volatility regime strategy initialized
2026-01-04 16:25:00,662 | INFO | src.core.confidence_manager | Reactive confidence manager initialized
2026-01-04 16:25:00,662 | INFO | src.strategies.correlation_sync | Correlation sync strategy initialized with reactive confidence management
2026-01-04 16:25:00,662 | INFO | src.strategies.adaptive_manager | Adaptive strategy manager initialized with regime-aware weighting in AUTO mode
2026-01-04 16:25:00,662 | INFO | src.core.engine | Adaptive strategies initialized successfully
2026-01-04 16:25:00,663 | INFO | src.core.engine | Trading engine initialized with timing intelligence disabled
2026-01-04 16:25:00,663 | INFO | src.core.engine | Trading engine initialized with enhanced risk management
2026-01-04 16:25:00,663 | INFO | src.execution.adapter | Initialized PAPER execution adapter
2026-01-04 16:25:00,663 | INFO | src.broker.zerodha | ZerodhaBroker initialized in PAPER mode
2026-01-04 16:25:00,664 | INFO | src.broker.zerodha | Paper trading: No real connection required
2026-01-04 16:25:00,664 | INFO | src.execution.paper | Paper trading initialized
2026-01-04 16:25:00,664 | INFO | src.execution.paper | Paper trading mode initialized
2026-01-04 16:25:00,666 | INFO | src.core.system_arming | Added kill switch: emergency_file (Critical)
2026-01-04 16:25:00,667 | INFO | src.core.system_arming | Added kill switch: daily_loss_limit (Critical)
2026-01-04 16:25:00,667 | INFO | src.core.system_arming | Added kill switch: capital_availability (Critical)
2026-01-04 16:25:00,667 | INFO | src.core.system_arming | Added kill switch: market_hours (Non-critical)
2026-01-04 16:25:00,667 | INFO | src.core.system_arming | Added kill switch: system_health (Critical)
2026-01-04 16:25:00,667 | INFO | src.core.system_arming | Added kill switch: config_integrity (Critical)
2026-01-04 16:25:00,668 | INFO | src.core.system_arming | Added kill switch: state_integrity (Critical)
2026-01-04 16:25:00,668 | INFO | src.core.system_arming | System Arming initialized with 7 kill switches
2026-01-04 16:25:00,668 | INFO | src.core.system_arming | Starting system arming sequence...
2026-01-04 16:25:00,670 | INFO | src.core.system_arming | 🔒 SYSTEM ARMED at 16:25:00
2026-01-04 16:25:00,671 | WARNING | src.core.engine | No regime manager available
2026-01-04 16:25:00,671 | INFO | src.screener.excel_screener | ============================================================
2026-01-04 16:25:00,671 | INFO | src.screener.excel_screener | STARTING EXCEL-DRIVEN SCREENER
2026-01-04 16:25:00,672 | INFO | src.screener.excel_screener | ============================================================
2026-01-04 16:25:02,055 | INFO | src.screener.excel_screener | Loaded 14 screener rules
2026-01-04 16:25:02,595 | INFO | src.screener.excel_screener | 
 ACTIVE FILTER RULES:
2026-01-04 16:25:04,219 | INFO | src.screener.excel_screener | Loaded 100 enabled stocks from universe
2026-01-04 16:25:06,179 | INFO | src.screener.excel_screener | Loaded sector mapping for 100 symbols
2026-01-04 16:25:06,956 | INFO | src.screener.excel_screener | Market Trend: BULLISH
2026-01-04 16:25:07,000 | INFO | src.screener.excel_screener | Successfully fetched data for 100/100 symbols
2026-01-04 16:25:07,000 | INFO | src.screener.excel_screener | Bulk data received: 100 symbols with data
2026-01-04 16:25:07,212 | INFO | src.screener.excel_screener | Starting screening of 100 symbols. Bulk data has 100 entries
2026-01-04 16:25:07,618 | INFO | src.screener.excel_screener | 
📊 REJECTION STATISTICS:
2026-01-04 16:25:07,619 | INFO | src.screener.excel_screener |    Total Processed: 100
2026-01-04 16:25:07,619 | INFO | src.screener.excel_screener |    Passed: 26
2026-01-04 16:25:07,619 | INFO | src.screener.excel_screener |    Rejected: 74
2026-01-04 16:25:07,619 | INFO | src.screener.excel_screener | 
   Top Rejection Reasons:
2026-01-04 16:25:07,620 | INFO | src.screener.excel_screener | Metrics calculated: 100, Passed: 26, Rejected: 74, Insufficient bars: 0, Missing data: 0
2026-01-04 16:25:07,621 | INFO | src.screener.excel_screener | Max trades (adjusted for BULLISH): 8
2026-01-04 16:25:07,621 | INFO | src.screener.excel_screener | 
============================================================
2026-01-04 16:25:07,621 | INFO | src.screener.excel_screener | TOP PICKS:
2026-01-04 16:25:07,622 | INFO | src.screener.excel_screener | ============================================================
2026-01-04 16:25:07,622 | INFO | src.screener.excel_screener | INDUSTOWER | Score:  47.37 | Price: Rs. 442.05 | BULLISH_TREND,HIGH_VOLUME,STRONG_TREND
2026-01-04 16:25:07,622 | INFO | src.screener.excel_screener | HINDALCO   | Score:  42.61 | Price: Rs. 925.70 | BULLISH_TREND,HIGH_VOLUME,STRONG_TREND
2026-01-04 16:25:07,623 | INFO | src.screener.excel_screener | COALINDIA  | Score:  39.61 | Price: Rs. 427.90 | BULLISH_TREND,HIGH_VOLUME,STRONG_TREND
2026-01-04 16:25:07,623 | INFO | src.screener.excel_screener | BLUEDART   | Score:  34.99 | Price: Rs.5593.50 | NEAR_EMA20,HIGH_VOLUME
2026-01-04 16:25:07,623 | INFO | src.screener.excel_screener | UPL        | Score:  34.61 | Price: Rs. 804.65 | BULLISH_TREND
2026-01-04 16:25:09,198 | INFO | src.screener.excel_screener | Written 8 results to Excel: SCREENER_OUTPUT
2026-01-04 16:25:09,775 | INFO | src.screener.excel_screener | ============================================================
2026-01-04 16:25:09,775 | INFO | src.screener.excel_screener | SCREENER COMPLETE
2026-01-04 16:25:09,775 | INFO | src.screener.excel_screener | ============================================================
2026-01-04 16:25:09,779 | WARNING | src.core.engine | DUPLICATE PREVENTED: HINDALCO has pending order | order_id: ORD_HINDALCO_1767523205151 | qty: 1
2026-01-04 16:25:09,781 | WARNING | src.core.engine | DUPLICATE PREVENTED: COALINDIA has pending order | order_id: ORD_COALINDIA_1767523205601 | qty: 5
2026-01-04 16:25:09,782 | WARNING | src.core.engine | DUPLICATE PREVENTED: INDUSTOWER has pending order | order_id: ORD_INDUSTOWER_1767523206259 | qty: 2
2026-01-04 16:25:09,785 | WARNING | src.core.engine | DUPLICATE PREVENTED: UPL has pending order | order_id: ORD_UPL_1767523468390 | qty: 2
2026-01-04 16:25:09,787 | WARNING | src.core.engine | DUPLICATE PREVENTED: SRF has pending order | order_id: ORD_SRF_1767524038484 | qty: 1
2026-01-04 16:25:10,355 | ERROR | src.strategies.market_detector | Failed to analyze market state: 'dict' object has no attribute 'candle_count'
2026-01-04 16:25:10,571 | INFO | src.core.regime_weighting | Market regime change: None → MarketRegime.VOLATILE_NEUTRAL
2026-01-04 16:25:10,572 | WARNING | src.core.regime_weighting | Regime change to MarketRegime.VOLATILE_NEUTRAL - invalidating confidence
2026-01-04 16:25:10,572 | INFO | src.core.regime_weighting | Significant weight change - Session: POST_MARKET, Regime: VOLATILE_NEUTRAL
2026-01-04 16:25:10,572 | INFO | src.core.regime_weighting |   gap_trading: 0.17 (base: 0.25)
2026-01-04 16:25:10,573 | INFO | src.core.regime_weighting |   momentum_adaptive: 0.19 (base: 0.25)
2026-01-04 16:25:10,573 | INFO | src.core.regime_weighting |   volatility_regime: 0.52 (base: 0.25)
2026-01-04 16:25:10,573 | INFO | src.core.regime_weighting |   correlation_sync: 0.12 (base: 0.25)
2026-01-04 16:25:10,574 | INFO | src.strategies.adaptive_manager | Evaluating CUMMINSIND with strategies: ['gap_trading', 'momentum_adaptive', 'volatility_regime', 'correlation_sync'] | Weights: {'gap_trading': 0.16666666666666666, 'momentum_adaptive': 0.18750000000000003, 'volatility_regime': 0.5208333333333334, 'correlation_sync': 0.125}
2026-01-04 16:25:10,731 | ERROR | src.strategies.market_detector | Failed to analyze market state: 'dict' object has no attribute 'candle_count'
2026-01-04 16:25:11,214 | INFO | src.core.engine | CUMMINSIND: Adaptive strategy approved - momentum_adaptive | SL: 0.80x, Target: 2.50x, Size: 1.00x
2026-01-04 16:25:11,214 | INFO | src.core.engine | CUMMINSIND: Reserving capital for proposed order - Value: Rs.4,482.10
2026-01-04 16:25:11,214 | ERROR | src.core.engine | Error processing signal for CUMMINSIND: Insufficient capital. Need Rs.4482.10, have Rs.4250.00 releasing capital reservation Rs.4,482.10
2026-01-04 16:25:11,216 | WARNING | src.core.engine | DUPLICATE PREVENTED: SAREGAMA has pending order | order_id: ORD_SAREGAMA_1767523207745 | qty: 2
2026-01-04 16:25:11,389 | ERROR | src.strategies.market_detector | Failed to analyze market state: 'dict' object has no attribute 'candle_count'
2026-01-04 16:25:11,612 | INFO | src.core.regime_weighting | Market regime change: MarketRegime.VOLATILE_NEUTRAL → MarketRegime.CORRELATION_BREAKDOWN
2026-01-04 16:25:11,613 | WARNING | src.core.regime_weighting | Regime change to MarketRegime.CORRELATION_BREAKDOWN - invalidating confidence
2026-01-04 16:25:11,613 | INFO | src.strategies.adaptive_manager | Evaluating BLUEDART with strategies: ['gap_trading', 'momentum_adaptive', 'volatility_regime', 'correlation_sync'] | Weights: {'gap_trading': 0.2941176470588235, 'momentum_adaptive': 0.2941176470588235, 'volatility_regime': 0.35294117647058826, 'correlation_sync': 0.058823529411764705}
2026-01-04 16:25:11,613 | INFO | src.core.engine | BLUEDART: Adaptive strategy approved - momentum_adaptive | SL: 0.80x, Target: 2.50x, Size: 1.00x
2026-01-04 16:25:11,613 | INFO | src.core.engine | BLUEDART: Reserving capital for proposed order - Value: Rs.5,593.50
2026-01-04 16:25:11,614 | ERROR | src.core.engine | Error processing signal for BLUEDART: Insufficient capital. Need Rs.5593.50, have Rs.4250.00 releasing capital reservation Rs.5,593.50
2026-01-04 16:25:48,407 | INFO | config.enhanced_config_manager | Timing config loaded: enabled=False
2026-01-04 16:25:48,408 | INFO | src.core.risk_manager | Risk Manager initialized with comprehensive risk controls
2026-01-04 16:25:48,408 | INFO | src.screener.excel_screener | Excel screener initialized: MiniRobo.xlsx
2026-01-04 16:25:50,000 | INFO | src.screener.excel_screener | Loaded 100 enabled stocks from universe
2026-01-04 16:25:50,537 | INFO | src.core.warmup_manager | WarmupManager initialized for 10 symbols with 60 days lookback
2026-01-04 16:25:50,537 | INFO | src.core.warmup_manager | 🔥 Starting system warmup sequence...
2026-01-04 16:25:50,537 | INFO | src.core.warmup_manager |   🔄 Executing: load_market_data
2026-01-04 16:25:52,079 | INFO | src.core.warmup_manager | Market data loaded: 10/10 symbols, 430 total data points
2026-01-04 16:25:52,080 | INFO | src.core.warmup_manager |   ✅ Completed: load_market_data (1.54s, 430 data points)
2026-01-04 16:25:52,080 | INFO | src.core.warmup_manager |   🔄 Executing: calculate_indicators
2026-01-04 16:25:52,092 | INFO | src.core.warmup_manager | Technical indicators calculated: 130 total indicators
2026-01-04 16:25:52,092 | INFO | src.core.warmup_manager |   ✅ Completed: calculate_indicators (0.01s, 130 data points)
2026-01-04 16:25:52,092 | INFO | src.core.warmup_manager |   🔄 Executing: warmup_timing
2026-01-04 16:25:52,992 | INFO | src.core.confidence_manager | Reactive confidence manager initialized
2026-01-04 16:25:52,993 | INFO | src.core.realtime_monitor | Real-time market monitor initialized with 60s update interval
2026-01-04 16:25:52,993 | INFO | src.core.data_risk_mitigator | Data source risk mitigator initialized
2026-01-04 16:25:52,993 | INFO | src.strategies.market_detector | Registered real-time callbacks for market events
2026-01-04 16:25:52,993 | INFO | src.core.realtime_monitor | Started monitoring 0 symbols
2026-01-04 16:25:52,994 | INFO | src.strategies.market_detector | Enhanced real-time market detector initialized
2026-01-04 16:25:52,994 | INFO | src.timing.market_regime | Unified MarketRegimeManager initialized
2026-01-04 16:25:53,449 | ERROR | src.strategies.market_detector | Failed to analyze market state: 'dict' object has no attribute 'candle_count'
2026-01-04 16:25:53,449 | INFO | src.timing.market_regime | [MARKET REGIME] SIDEWAYS | confidence=0.50 | volatility=NORMAL
2026-01-04 16:25:53,450 | INFO | src.core.warmup_manager | Timing components warmed up - Current regime: (<MarketRegime.SIDEWAYS: 'SIDEWAYS'>, 0.5)
2026-01-04 16:25:53,450 | INFO | src.core.warmup_manager |   ✅ Completed: warmup_timing (1.36s, 1 data points)
2026-01-04 16:25:53,450 | INFO | src.core.warmup_manager |   🔄 Executing: warmup_regime
2026-01-04 16:25:53,454 | INFO | src.core.warmup_manager | Market regime detection warmed up for 5 symbols
2026-01-04 16:25:53,455 | INFO | src.core.warmup_manager |   ✅ Completed: warmup_regime (0.00s, 5 data points)
2026-01-04 16:25:53,455 | INFO | src.core.warmup_manager |   🔄 Executing: warmup_strategies
2026-01-04 16:25:53,455 | INFO | src.core.confidence_manager | Reactive confidence manager initialized
2026-01-04 16:25:53,455 | INFO | src.core.realtime_monitor | Real-time market monitor initialized with 60s update interval
2026-01-04 16:25:53,456 | INFO | src.core.data_risk_mitigator | Data source risk mitigator initialized
2026-01-04 16:25:53,456 | INFO | src.strategies.market_detector | Registered real-time callbacks for market events
2026-01-04 16:25:53,456 | INFO | src.core.realtime_monitor | Started monitoring 0 symbols
2026-01-04 16:25:53,456 | INFO | src.strategies.market_detector | Enhanced real-time market detector initialized
2026-01-04 16:25:53,456 | INFO | src.core.regime_weighting | Regime-aware strategy weighting system initialized
2026-01-04 16:25:53,457 | INFO | src.strategies.gap_trading | Gap trading strategy initialized
2026-01-04 16:25:53,457 | INFO | src.strategies.momentum_adaptive | Momentum adaptive strategy initialized
2026-01-04 16:25:53,457 | INFO | src.strategies.volatility_regime | Volatility regime strategy initialized
2026-01-04 16:25:53,457 | INFO | src.core.confidence_manager | Reactive confidence manager initialized
2026-01-04 16:25:53,457 | INFO | src.strategies.correlation_sync | Correlation sync strategy initialized with reactive confidence management
2026-01-04 16:25:53,457 | INFO | src.strategies.adaptive_manager | Adaptive strategy manager initialized with regime-aware weighting in AUTO mode
2026-01-04 16:25:53,923 | ERROR | src.strategies.market_detector | Failed to analyze market state: 'dict' object has no attribute 'candle_count'
2026-01-04 16:25:54,060 | INFO | src.core.regime_weighting | Market regime change: None → MarketRegime.VOLATILE_NEUTRAL
2026-01-04 16:25:54,060 | WARNING | src.core.regime_weighting | Regime change to MarketRegime.VOLATILE_NEUTRAL - invalidating confidence
2026-01-04 16:25:54,061 | INFO | src.core.regime_weighting | Significant weight change - Session: POST_MARKET, Regime: VOLATILE_NEUTRAL
2026-01-04 16:25:54,061 | INFO | src.core.regime_weighting |   gap_trading: 0.17 (base: 0.25)
2026-01-04 16:25:54,061 | INFO | src.core.regime_weighting |   momentum_adaptive: 0.19 (base: 0.25)
2026-01-04 16:25:54,061 | INFO | src.core.regime_weighting |   volatility_regime: 0.52 (base: 0.25)
2026-01-04 16:25:54,062 | INFO | src.core.regime_weighting |   correlation_sync: 0.12 (base: 0.25)
2026-01-04 16:25:54,062 | INFO | src.strategies.adaptive_manager | Evaluating HDFCBANK with strategies: ['gap_trading', 'momentum_adaptive', 'volatility_regime', 'correlation_sync'] | Weights: {'gap_trading': 0.16666666666666666, 'momentum_adaptive': 0.18750000000000003, 'volatility_regime': 0.5208333333333334, 'correlation_sync': 0.125}
2026-01-04 16:25:54,150 | ERROR | src.strategies.market_detector | Failed to analyze market state: 'dict' object has no attribute 'candle_count'
2026-01-04 16:25:54,519 | INFO | src.strategies.correlation_sync | Correlation entry approved for HDFCBANK: Correlation entry: MEDIUM correlation (0.565) | Regime: MEDIUM | Confidence: 0.79 (reactive: 0.00)
2026-01-04 16:25:54,639 | ERROR | src.strategies.market_detector | Failed to analyze market state: 'dict' object has no attribute 'candle_count'
2026-01-04 16:25:54,779 | INFO | src.core.regime_weighting | Significant weight change - Session: POST_MARKET, Regime: VOLATILE_NEUTRAL
2026-01-04 16:25:54,779 | INFO | src.core.regime_weighting |   gap_trading: 0.17 (base: 0.25)
2026-01-04 16:25:54,780 | INFO | src.core.regime_weighting |   momentum_adaptive: 0.19 (base: 0.25)
2026-01-04 16:25:54,780 | INFO | src.core.regime_weighting |   volatility_regime: 0.52 (base: 0.25)
2026-01-04 16:25:54,780 | INFO | src.core.regime_weighting |   correlation_sync: 0.12 (base: 0.25)
2026-01-04 16:25:54,781 | INFO | src.strategies.adaptive_manager | Evaluating ICICIBANK with strategies: ['gap_trading', 'momentum_adaptive', 'volatility_regime', 'correlation_sync'] | Weights: {'gap_trading': 0.16666666666666666, 'momentum_adaptive': 0.18750000000000003, 'volatility_regime': 0.5208333333333334, 'correlation_sync': 0.125}
2026-01-04 16:25:54,781 | INFO | src.strategies.correlation_sync | Correlation entry approved for ICICIBANK: Correlation entry: MEDIUM correlation (0.400) | Regime: MEDIUM | Confidence: 0.61 (reactive: 0.00)
2026-01-04 16:25:54,860 | ERROR | src.strategies.market_detector | Failed to analyze market state: 'dict' object has no attribute 'candle_count'
2026-01-04 16:25:55,019 | INFO | src.core.regime_weighting | Significant weight change - Session: POST_MARKET, Regime: VOLATILE_NEUTRAL
2026-01-04 16:25:55,019 | INFO | src.core.regime_weighting |   gap_trading: 0.17 (base: 0.25)
2026-01-04 16:25:55,019 | INFO | src.core.regime_weighting |   momentum_adaptive: 0.19 (base: 0.25)
2026-01-04 16:25:55,019 | INFO | src.core.regime_weighting |   volatility_regime: 0.52 (base: 0.25)
2026-01-04 16:25:55,020 | INFO | src.core.regime_weighting |   correlation_sync: 0.12 (base: 0.25)
2026-01-04 16:25:55,020 | INFO | src.strategies.adaptive_manager | Evaluating KOTAKBANK with strategies: ['gap_trading', 'momentum_adaptive', 'volatility_regime', 'correlation_sync'] | Weights: {'gap_trading': 0.16666666666666666, 'momentum_adaptive': 0.18750000000000003, 'volatility_regime': 0.5208333333333334, 'correlation_sync': 0.125}
2026-01-04 16:25:55,020 | INFO | src.core.warmup_manager | Strategy managers warmed up for 3 symbols
2026-01-04 16:25:55,020 | INFO | src.core.warmup_manager |   ✅ Completed: warmup_strategies (1.57s, 3 data points)
2026-01-04 16:25:55,021 | INFO | src.core.warmup_manager |   🔄 Executing: validate_warmup
2026-01-04 16:25:55,021 | WARNING | src.core.warmup_manager | Low data quality for HDFCBANK.SMA_50: 0 points
2026-01-04 16:25:55,022 | WARNING | src.core.warmup_manager | Low data quality for ICICIBANK.SMA_50: 0 points
2026-01-04 16:25:55,022 | WARNING | src.core.warmup_manager | Low data quality for KOTAKBANK.SMA_50: 0 points
2026-01-04 16:25:55,023 | WARNING | src.core.warmup_manager | Low data quality for AXISBANK.SMA_50: 0 points
2026-01-04 16:25:55,024 | WARNING | src.core.warmup_manager | Low data quality for SBIN.SMA_50: 0 points
2026-01-04 16:25:55,025 | WARNING | src.core.warmup_manager | Low data quality for TCS.SMA_50: 0 points
2026-01-04 16:25:55,026 | WARNING | src.core.warmup_manager | Low data quality for INFY.SMA_50: 0 points
2026-01-04 16:25:55,027 | WARNING | src.core.warmup_manager | Low data quality for HCLTECH.SMA_50: 0 points
2026-01-04 16:25:55,028 | WARNING | src.core.warmup_manager | Low data quality for WIPRO.SMA_50: 0 points
2026-01-04 16:25:55,028 | WARNING | src.core.warmup_manager | Low data quality for TECHM.SMA_50: 0 points
2026-01-04 16:25:55,029 | INFO | src.core.warmup_manager | Warmup validation passed: 4/4 checks
2026-01-04 16:25:55,029 | INFO | src.core.warmup_manager |   ✅ Completed: validate_warmup (0.01s, 4 data points)
2026-01-04 16:25:55,030 | INFO | src.core.warmup_manager | ✅ Warmup COMPLETED in 4.49 seconds
2026-01-04 16:25:55,030 | INFO | src.core.warmup_manager | ============================================================
2026-01-04 16:25:55,030 | INFO | src.core.warmup_manager | WARMUP SUMMARY
2026-01-04 16:25:55,030 | INFO | src.core.warmup_manager | ============================================================
2026-01-04 16:25:55,030 | INFO | src.core.warmup_manager | Status: SUCCESS
2026-01-04 16:25:55,030 | INFO | src.core.warmup_manager | Duration: 4.49 seconds
2026-01-04 16:25:55,031 | INFO | src.core.warmup_manager | Symbols warmed: 10/10
2026-01-04 16:25:55,031 | INFO | src.core.warmup_manager | Tasks completed: 6/6
2026-01-04 16:25:55,031 | INFO | src.core.warmup_manager | Indicator Status:
2026-01-04 16:25:55,031 | INFO | src.core.warmup_manager |   ✅ SMA_20
2026-01-04 16:25:55,031 | INFO | src.core.warmup_manager |   ✅ SMA_50
2026-01-04 16:25:55,032 | INFO | src.core.warmup_manager |   ✅ EMA_12
2026-01-04 16:25:55,032 | INFO | src.core.warmup_manager |   ✅ EMA_26
2026-01-04 16:25:55,032 | INFO | src.core.warmup_manager |   ✅ RSI_14
2026-01-04 16:25:55,032 | INFO | src.core.warmup_manager |   ✅ MACD
2026-01-04 16:25:55,033 | INFO | src.core.warmup_manager |   ✅ ATR_14
2026-01-04 16:25:55,033 | INFO | src.core.warmup_manager | ============================================================
2026-01-04 16:25:55,033 | INFO | src.utils.sector_manager | Sector manager initialized
2026-01-04 16:25:55,034 | INFO | src.core.risk_manager | Risk Manager initialized with comprehensive risk controls
2026-01-04 16:25:55,034 | INFO | src.core.risk_governor | Added risk rule: EmergencyStop (priority: 5)
2026-01-04 16:25:55,034 | INFO | src.core.risk_governor | Added risk rule: MarketHours (priority: 10)
2026-01-04 16:25:55,035 | INFO | src.core.risk_governor | Added risk rule: DailyLossLimit (priority: 15)
2026-01-04 16:25:55,035 | INFO | src.core.risk_governor | Added risk rule: VolatilityAdjustment (priority: 25)
2026-01-04 16:25:55,035 | INFO | src.core.risk_governor | Risk Governor initialized with 4 risk rules
2026-01-04 16:25:55,035 | INFO | src.core.warmup_manager | WarmupManager initialized for 100 symbols with 60 days lookback
2026-01-04 16:25:55,036 | INFO | src.core.confidence_manager | Reactive confidence manager initialized
2026-01-04 16:25:55,036 | INFO | src.core.realtime_monitor | Real-time market monitor initialized with 60s update interval
2026-01-04 16:25:55,036 | INFO | src.core.data_risk_mitigator | Data source risk mitigator initialized
2026-01-04 16:25:55,036 | INFO | src.strategies.market_detector | Registered real-time callbacks for market events
2026-01-04 16:25:55,036 | INFO | src.core.realtime_monitor | Started monitoring 0 symbols
2026-01-04 16:25:55,036 | INFO | src.strategies.market_detector | Enhanced real-time market detector initialized
2026-01-04 16:25:55,037 | INFO | src.core.regime_weighting | Regime-aware strategy weighting system initialized
2026-01-04 16:25:55,037 | INFO | src.strategies.gap_trading | Gap trading strategy initialized
2026-01-04 16:25:55,037 | INFO | src.strategies.momentum_adaptive | Momentum adaptive strategy initialized
2026-01-04 16:25:55,037 | INFO | src.strategies.volatility_regime | Volatility regime strategy initialized
2026-01-04 16:25:55,037 | INFO | src.core.confidence_manager | Reactive confidence manager initialized
2026-01-04 16:25:55,038 | INFO | src.strategies.correlation_sync | Correlation sync strategy initialized with reactive confidence management
2026-01-04 16:25:55,038 | INFO | src.strategies.adaptive_manager | Adaptive strategy manager initialized with regime-aware weighting in AUTO mode
2026-01-04 16:25:55,038 | INFO | src.core.engine | Adaptive strategies initialized successfully
2026-01-04 16:25:55,038 | INFO | src.core.engine | Trading engine initialized with timing intelligence disabled
2026-01-04 16:25:55,038 | INFO | src.core.engine | Trading engine initialized with enhanced risk management
2026-01-04 16:25:55,039 | INFO | src.execution.adapter | Initialized PAPER execution adapter
2026-01-04 16:25:55,039 | INFO | src.broker.zerodha | ZerodhaBroker initialized in PAPER mode
2026-01-04 16:25:55,039 | INFO | src.broker.zerodha | Paper trading: No real connection required
2026-01-04 16:25:55,039 | INFO | src.execution.paper | Paper trading initialized
2026-01-04 16:25:55,039 | INFO | src.execution.paper | Paper trading mode initialized
2026-01-04 16:25:55,041 | INFO | src.core.system_arming | Added kill switch: emergency_file (Critical)
2026-01-04 16:25:55,042 | INFO | src.core.system_arming | Added kill switch: daily_loss_limit (Critical)
2026-01-04 16:25:55,042 | INFO | src.core.system_arming | Added kill switch: capital_availability (Critical)
2026-01-04 16:25:55,042 | INFO | src.core.system_arming | Added kill switch: market_hours (Non-critical)
2026-01-04 16:25:55,043 | INFO | src.core.system_arming | Added kill switch: system_health (Critical)
2026-01-04 16:25:55,043 | INFO | src.core.system_arming | Added kill switch: config_integrity (Critical)
2026-01-04 16:25:55,043 | INFO | src.core.system_arming | Added kill switch: state_integrity (Critical)
2026-01-04 16:25:55,043 | INFO | src.core.system_arming | System Arming initialized with 7 kill switches
2026-01-04 16:25:55,043 | INFO | src.core.system_arming | Starting system arming sequence...
2026-01-04 16:25:55,045 | INFO | src.core.system_arming | 🔒 SYSTEM ARMED at 16:25:55
2026-01-04 16:25:55,046 | WARNING | src.core.engine | No regime manager available
2026-01-04 16:25:55,055 | INFO | src.screener.excel_screener | ============================================================
2026-01-04 16:25:55,055 | INFO | src.screener.excel_screener | STARTING EXCEL-DRIVEN SCREENER
2026-01-04 16:25:55,056 | INFO | src.screener.excel_screener | ============================================================
2026-01-04 16:25:56,618 | INFO | src.screener.excel_screener | Loaded 14 screener rules
2026-01-04 16:25:57,140 | INFO | src.screener.excel_screener | 
 ACTIVE FILTER RULES:
2026-01-04 16:25:58,598 | INFO | src.screener.excel_screener | Loaded 100 enabled stocks from universe
2026-01-04 16:26:00,633 | INFO | src.screener.excel_screener | Loaded sector mapping for 100 symbols
2026-01-04 16:26:01,304 | INFO | src.screener.excel_screener | Market Trend: BULLISH
2026-01-04 16:26:01,356 | INFO | src.screener.excel_screener | Successfully fetched data for 100/100 symbols
2026-01-04 16:26:01,356 | INFO | src.screener.excel_screener | Bulk data received: 100 symbols with data
2026-01-04 16:26:01,512 | INFO | src.screener.excel_screener | Starting screening of 100 symbols. Bulk data has 100 entries
2026-01-04 16:26:01,937 | INFO | src.screener.excel_screener | 
📊 REJECTION STATISTICS:
2026-01-04 16:26:01,938 | INFO | src.screener.excel_screener |    Total Processed: 100
2026-01-04 16:26:01,938 | INFO | src.screener.excel_screener |    Passed: 26
2026-01-04 16:26:01,938 | INFO | src.screener.excel_screener |    Rejected: 74
2026-01-04 16:26:01,939 | INFO | src.screener.excel_screener | 
   Top Rejection Reasons:
2026-01-04 16:26:01,939 | INFO | src.screener.excel_screener | Metrics calculated: 100, Passed: 26, Rejected: 74, Insufficient bars: 0, Missing data: 0
2026-01-04 16:26:01,940 | INFO | src.screener.excel_screener | Max trades (adjusted for BULLISH): 8
2026-01-04 16:26:01,940 | INFO | src.screener.excel_screener | 
============================================================
2026-01-04 16:26:01,940 | INFO | src.screener.excel_screener | TOP PICKS:
2026-01-04 16:26:01,940 | INFO | src.screener.excel_screener | ============================================================
2026-01-04 16:26:01,941 | INFO | src.screener.excel_screener | INDUSTOWER | Score:  47.37 | Price: Rs. 442.05 | BULLISH_TREND,HIGH_VOLUME,STRONG_TREND
2026-01-04 16:26:01,941 | INFO | src.screener.excel_screener | HINDALCO   | Score:  42.61 | Price: Rs. 925.70 | BULLISH_TREND,HIGH_VOLUME,STRONG_TREND
2026-01-04 16:26:01,942 | INFO | src.screener.excel_screener | COALINDIA  | Score:  39.61 | Price: Rs. 427.90 | BULLISH_TREND,HIGH_VOLUME,STRONG_TREND
2026-01-04 16:26:01,942 | INFO | src.screener.excel_screener | BLUEDART   | Score:  34.99 | Price: Rs.5593.50 | NEAR_EMA20,HIGH_VOLUME
2026-01-04 16:26:01,942 | INFO | src.screener.excel_screener | UPL        | Score:  34.61 | Price: Rs. 804.65 | BULLISH_TREND
2026-01-04 16:26:03,577 | INFO | src.screener.excel_screener | Written 8 results to Excel: SCREENER_OUTPUT
2026-01-04 16:26:04,219 | INFO | src.screener.excel_screener | ============================================================
2026-01-04 16:26:04,219 | INFO | src.screener.excel_screener | SCREENER COMPLETE
2026-01-04 16:26:04,220 | INFO | src.screener.excel_screener | ============================================================
2026-01-04 16:26:04,659 | ERROR | src.strategies.market_detector | Failed to analyze market state: 'dict' object has no attribute 'candle_count'
2026-01-04 16:26:04,828 | INFO | src.core.regime_weighting | Market regime change: None → MarketRegime.VOLATILE_NEUTRAL
2026-01-04 16:26:04,828 | WARNING | src.core.regime_weighting | Regime change to MarketRegime.VOLATILE_NEUTRAL - invalidating confidence
2026-01-04 16:26:04,828 | INFO | src.core.regime_weighting | Significant weight change - Session: POST_MARKET, Regime: VOLATILE_NEUTRAL
2026-01-04 16:26:04,829 | INFO | src.core.regime_weighting |   gap_trading: 0.17 (base: 0.25)
2026-01-04 16:26:04,829 | INFO | src.core.regime_weighting |   momentum_adaptive: 0.19 (base: 0.25)
2026-01-04 16:26:04,829 | INFO | src.core.regime_weighting |   volatility_regime: 0.52 (base: 0.25)
2026-01-04 16:26:04,829 | INFO | src.core.regime_weighting |   correlation_sync: 0.12 (base: 0.25)
2026-01-04 16:26:04,830 | INFO | src.strategies.adaptive_manager | Evaluating HINDALCO with strategies: ['gap_trading', 'momentum_adaptive', 'volatility_regime', 'correlation_sync'] | Weights: {'gap_trading': 0.16666666666666666, 'momentum_adaptive': 0.18750000000000003, 'volatility_regime': 0.5208333333333334, 'correlation_sync': 0.125}
2026-01-04 16:26:04,987 | ERROR | src.strategies.market_detector | Failed to analyze market state: 'dict' object has no attribute 'candle_count'
2026-01-04 16:26:05,344 | INFO | src.core.engine | HINDALCO: Adaptive strategy approved - volatility_regime | SL: 0.80x, Target: 2.50x, Size: 1.29x
2026-01-04 16:26:05,344 | INFO | src.core.engine | HINDALCO: Reserving capital for proposed order - Value: Rs.925.70
2026-01-04 16:26:05,344 | INFO | src.core.engine | HINDALCO: Reserved capital for proposed order - Value: Rs.925.70
2026-01-04 16:26:05,345 | INFO | src.core.risk_governor | Risk Governor evaluating trade: HINDALCO x 1
2026-01-04 16:26:05,345 | INFO | src.core.risk_manager | Risk assessment for HINDALCO: APPROVED (Score: 10.0, Level: LOW)
2026-01-04 16:26:05,345 | INFO | src.core.risk_governor | Risk Governor final decision: APPROVE for HINDALCO
2026-01-04 16:26:05,345 | INFO | src.core.engine | HINDALCO: Risk Governor APPROVED
2026-01-04 16:26:05,347 | INFO | src.core.engine | HINDALCO: Order created | BUY 1 @ Rs.925.70 | SL: Rs.911.90, Target: Rs.968.80
2026-01-04 16:26:05,477 | INFO | src.broker.zerodha | PAPER OrderSide.BUY   1 HINDALCO @ ₹925.70 | Order: PAPER-HINDALCO-OrderSide.BUY-1767524165477
2026-01-04 16:26:05,477 | INFO | src.execution.paper | HINDALCO: Paper order placed | OrderSide.BUY 1 @ ₹925.70 | Order: PAPER-HINDALCO-OrderSide.BUY-1767524165477
2026-01-04 16:26:05,477 | INFO | src.execution.adapter | HINDALCO: Signal processed and order placed
2026-01-04 16:26:05,571 | ERROR | src.strategies.market_detector | Failed to analyze market state: 'dict' object has no attribute 'candle_count'
2026-01-04 16:26:05,724 | INFO | src.core.regime_weighting | Significant weight change - Session: POST_MARKET, Regime: VOLATILE_NEUTRAL
2026-01-04 16:26:05,724 | INFO | src.core.regime_weighting |   gap_trading: 0.17 (base: 0.25)
2026-01-04 16:26:05,725 | INFO | src.core.regime_weighting |   momentum_adaptive: 0.19 (base: 0.25)
2026-01-04 16:26:05,725 | INFO | src.core.regime_weighting |   volatility_regime: 0.52 (base: 0.25)
2026-01-04 16:26:05,725 | INFO | src.core.regime_weighting |   correlation_sync: 0.12 (base: 0.25)
2026-01-04 16:26:05,725 | INFO | src.strategies.adaptive_manager | Evaluating COALINDIA with strategies: ['gap_trading', 'momentum_adaptive', 'volatility_regime', 'correlation_sync'] | Weights: {'gap_trading': 0.16666666666666666, 'momentum_adaptive': 0.18750000000000003, 'volatility_regime': 0.5208333333333334, 'correlation_sync': 0.125}
2026-01-04 16:26:05,726 | INFO | src.core.engine | COALINDIA: Adaptive strategy approved - volatility_regime | SL: 0.80x, Target: 2.50x, Size: 1.29x
2026-01-04 16:26:05,726 | INFO | src.core.engine | COALINDIA: Reserving capital for proposed order - Value: Rs.2,139.50
2026-01-04 16:26:05,726 | INFO | src.core.engine | COALINDIA: Reserved capital for proposed order - Value: Rs.2,139.50
2026-01-04 16:26:05,727 | INFO | src.core.risk_governor | Risk Governor evaluating trade: COALINDIA x 5
2026-01-04 16:26:05,727 | INFO | src.core.risk_manager | Risk assessment for COALINDIA: APPROVED (Score: 10.0, Level: LOW)
2026-01-04 16:26:05,727 | INFO | src.core.risk_governor | Risk Governor final decision: APPROVE for COALINDIA
2026-01-04 16:26:05,728 | INFO | src.core.engine | COALINDIA: Risk Governor APPROVED
2026-01-04 16:26:05,730 | INFO | src.core.engine | COALINDIA: Order created | BUY 5 @ Rs.427.90 | SL: Rs.422.05, Target: Rs.446.20
2026-01-04 16:26:05,878 | INFO | src.broker.zerodha | PAPER OrderSide.BUY   5 COALINDIA @ ₹429.25 | Order: PAPER-COALINDIA-OrderSide.BUY-1767524165878
2026-01-04 16:26:05,878 | INFO | src.execution.paper | COALINDIA: Paper order placed | OrderSide.BUY 5 @ ₹429.25 | Order: PAPER-COALINDIA-OrderSide.BUY-1767524165878
2026-01-04 16:26:05,878 | INFO | src.execution.adapter | COALINDIA: Signal processed and order placed
2026-01-04 16:26:05,971 | ERROR | src.strategies.market_detector | Failed to analyze market state: 'dict' object has no attribute 'candle_count'
2026-01-04 16:26:06,127 | INFO | src.core.regime_weighting | Significant weight change - Session: POST_MARKET, Regime: VOLATILE_NEUTRAL
2026-01-04 16:26:06,127 | INFO | src.core.regime_weighting |   gap_trading: 0.17 (base: 0.25)
2026-01-04 16:26:06,128 | INFO | src.core.regime_weighting |   momentum_adaptive: 0.19 (base: 0.25)
2026-01-04 16:26:06,129 | INFO | src.core.regime_weighting |   volatility_regime: 0.52 (base: 0.25)
2026-01-04 16:26:06,129 | INFO | src.core.regime_weighting |   correlation_sync: 0.12 (base: 0.25)
2026-01-04 16:26:06,129 | INFO | src.strategies.adaptive_manager | Evaluating INDUSTOWER with strategies: ['gap_trading', 'momentum_adaptive', 'volatility_regime', 'correlation_sync'] | Weights: {'gap_trading': 0.16666666666666666, 'momentum_adaptive': 0.18750000000000003, 'volatility_regime': 0.5208333333333334, 'correlation_sync': 0.125}
2026-01-04 16:26:06,130 | INFO | src.core.engine | INDUSTOWER: Adaptive strategy approved - volatility_regime | SL: 0.80x, Target: 2.50x, Size: 1.29x
2026-01-04 16:26:06,130 | INFO | src.core.engine | INDUSTOWER: Reserving capital for proposed order - Value: Rs.884.10
2026-01-04 16:26:06,130 | INFO | src.core.engine | INDUSTOWER: Reserved capital for proposed order - Value: Rs.884.10
2026-01-04 16:26:06,130 | INFO | src.core.risk_governor | Risk Governor evaluating trade: INDUSTOWER x 2
2026-01-04 16:26:06,131 | INFO | src.core.risk_manager | Risk assessment for INDUSTOWER: APPROVED (Score: 10.0, Level: LOW)
2026-01-04 16:26:06,131 | INFO | src.core.risk_governor | Risk Governor final decision: APPROVE for INDUSTOWER
2026-01-04 16:26:06,132 | INFO | src.core.engine | INDUSTOWER: Risk Governor APPROVED
2026-01-04 16:26:06,135 | INFO | src.core.engine | INDUSTOWER: Order created | BUY 2 @ Rs.442.05 | SL: Rs.433.45, Target: Rs.468.95
2026-01-04 16:26:06,261 | INFO | src.broker.zerodha | PAPER OrderSide.BUY   2 INDUSTOWER @ ₹442.05 | Order: PAPER-INDUSTOWER-OrderSide.BUY-1767524166261
2026-01-04 16:26:06,261 | INFO | src.execution.paper | INDUSTOWER: Paper order placed | OrderSide.BUY 2 @ ₹442.05 | Order: PAPER-INDUSTOWER-OrderSide.BUY-1767524166261
2026-01-04 16:26:06,261 | INFO | src.execution.adapter | INDUSTOWER: Signal processed and order placed
2026-01-04 16:26:06,404 | ERROR | src.strategies.market_detector | Failed to analyze market state: 'dict' object has no attribute 'candle_count'
2026-01-04 16:26:06,566 | INFO | src.core.regime_weighting | Significant weight change - Session: POST_MARKET, Regime: VOLATILE_NEUTRAL
2026-01-04 16:26:06,572 | INFO | src.core.regime_weighting |   gap_trading: 0.17 (base: 0.25)
2026-01-04 16:26:06,573 | INFO | src.core.regime_weighting |   momentum_adaptive: 0.19 (base: 0.25)
2026-01-04 16:26:06,573 | INFO | src.core.regime_weighting |   volatility_regime: 0.52 (base: 0.25)
2026-01-04 16:26:06,573 | INFO | src.core.regime_weighting |   correlation_sync: 0.12 (base: 0.25)
2026-01-04 16:26:06,574 | INFO | src.strategies.adaptive_manager | Evaluating UPL with strategies: ['gap_trading', 'momentum_adaptive', 'volatility_regime', 'correlation_sync'] | Weights: {'gap_trading': 0.16666666666666666, 'momentum_adaptive': 0.18750000000000003, 'volatility_regime': 0.5208333333333334, 'correlation_sync': 0.125}
2026-01-04 16:26:06,576 | INFO | src.core.engine | UPL: Adaptive strategy approved - momentum_adaptive | SL: 0.80x, Target: 2.50x, Size: 1.00x
2026-01-04 16:26:06,577 | INFO | src.core.engine | UPL: Reserving capital for proposed order - Value: Rs.1,609.30
2026-01-04 16:26:06,579 | ERROR | src.core.engine | Error processing signal for UPL: Insufficient capital. Need Rs.1609.30, have Rs.300.70 releasing capital reservation Rs.1,609.30
2026-01-04 16:26:06,662 | ERROR | src.strategies.market_detector | Failed to analyze market state: 'dict' object has no attribute 'candle_count'
2026-01-04 16:26:06,815 | INFO | src.core.regime_weighting | Significant weight change - Session: POST_MARKET, Regime: VOLATILE_NEUTRAL
2026-01-04 16:26:06,815 | INFO | src.core.regime_weighting |   gap_trading: 0.17 (base: 0.25)
2026-01-04 16:26:06,816 | INFO | src.core.regime_weighting |   momentum_adaptive: 0.19 (base: 0.25)
2026-01-04 16:26:06,816 | INFO | src.core.regime_weighting |   volatility_regime: 0.52 (base: 0.25)
2026-01-04 16:26:06,816 | INFO | src.core.regime_weighting |   correlation_sync: 0.12 (base: 0.25)
2026-01-04 16:26:06,816 | INFO | src.strategies.adaptive_manager | Evaluating SRF with strategies: ['gap_trading', 'momentum_adaptive', 'volatility_regime', 'correlation_sync'] | Weights: {'gap_trading': 0.16666666666666666, 'momentum_adaptive': 0.18750000000000003, 'volatility_regime': 0.5208333333333334, 'correlation_sync': 0.125}
2026-01-04 16:26:06,817 | INFO | src.core.engine | SRF: Adaptive strategy approved - momentum_adaptive | SL: 0.80x, Target: 2.50x, Size: 1.00x
2026-01-04 16:26:06,817 | INFO | src.core.engine | SRF: Reserving capital for proposed order - Value: Rs.3,059.50
2026-01-04 16:26:06,817 | ERROR | src.core.engine | Error processing signal for SRF: Insufficient capital. Need Rs.3059.50, have Rs.1910.00 releasing capital reservation Rs.3,059.50
2026-01-04 16:26:06,895 | ERROR | src.strategies.market_detector | Failed to analyze market state: 'dict' object has no attribute 'candle_count'
2026-01-04 16:26:07,046 | INFO | src.core.regime_weighting | Significant weight change - Session: POST_MARKET, Regime: VOLATILE_NEUTRAL
2026-01-04 16:26:07,046 | INFO | src.core.regime_weighting |   gap_trading: 0.17 (base: 0.25)
2026-01-04 16:26:07,046 | INFO | src.core.regime_weighting |   momentum_adaptive: 0.19 (base: 0.25)
2026-01-04 16:26:07,047 | INFO | src.core.regime_weighting |   volatility_regime: 0.52 (base: 0.25)
2026-01-04 16:26:07,047 | INFO | src.core.regime_weighting |   correlation_sync: 0.12 (base: 0.25)
2026-01-04 16:26:07,047 | INFO | src.strategies.adaptive_manager | Evaluating CUMMINSIND with strategies: ['gap_trading', 'momentum_adaptive', 'volatility_regime', 'correlation_sync'] | Weights: {'gap_trading': 0.16666666666666666, 'momentum_adaptive': 0.18750000000000003, 'volatility_regime': 0.5208333333333334, 'correlation_sync': 0.125}
2026-01-04 16:26:07,048 | INFO | src.core.engine | CUMMINSIND: Adaptive strategy approved - momentum_adaptive | SL: 0.80x, Target: 2.50x, Size: 1.00x
2026-01-04 16:26:07,048 | INFO | src.core.engine | CUMMINSIND: Reserving capital for proposed order - Value: Rs.4,482.10
2026-01-04 16:26:07,048 | ERROR | src.core.engine | Error processing signal for CUMMINSIND: Insufficient capital. Need Rs.4482.10, have Rs.4250.00 releasing capital reservation Rs.4,482.10
2026-01-04 16:26:07,171 | ERROR | src.strategies.market_detector | Failed to analyze market state: 'dict' object has no attribute 'candle_count'
2026-01-04 16:26:07,330 | INFO | src.core.regime_weighting | Significant weight change - Session: POST_MARKET, Regime: VOLATILE_NEUTRAL
2026-01-04 16:26:07,330 | INFO | src.core.regime_weighting |   gap_trading: 0.17 (base: 0.25)
2026-01-04 16:26:07,330 | INFO | src.core.regime_weighting |   momentum_adaptive: 0.19 (base: 0.25)
2026-01-04 16:26:07,331 | INFO | src.core.regime_weighting |   volatility_regime: 0.52 (base: 0.25)
2026-01-04 16:26:07,331 | INFO | src.core.regime_weighting |   correlation_sync: 0.12 (base: 0.25)
2026-01-04 16:26:07,331 | INFO | src.strategies.adaptive_manager | Evaluating SAREGAMA with strategies: ['gap_trading', 'momentum_adaptive', 'volatility_regime', 'correlation_sync'] | Weights: {'gap_trading': 0.16666666666666666, 'momentum_adaptive': 0.18750000000000003, 'volatility_regime': 0.5208333333333334, 'correlation_sync': 0.125}
2026-01-04 16:26:07,331 | INFO | src.core.engine | SAREGAMA: Adaptive strategy approved - momentum_adaptive | SL: 0.80x, Target: 2.50x, Size: 1.00x
2026-01-04 16:26:07,332 | INFO | src.core.engine | SAREGAMA: Reserving capital for proposed order - Value: Rs.715.90
2026-01-04 16:26:07,332 | INFO | src.core.engine | SAREGAMA: Reserved capital for proposed order - Value: Rs.715.90
2026-01-04 16:26:07,332 | INFO | src.core.risk_governor | Risk Governor evaluating trade: SAREGAMA x 2
2026-01-04 16:26:07,332 | INFO | src.core.risk_manager | Risk assessment for SAREGAMA: APPROVED (Score: 10.0, Level: LOW)
2026-01-04 16:26:07,333 | INFO | src.core.risk_governor | Risk Governor final decision: APPROVE for SAREGAMA
2026-01-04 16:26:07,333 | INFO | src.core.engine | SAREGAMA: Risk Governor APPROVED
2026-01-04 16:26:07,336 | INFO | src.core.engine | SAREGAMA: Order created | BUY 2 @ Rs.357.95 | SL: Rs.348.25, Target: Rs.388.35
2026-01-04 16:26:07,466 | INFO | src.broker.zerodha | PAPER OrderSide.BUY   2 SAREGAMA @ ₹357.80 | Order: PAPER-SAREGAMA-OrderSide.BUY-1767524167466
2026-01-04 16:26:07,466 | INFO | src.execution.paper | SAREGAMA: Paper order placed | OrderSide.BUY 2 @ ₹357.80 | Order: PAPER-SAREGAMA-OrderSide.BUY-1767524167466
2026-01-04 16:26:07,466 | INFO | src.execution.adapter | SAREGAMA: Signal processed and order placed
2026-01-04 16:26:07,564 | ERROR | src.strategies.market_detector | Failed to analyze market state: 'dict' object has no attribute 'candle_count'
2026-01-04 16:26:07,722 | INFO | src.core.regime_weighting | Market regime change: MarketRegime.VOLATILE_NEUTRAL → MarketRegime.CORRELATION_BREAKDOWN
2026-01-04 16:26:07,722 | WARNING | src.core.regime_weighting | Regime change to MarketRegime.CORRELATION_BREAKDOWN - invalidating confidence
2026-01-04 16:26:07,722 | INFO | src.strategies.adaptive_manager | Evaluating BLUEDART with strategies: ['gap_trading', 'momentum_adaptive', 'volatility_regime', 'correlation_sync'] | Weights: {'gap_trading': 0.2941176470588235, 'momentum_adaptive': 0.2941176470588235, 'volatility_regime': 0.35294117647058826, 'correlation_sync': 0.058823529411764705}
2026-01-04 16:26:07,723 | INFO | src.core.engine | BLUEDART: Adaptive strategy approved - momentum_adaptive | SL: 0.80x, Target: 2.50x, Size: 1.00x
2026-01-04 16:26:07,723 | INFO | src.core.engine | BLUEDART: Reserving capital for proposed order - Value: Rs.5,593.50
2026-01-04 16:26:07,723 | ERROR | src.core.engine | Error processing signal for BLUEDART: Insufficient capital. Need Rs.5593.50, have Rs.3534.10 releasing capital reservation Rs.5,593.50
2026-01-04 18:15:44,885 | INFO | config.enhanced_config_manager | Timing config loaded: enabled=False
2026-01-04 18:15:44,887 | INFO | src.core.risk_manager | Risk Manager initialized with comprehensive risk controls
2026-01-04 18:15:44,887 | INFO | src.screener.excel_screener | Excel screener initialized: MiniRobo.xlsx
2026-01-04 18:15:46,837 | INFO | src.screener.excel_screener | Loaded 100 enabled stocks from universe
2026-01-04 18:15:47,414 | INFO | src.core.warmup_manager | WarmupManager initialized for 10 symbols with 60 days lookback
2026-01-04 18:15:47,414 | INFO | src.core.warmup_manager | 🔥 Starting system warmup sequence...
2026-01-04 18:15:47,415 | INFO | src.core.warmup_manager |   🔄 Executing: load_market_data
2026-01-04 18:15:54,808 | INFO | src.core.warmup_manager | Market data loaded: 10/10 symbols, 430 total data points
2026-01-04 18:15:54,809 | INFO | src.core.warmup_manager |   ✅ Completed: load_market_data (7.39s, 430 data points)
2026-01-04 18:15:54,809 | INFO | src.core.warmup_manager |   🔄 Executing: calculate_indicators
2026-01-04 18:15:54,856 | INFO | src.core.warmup_manager | Technical indicators calculated: 130 total indicators
2026-01-04 18:15:54,856 | INFO | src.core.warmup_manager |   ✅ Completed: calculate_indicators (0.05s, 130 data points)
2026-01-04 18:15:54,856 | INFO | src.core.warmup_manager |   🔄 Executing: warmup_timing
2026-01-04 18:16:01,557 | INFO | src.core.confidence_manager | Reactive confidence manager initialized
2026-01-04 18:16:01,557 | INFO | src.core.realtime_monitor | Real-time market monitor initialized with 60s update interval
2026-01-04 18:16:01,558 | INFO | src.core.data_risk_mitigator | Data source risk mitigator initialized
2026-01-04 18:16:01,558 | INFO | src.strategies.market_detector | Registered real-time callbacks for market events
2026-01-04 18:16:01,558 | INFO | src.core.realtime_monitor | Started monitoring 0 symbols
2026-01-04 18:16:01,558 | INFO | src.strategies.market_detector | Enhanced real-time market detector initialized
2026-01-04 18:16:01,558 | INFO | src.timing.market_regime | Unified MarketRegimeManager initialized
2026-01-04 18:16:02,467 | ERROR | src.strategies.market_detector | Failed to analyze market state: 'dict' object has no attribute 'volatility_5min'
2026-01-04 18:16:02,468 | INFO | src.timing.market_regime | [MARKET REGIME] SIDEWAYS | confidence=0.50 | volatility=NORMAL
2026-01-04 18:16:02,468 | INFO | src.core.warmup_manager | Timing components warmed up - Current regime: (<MarketRegime.SIDEWAYS: 'SIDEWAYS'>, 0.5)
2026-01-04 18:16:02,468 | INFO | src.core.warmup_manager |   ✅ Completed: warmup_timing (7.61s, 1 data points)
2026-01-04 18:16:02,468 | INFO | src.core.warmup_manager |   🔄 Executing: warmup_regime
2026-01-04 18:16:02,472 | INFO | src.core.warmup_manager | Market regime detection warmed up for 5 symbols
2026-01-04 18:16:02,473 | INFO | src.core.warmup_manager |   ✅ Completed: warmup_regime (0.00s, 5 data points)
2026-01-04 18:16:02,473 | INFO | src.core.warmup_manager |   🔄 Executing: warmup_strategies
2026-01-04 18:16:02,473 | INFO | src.core.confidence_manager | Reactive confidence manager initialized
2026-01-04 18:16:02,473 | INFO | src.core.realtime_monitor | Real-time market monitor initialized with 60s update interval
2026-01-04 18:16:02,473 | INFO | src.core.data_risk_mitigator | Data source risk mitigator initialized
2026-01-04 18:16:02,474 | INFO | src.strategies.market_detector | Registered real-time callbacks for market events
2026-01-04 18:16:02,474 | INFO | src.core.realtime_monitor | Started monitoring 0 symbols
2026-01-04 18:16:02,474 | INFO | src.strategies.market_detector | Enhanced real-time market detector initialized
2026-01-04 18:16:02,474 | INFO | src.core.regime_weighting | Regime-aware strategy weighting system initialized
2026-01-04 18:16:02,474 | INFO | src.strategies.gap_trading | Gap trading strategy initialized
2026-01-04 18:16:02,475 | INFO | src.strategies.momentum_adaptive | Momentum adaptive strategy initialized
2026-01-04 18:16:02,475 | INFO | src.strategies.volatility_regime | Volatility regime strategy initialized
2026-01-04 18:16:02,475 | INFO | src.core.confidence_manager | Reactive confidence manager initialized
2026-01-04 18:16:02,475 | INFO | src.strategies.correlation_sync | Correlation sync strategy initialized with reactive confidence management
2026-01-04 18:16:02,475 | INFO | src.strategies.adaptive_manager | Adaptive strategy manager initialized with regime-aware weighting in AUTO mode
2026-01-04 18:16:03,031 | ERROR | src.strategies.market_detector | Failed to analyze market state: 'dict' object has no attribute 'volatility_5min'
2026-01-04 18:16:03,226 | INFO | src.core.regime_weighting | Market regime change: None → MarketRegime.VOLATILE_NEUTRAL
2026-01-04 18:16:03,227 | WARNING | src.core.regime_weighting | Regime change to MarketRegime.VOLATILE_NEUTRAL - invalidating confidence
2026-01-04 18:16:03,227 | INFO | src.core.regime_weighting | Significant weight change - Session: POST_MARKET, Regime: VOLATILE_NEUTRAL
2026-01-04 18:16:03,227 | INFO | src.core.regime_weighting |   gap_trading: 0.17 (base: 0.25)
2026-01-04 18:16:03,227 | INFO | src.core.regime_weighting |   momentum_adaptive: 0.19 (base: 0.25)
2026-01-04 18:16:03,227 | INFO | src.core.regime_weighting |   volatility_regime: 0.52 (base: 0.25)
2026-01-04 18:16:03,228 | INFO | src.core.regime_weighting |   correlation_sync: 0.12 (base: 0.25)
2026-01-04 18:16:03,228 | INFO | src.strategies.adaptive_manager | Evaluating HDFCBANK with strategies: ['gap_trading', 'momentum_adaptive', 'volatility_regime', 'correlation_sync'] | Weights: {'gap_trading': 0.16666666666666666, 'momentum_adaptive': 0.18750000000000003, 'volatility_regime': 0.5208333333333334, 'correlation_sync': 0.125}
2026-01-04 18:16:03,347 | ERROR | src.strategies.market_detector | Failed to analyze market state: 'dict' object has no attribute 'volatility_5min'
2026-01-04 18:16:03,716 | INFO | src.strategies.correlation_sync | Correlation entry approved for HDFCBANK: Correlation entry: MEDIUM correlation (0.565) | Regime: MEDIUM | Confidence: 0.79 (reactive: 0.00)
2026-01-04 18:16:03,803 | ERROR | src.strategies.market_detector | Failed to analyze market state: 'dict' object has no attribute 'volatility_5min'
2026-01-04 18:16:03,948 | INFO | src.core.regime_weighting | Significant weight change - Session: POST_MARKET, Regime: VOLATILE_NEUTRAL
2026-01-04 18:16:03,948 | INFO | src.core.regime_weighting |   gap_trading: 0.17 (base: 0.25)
2026-01-04 18:16:03,948 | INFO | src.core.regime_weighting |   momentum_adaptive: 0.19 (base: 0.25)
2026-01-04 18:16:03,948 | INFO | src.core.regime_weighting |   volatility_regime: 0.52 (base: 0.25)
2026-01-04 18:16:03,949 | INFO | src.core.regime_weighting |   correlation_sync: 0.12 (base: 0.25)
2026-01-04 18:16:03,949 | INFO | src.strategies.adaptive_manager | Evaluating ICICIBANK with strategies: ['gap_trading', 'momentum_adaptive', 'volatility_regime', 'correlation_sync'] | Weights: {'gap_trading': 0.16666666666666666, 'momentum_adaptive': 0.18750000000000003, 'volatility_regime': 0.5208333333333334, 'correlation_sync': 0.125}
2026-01-04 18:16:03,949 | INFO | src.strategies.correlation_sync | Correlation entry approved for ICICIBANK: Correlation entry: MEDIUM correlation (0.400) | Regime: MEDIUM | Confidence: 0.61 (reactive: 0.00)
2026-01-04 18:16:04,117 | ERROR | src.strategies.market_detector | Failed to analyze market state: 'dict' object has no attribute 'volatility_5min'
2026-01-04 18:16:04,320 | INFO | src.core.regime_weighting | Significant weight change - Session: POST_MARKET, Regime: VOLATILE_NEUTRAL
2026-01-04 18:16:04,320 | INFO | src.core.regime_weighting |   gap_trading: 0.17 (base: 0.25)
2026-01-04 18:16:04,320 | INFO | src.core.regime_weighting |   momentum_adaptive: 0.19 (base: 0.25)
2026-01-04 18:16:04,320 | INFO | src.core.regime_weighting |   volatility_regime: 0.52 (base: 0.25)
2026-01-04 18:16:04,321 | INFO | src.core.regime_weighting |   correlation_sync: 0.12 (base: 0.25)
2026-01-04 18:16:04,321 | INFO | src.strategies.adaptive_manager | Evaluating KOTAKBANK with strategies: ['gap_trading', 'momentum_adaptive', 'volatility_regime', 'correlation_sync'] | Weights: {'gap_trading': 0.16666666666666666, 'momentum_adaptive': 0.18750000000000003, 'volatility_regime': 0.5208333333333334, 'correlation_sync': 0.125}
2026-01-04 18:16:04,321 | INFO | src.core.warmup_manager | Strategy managers warmed up for 3 symbols
2026-01-04 18:16:04,322 | INFO | src.core.warmup_manager |   ✅ Completed: warmup_strategies (1.85s, 3 data points)
2026-01-04 18:16:04,322 | INFO | src.core.warmup_manager |   🔄 Executing: validate_warmup
2026-01-04 18:16:04,322 | WARNING | src.core.warmup_manager | Low data quality for HDFCBANK.SMA_50: 0 points
2026-01-04 18:16:04,323 | WARNING | src.core.warmup_manager | Low data quality for ICICIBANK.SMA_50: 0 points
2026-01-04 18:16:04,324 | WARNING | src.core.warmup_manager | Low data quality for KOTAKBANK.SMA_50: 0 points
2026-01-04 18:16:04,325 | WARNING | src.core.warmup_manager | Low data quality for AXISBANK.SMA_50: 0 points
2026-01-04 18:16:04,325 | WARNING | src.core.warmup_manager | Low data quality for SBIN.SMA_50: 0 points
2026-01-04 18:16:04,326 | WARNING | src.core.warmup_manager | Low data quality for TCS.SMA_50: 0 points
2026-01-04 18:16:04,326 | WARNING | src.core.warmup_manager | Low data quality for INFY.SMA_50: 0 points
2026-01-04 18:16:04,327 | WARNING | src.core.warmup_manager | Low data quality for HCLTECH.SMA_50: 0 points
2026-01-04 18:16:04,328 | WARNING | src.core.warmup_manager | Low data quality for WIPRO.SMA_50: 0 points
2026-01-04 18:16:04,328 | WARNING | src.core.warmup_manager | Low data quality for TECHM.SMA_50: 0 points
2026-01-04 18:16:04,329 | INFO | src.core.warmup_manager | Warmup validation passed: 4/4 checks
2026-01-04 18:16:04,329 | INFO | src.core.warmup_manager |   ✅ Completed: validate_warmup (0.01s, 4 data points)
2026-01-04 18:16:04,330 | INFO | src.core.warmup_manager | ✅ Warmup COMPLETED in 16.92 seconds
2026-01-04 18:16:04,330 | INFO | src.core.warmup_manager | ============================================================
2026-01-04 18:16:04,330 | INFO | src.core.warmup_manager | WARMUP SUMMARY
2026-01-04 18:16:04,330 | INFO | src.core.warmup_manager | ============================================================
2026-01-04 18:16:04,330 | INFO | src.core.warmup_manager | Status: SUCCESS
2026-01-04 18:16:04,331 | INFO | src.core.warmup_manager | Duration: 16.92 seconds
2026-01-04 18:16:04,331 | INFO | src.core.warmup_manager | Symbols warmed: 10/10
2026-01-04 18:16:04,331 | INFO | src.core.warmup_manager | Tasks completed: 6/6
2026-01-04 18:16:04,331 | INFO | src.core.warmup_manager | Indicator Status:
2026-01-04 18:16:04,331 | INFO | src.core.warmup_manager |   ✅ SMA_20
2026-01-04 18:16:04,331 | INFO | src.core.warmup_manager |   ✅ SMA_50
2026-01-04 18:16:04,332 | INFO | src.core.warmup_manager |   ✅ EMA_12
2026-01-04 18:16:04,332 | INFO | src.core.warmup_manager |   ✅ EMA_26
2026-01-04 18:16:04,332 | INFO | src.core.warmup_manager |   ✅ RSI_14
2026-01-04 18:16:04,332 | INFO | src.core.warmup_manager |   ✅ MACD
2026-01-04 18:16:04,332 | INFO | src.core.warmup_manager |   ✅ ATR_14
2026-01-04 18:16:04,333 | INFO | src.core.warmup_manager | ============================================================
2026-01-04 18:16:04,333 | INFO | src.utils.sector_manager | Sector manager initialized
2026-01-04 18:16:04,333 | INFO | src.core.risk_manager | Risk Manager initialized with comprehensive risk controls
2026-01-04 18:16:04,333 | INFO | src.core.risk_governor | Added risk rule: EmergencyStop (priority: 5)
2026-01-04 18:16:04,333 | INFO | src.core.risk_governor | Added risk rule: MarketHours (priority: 10)
2026-01-04 18:16:04,334 | INFO | src.core.risk_governor | Added risk rule: DailyLossLimit (priority: 15)
2026-01-04 18:16:04,334 | INFO | src.core.risk_governor | Added risk rule: VolatilityAdjustment (priority: 25)
2026-01-04 18:16:04,334 | INFO | src.core.risk_governor | Risk Governor initialized with 4 risk rules
2026-01-04 18:16:04,334 | INFO | src.core.warmup_manager | WarmupManager initialized for 100 symbols with 60 days lookback
2026-01-04 18:16:04,334 | INFO | src.core.confidence_manager | Reactive confidence manager initialized
2026-01-04 18:16:04,334 | INFO | src.core.realtime_monitor | Real-time market monitor initialized with 60s update interval
2026-01-04 18:16:04,334 | INFO | src.core.data_risk_mitigator | Data source risk mitigator initialized
2026-01-04 18:16:04,334 | INFO | src.strategies.market_detector | Registered real-time callbacks for market events
2026-01-04 18:16:04,334 | INFO | src.core.realtime_monitor | Started monitoring 0 symbols
2026-01-04 18:16:04,334 | INFO | src.strategies.market_detector | Enhanced real-time market detector initialized
2026-01-04 18:16:04,334 | INFO | src.core.regime_weighting | Regime-aware strategy weighting system initialized
2026-01-04 18:16:04,335 | INFO | src.strategies.gap_trading | Gap trading strategy initialized
2026-01-04 18:16:04,335 | INFO | src.strategies.momentum_adaptive | Momentum adaptive strategy initialized
2026-01-04 18:16:04,335 | INFO | src.strategies.volatility_regime | Volatility regime strategy initialized
2026-01-04 18:16:04,335 | INFO | src.core.confidence_manager | Reactive confidence manager initialized
2026-01-04 18:16:04,335 | INFO | src.strategies.correlation_sync | Correlation sync strategy initialized with reactive confidence management
2026-01-04 18:16:04,335 | INFO | src.strategies.adaptive_manager | Adaptive strategy manager initialized with regime-aware weighting in AUTO mode
2026-01-04 18:16:04,335 | INFO | src.core.engine | Adaptive strategies initialized successfully
2026-01-04 18:16:04,335 | INFO | src.core.engine | Trading engine initialized with timing intelligence disabled
2026-01-04 18:16:04,335 | INFO | src.core.engine | Trading engine initialized with enhanced risk management
2026-01-04 18:16:04,335 | INFO | src.execution.adapter | Initialized PAPER execution adapter
2026-01-04 18:16:04,335 | INFO | src.broker.zerodha | ZerodhaBroker initialized in PAPER mode
2026-01-04 18:16:04,336 | INFO | src.broker.zerodha | Paper trading: No real connection required
2026-01-04 18:16:04,336 | INFO | src.execution.paper | Paper trading initialized
2026-01-04 18:16:04,336 | INFO | src.execution.paper | Paper trading mode initialized
2026-01-04 18:16:04,337 | INFO | src.core.system_arming | Added kill switch: emergency_file (Critical)
2026-01-04 18:16:04,338 | INFO | src.core.system_arming | Added kill switch: daily_loss_limit (Critical)
2026-01-04 18:16:04,338 | INFO | src.core.system_arming | Added kill switch: capital_availability (Critical)
2026-01-04 18:16:04,338 | INFO | src.core.system_arming | Added kill switch: market_hours (Non-critical)
2026-01-04 18:16:04,338 | INFO | src.core.system_arming | Added kill switch: system_health (Critical)
2026-01-04 18:16:04,338 | INFO | src.core.system_arming | Added kill switch: config_integrity (Critical)
2026-01-04 18:16:04,338 | INFO | src.core.system_arming | Added kill switch: state_integrity (Critical)
2026-01-04 18:16:04,339 | INFO | src.core.system_arming | System Arming initialized with 7 kill switches
2026-01-04 18:16:04,339 | INFO | src.core.system_arming | Starting system arming sequence...
2026-01-04 18:16:04,340 | INFO | src.core.system_arming | 🔒 SYSTEM ARMED at 18:16:04
2026-01-04 18:16:04,341 | WARNING | src.core.engine | No regime manager available
2026-01-04 18:16:04,341 | INFO | src.screener.excel_screener | ============================================================
2026-01-04 18:16:04,341 | INFO | src.screener.excel_screener | STARTING EXCEL-DRIVEN SCREENER
2026-01-04 18:16:04,341 | INFO | src.screener.excel_screener | ============================================================
2026-01-04 18:16:05,679 | INFO | src.screener.excel_screener | Loaded 14 screener rules
2026-01-04 18:16:06,232 | INFO | src.screener.excel_screener | 
 ACTIVE FILTER RULES:
2026-01-04 18:16:07,599 | INFO | src.screener.excel_screener | Loaded 100 enabled stocks from universe
2026-01-04 18:16:09,439 | INFO | src.screener.excel_screener | Loaded sector mapping for 100 symbols
2026-01-04 18:16:10,140 | INFO | src.screener.excel_screener | Market Trend: BULLISH
2026-01-04 18:16:10,175 | INFO | src.screener.excel_screener | Successfully fetched data for 100/100 symbols
2026-01-04 18:16:10,175 | INFO | src.screener.excel_screener | Bulk data received: 100 symbols with data
2026-01-04 18:16:10,348 | INFO | src.screener.excel_screener | Starting screening of 100 symbols. Bulk data has 100 entries
2026-01-04 18:16:10,716 | INFO | src.screener.excel_screener | 
📊 REJECTION STATISTICS:
2026-01-04 18:16:10,717 | INFO | src.screener.excel_screener |    Total Processed: 100
2026-01-04 18:16:10,717 | INFO | src.screener.excel_screener |    Passed: 26
2026-01-04 18:16:10,718 | INFO | src.screener.excel_screener |    Rejected: 74
2026-01-04 18:16:10,718 | INFO | src.screener.excel_screener | 
   Top Rejection Reasons:
2026-01-04 18:16:10,718 | INFO | src.screener.excel_screener | Metrics calculated: 100, Passed: 26, Rejected: 74, Insufficient bars: 0, Missing data: 0
2026-01-04 18:16:10,720 | INFO | src.screener.excel_screener | Max trades (adjusted for BULLISH): 8
2026-01-04 18:16:10,720 | INFO | src.screener.excel_screener | 
============================================================
2026-01-04 18:16:10,721 | INFO | src.screener.excel_screener | TOP PICKS:
2026-01-04 18:16:10,721 | INFO | src.screener.excel_screener | ============================================================
2026-01-04 18:16:10,721 | INFO | src.screener.excel_screener | INDUSTOWER | Score:  47.37 | Price: Rs. 442.05 | BULLISH_TREND,HIGH_VOLUME,STRONG_TREND
2026-01-04 18:16:10,722 | INFO | src.screener.excel_screener | HINDALCO   | Score:  42.61 | Price: Rs. 925.70 | BULLISH_TREND,HIGH_VOLUME,STRONG_TREND
2026-01-04 18:16:10,722 | INFO | src.screener.excel_screener | COALINDIA  | Score:  39.61 | Price: Rs. 427.90 | BULLISH_TREND,HIGH_VOLUME,STRONG_TREND
2026-01-04 18:16:10,722 | INFO | src.screener.excel_screener | BLUEDART   | Score:  34.99 | Price: Rs.5593.50 | NEAR_EMA20,HIGH_VOLUME
2026-01-04 18:16:10,723 | INFO | src.screener.excel_screener | UPL        | Score:  34.61 | Price: Rs. 804.65 | BULLISH_TREND
2026-01-04 18:16:12,196 | INFO | src.screener.excel_screener | Written 8 results to Excel: SCREENER_OUTPUT
2026-01-04 18:16:12,774 | INFO | src.screener.excel_screener | ============================================================
2026-01-04 18:16:12,774 | INFO | src.screener.excel_screener | SCREENER COMPLETE
2026-01-04 18:16:12,775 | INFO | src.screener.excel_screener | ============================================================
2026-01-04 18:16:12,778 | WARNING | src.core.engine | DUPLICATE PREVENTED: HINDALCO has pending order | order_id: ORD_HINDALCO_1767524165345 | qty: 1
2026-01-04 18:16:12,778 | WARNING | src.core.engine | DUPLICATE PREVENTED: COALINDIA has pending order | order_id: ORD_COALINDIA_1767524165728 | qty: 5
2026-01-04 18:16:12,779 | WARNING | src.core.engine | DUPLICATE PREVENTED: INDUSTOWER has pending order | order_id: ORD_INDUSTOWER_1767524166132 | qty: 2
2026-01-04 18:16:13,426 | ERROR | src.strategies.market_detector | Failed to analyze market state: 'dict' object has no attribute 'volatility_5min'
2026-01-04 18:16:13,576 | INFO | src.core.regime_weighting | Market regime change: None → MarketRegime.VOLATILE_NEUTRAL
2026-01-04 18:16:13,576 | WARNING | src.core.regime_weighting | Regime change to MarketRegime.VOLATILE_NEUTRAL - invalidating confidence
2026-01-04 18:16:13,576 | INFO | src.core.regime_weighting | Significant weight change - Session: POST_MARKET, Regime: VOLATILE_NEUTRAL
2026-01-04 18:16:13,576 | INFO | src.core.regime_weighting |   gap_trading: 0.17 (base: 0.25)
2026-01-04 18:16:13,577 | INFO | src.core.regime_weighting |   momentum_adaptive: 0.19 (base: 0.25)
2026-01-04 18:16:13,577 | INFO | src.core.regime_weighting |   volatility_regime: 0.52 (base: 0.25)
2026-01-04 18:16:13,577 | INFO | src.core.regime_weighting |   correlation_sync: 0.12 (base: 0.25)
2026-01-04 18:16:13,577 | INFO | src.strategies.adaptive_manager | Evaluating UPL with strategies: ['gap_trading', 'momentum_adaptive', 'volatility_regime', 'correlation_sync'] | Weights: {'gap_trading': 0.16666666666666666, 'momentum_adaptive': 0.18750000000000003, 'volatility_regime': 0.5208333333333334, 'correlation_sync': 0.125}
2026-01-04 18:16:13,666 | ERROR | src.strategies.market_detector | Failed to analyze market state: 'dict' object has no attribute 'volatility_5min'
2026-01-04 18:16:13,966 | INFO | src.core.engine | UPL: Adaptive strategy approved - momentum_adaptive | SL: 0.80x, Target: 2.50x, Size: 1.00x
2026-01-04 18:16:13,966 | INFO | src.core.engine | UPL: Reserving capital for proposed order - Value: Rs.1,609.30
2026-01-04 18:16:13,967 | INFO | src.core.engine | UPL: Reserved capital for proposed order - Value: Rs.1,609.30
2026-01-04 18:16:13,967 | INFO | src.core.risk_governor | Risk Governor evaluating trade: UPL x 2
2026-01-04 18:16:13,967 | INFO | src.core.risk_manager | Risk assessment for UPL: APPROVED (Score: 10.0, Level: LOW)
2026-01-04 18:16:13,967 | INFO | src.core.risk_governor | Risk Governor final decision: APPROVE for UPL
2026-01-04 18:16:13,967 | INFO | src.core.engine | UPL: Risk Governor APPROVED
2026-01-04 18:16:13,971 | INFO | src.core.engine | UPL: Order created | BUY 2 @ Rs.804.65 | SL: Rs.792.30, Target: Rs.843.20
2026-01-04 18:16:14,136 | INFO | src.broker.zerodha | PAPER OrderSide.BUY   2 UPL      @ ₹804.65 | Order: PAPER-UPL-OrderSide.BUY-1767530774136
2026-01-04 18:16:14,137 | INFO | src.execution.paper | UPL: Paper order placed | OrderSide.BUY 2 @ ₹804.65 | Order: PAPER-UPL-OrderSide.BUY-1767530774136
2026-01-04 18:16:14,137 | INFO | src.execution.adapter | UPL: Signal processed and order placed
2026-01-04 18:16:14,335 | ERROR | src.strategies.market_detector | Failed to analyze market state: 'dict' object has no attribute 'volatility_5min'
2026-01-04 18:16:14,542 | INFO | src.core.regime_weighting | Significant weight change - Session: POST_MARKET, Regime: VOLATILE_NEUTRAL
2026-01-04 18:16:14,542 | INFO | src.core.regime_weighting |   gap_trading: 0.17 (base: 0.25)
2026-01-04 18:16:14,543 | INFO | src.core.regime_weighting |   momentum_adaptive: 0.19 (base: 0.25)
2026-01-04 18:16:14,543 | INFO | src.core.regime_weighting |   volatility_regime: 0.52 (base: 0.25)
2026-01-04 18:16:14,543 | INFO | src.core.regime_weighting |   correlation_sync: 0.12 (base: 0.25)
2026-01-04 18:16:14,544 | INFO | src.strategies.adaptive_manager | Evaluating SRF with strategies: ['gap_trading', 'momentum_adaptive', 'volatility_regime', 'correlation_sync'] | Weights: {'gap_trading': 0.16666666666666666, 'momentum_adaptive': 0.18750000000000003, 'volatility_regime': 0.5208333333333334, 'correlation_sync': 0.125}
2026-01-04 18:16:14,544 | INFO | src.core.engine | SRF: Adaptive strategy approved - momentum_adaptive | SL: 0.80x, Target: 2.50x, Size: 1.00x
2026-01-04 18:16:14,544 | INFO | src.core.engine | SRF: Reserving capital for proposed order - Value: Rs.3,059.50
2026-01-04 18:16:14,545 | ERROR | src.core.engine | Error processing signal for SRF: Insufficient capital. Need Rs.3059.50, have Rs.2640.70 releasing capital reservation Rs.3,059.50
2026-01-04 18:16:14,634 | ERROR | src.strategies.market_detector | Failed to analyze market state: 'dict' object has no attribute 'volatility_5min'
2026-01-04 18:16:14,824 | INFO | src.core.regime_weighting | Significant weight change - Session: POST_MARKET, Regime: VOLATILE_NEUTRAL
2026-01-04 18:16:14,824 | INFO | src.core.regime_weighting |   gap_trading: 0.17 (base: 0.25)
2026-01-04 18:16:14,825 | INFO | src.core.regime_weighting |   momentum_adaptive: 0.19 (base: 0.25)
2026-01-04 18:16:14,825 | INFO | src.core.regime_weighting |   volatility_regime: 0.52 (base: 0.25)
2026-01-04 18:16:14,825 | INFO | src.core.regime_weighting |   correlation_sync: 0.12 (base: 0.25)
2026-01-04 18:16:14,825 | INFO | src.strategies.adaptive_manager | Evaluating CUMMINSIND with strategies: ['gap_trading', 'momentum_adaptive', 'volatility_regime', 'correlation_sync'] | Weights: {'gap_trading': 0.16666666666666666, 'momentum_adaptive': 0.18750000000000003, 'volatility_regime': 0.5208333333333334, 'correlation_sync': 0.125}
2026-01-04 18:16:14,826 | INFO | src.core.engine | CUMMINSIND: Adaptive strategy approved - momentum_adaptive | SL: 0.80x, Target: 2.50x, Size: 1.00x
2026-01-04 18:16:14,826 | INFO | src.core.engine | CUMMINSIND: Reserving capital for proposed order - Value: Rs.4,482.10
2026-01-04 18:16:14,826 | ERROR | src.core.engine | Error processing signal for CUMMINSIND: Insufficient capital. Need Rs.4482.10, have Rs.4250.00 releasing capital reservation Rs.4,482.10
2026-01-04 18:16:14,828 | WARNING | src.core.engine | DUPLICATE PREVENTED: SAREGAMA has pending order | order_id: ORD_SAREGAMA_1767524167333 | qty: 2
2026-01-04 18:16:14,916 | ERROR | src.strategies.market_detector | Failed to analyze market state: 'dict' object has no attribute 'volatility_5min'
2026-01-04 18:16:15,104 | INFO | src.core.regime_weighting | Market regime change: MarketRegime.VOLATILE_NEUTRAL → MarketRegime.CORRELATION_BREAKDOWN
2026-01-04 18:16:15,105 | WARNING | src.core.regime_weighting | Regime change to MarketRegime.CORRELATION_BREAKDOWN - invalidating confidence
2026-01-04 18:16:15,105 | INFO | src.strategies.adaptive_manager | Evaluating BLUEDART with strategies: ['gap_trading', 'momentum_adaptive', 'volatility_regime', 'correlation_sync'] | Weights: {'gap_trading': 0.2941176470588235, 'momentum_adaptive': 0.2941176470588235, 'volatility_regime': 0.35294117647058826, 'correlation_sync': 0.058823529411764705}
2026-01-04 18:16:15,106 | INFO | src.core.engine | BLUEDART: Adaptive strategy approved - momentum_adaptive | SL: 0.80x, Target: 2.50x, Size: 1.00x
2026-01-04 18:16:15,106 | INFO | src.core.engine | BLUEDART: Reserving capital for proposed order - Value: Rs.5,593.50
2026-01-04 18:16:15,106 | ERROR | src.core.engine | Error processing signal for BLUEDART: Insufficient capital. Need Rs.5593.50, have Rs.4250.00 releasing capital reservation Rs.5,593.50
2026-01-04 18:17:48,333 | INFO | config.enhanced_config_manager | Timing config loaded: enabled=False
2026-01-04 18:17:48,334 | INFO | src.core.risk_manager | Risk Manager initialized with comprehensive risk controls
2026-01-04 18:17:48,334 | INFO | src.screener.excel_screener | Excel screener initialized: MiniRobo.xlsx
2026-01-04 18:17:49,704 | INFO | src.screener.excel_screener | Loaded 100 enabled stocks from universe
2026-01-04 18:17:50,219 | INFO | src.core.warmup_manager | WarmupManager initialized for 10 symbols with 60 days lookback
2026-01-04 18:17:50,219 | INFO | src.core.warmup_manager | 🔥 Starting system warmup sequence...
2026-01-04 18:17:50,219 | INFO | src.core.warmup_manager |   🔄 Executing: load_market_data
2026-01-04 18:17:52,000 | INFO | src.core.warmup_manager | Market data loaded: 10/10 symbols, 430 total data points
2026-01-04 18:17:52,001 | INFO | src.core.warmup_manager |   ✅ Completed: load_market_data (1.78s, 430 data points)
2026-01-04 18:17:52,001 | INFO | src.core.warmup_manager |   🔄 Executing: calculate_indicators
2026-01-04 18:17:52,015 | INFO | src.core.warmup_manager | Technical indicators calculated: 130 total indicators
2026-01-04 18:17:52,016 | INFO | src.core.warmup_manager |   ✅ Completed: calculate_indicators (0.01s, 130 data points)
2026-01-04 18:17:52,016 | INFO | src.core.warmup_manager |   🔄 Executing: warmup_timing
2026-01-04 18:17:52,814 | INFO | src.core.confidence_manager | Reactive confidence manager initialized
2026-01-04 18:17:52,814 | INFO | src.core.realtime_monitor | Real-time market monitor initialized with 60s update interval
2026-01-04 18:17:52,814 | INFO | src.core.data_risk_mitigator | Data source risk mitigator initialized
2026-01-04 18:17:52,815 | INFO | src.strategies.market_detector | Registered real-time callbacks for market events
2026-01-04 18:17:52,815 | INFO | src.core.realtime_monitor | Started monitoring 0 symbols
2026-01-04 18:17:52,815 | INFO | src.strategies.market_detector | Enhanced real-time market detector initialized
2026-01-04 18:17:52,815 | INFO | src.timing.market_regime | Unified MarketRegimeManager initialized
2026-01-04 18:17:53,385 | INFO | src.strategies.market_detector | Market State (Real-time): BULLISH (0.38), Gap: NO_GAP (0.03%)
2026-01-04 18:17:53,386 | INFO | src.timing.market_regime | [MARKET REGIME] VOLATILE | confidence=0.38 | volatility=HIGH
2026-01-04 18:17:53,386 | INFO | src.core.warmup_manager | Timing components warmed up - Current regime: (<MarketRegime.HIGH_VOLATILITY: 'VOLATILE'>, 0.384028654853814)
2026-01-04 18:17:53,386 | INFO | src.core.warmup_manager |   ✅ Completed: warmup_timing (1.37s, 1 data points)
2026-01-04 18:17:53,386 | INFO | src.core.warmup_manager |   🔄 Executing: warmup_regime
2026-01-04 18:17:53,389 | INFO | src.core.warmup_manager | Market regime detection warmed up for 5 symbols
2026-01-04 18:17:53,390 | INFO | src.core.warmup_manager |   ✅ Completed: warmup_regime (0.00s, 5 data points)
2026-01-04 18:17:53,390 | INFO | src.core.warmup_manager |   🔄 Executing: warmup_strategies
2026-01-04 18:17:53,390 | INFO | src.core.confidence_manager | Reactive confidence manager initialized
2026-01-04 18:17:53,390 | INFO | src.core.realtime_monitor | Real-time market monitor initialized with 60s update interval
2026-01-04 18:17:53,391 | INFO | src.core.data_risk_mitigator | Data source risk mitigator initialized
2026-01-04 18:17:53,391 | INFO | src.strategies.market_detector | Registered real-time callbacks for market events
2026-01-04 18:17:53,391 | INFO | src.core.realtime_monitor | Started monitoring 0 symbols
2026-01-04 18:17:53,391 | INFO | src.strategies.market_detector | Enhanced real-time market detector initialized
2026-01-04 18:17:53,391 | INFO | src.core.regime_weighting | Regime-aware strategy weighting system initialized
2026-01-04 18:17:53,392 | INFO | src.strategies.gap_trading | Gap trading strategy initialized
2026-01-04 18:17:53,392 | INFO | src.strategies.momentum_adaptive | Momentum adaptive strategy initialized
2026-01-04 18:17:53,392 | INFO | src.strategies.volatility_regime | Volatility regime strategy initialized
2026-01-04 18:17:53,392 | INFO | src.core.confidence_manager | Reactive confidence manager initialized
2026-01-04 18:17:53,393 | INFO | src.strategies.correlation_sync | Correlation sync strategy initialized with reactive confidence management
2026-01-04 18:17:53,393 | INFO | src.strategies.adaptive_manager | Adaptive strategy manager initialized with regime-aware weighting in AUTO mode
2026-01-04 18:17:53,751 | INFO | src.strategies.market_detector | Market State (Real-time): BULLISH (0.38), Gap: NO_GAP (0.03%)
2026-01-04 18:17:53,896 | INFO | src.core.regime_weighting | Market regime change: None → MarketRegime.VOLATILE_NEUTRAL
2026-01-04 18:17:53,896 | WARNING | src.core.regime_weighting | Regime change to MarketRegime.VOLATILE_NEUTRAL - invalidating confidence
2026-01-04 18:17:53,896 | INFO | src.core.regime_weighting | Significant weight change - Session: POST_MARKET, Regime: VOLATILE_NEUTRAL
2026-01-04 18:17:53,897 | INFO | src.core.regime_weighting |   gap_trading: 0.17 (base: 0.25)
2026-01-04 18:17:53,897 | INFO | src.core.regime_weighting |   momentum_adaptive: 0.19 (base: 0.25)
2026-01-04 18:17:53,897 | INFO | src.core.regime_weighting |   volatility_regime: 0.52 (base: 0.25)
2026-01-04 18:17:53,897 | INFO | src.core.regime_weighting |   correlation_sync: 0.12 (base: 0.25)
2026-01-04 18:17:53,898 | INFO | src.strategies.adaptive_manager | Evaluating HDFCBANK with strategies: ['gap_trading', 'momentum_adaptive', 'volatility_regime', 'correlation_sync'] | Weights: {'gap_trading': 0.16666666666666666, 'momentum_adaptive': 0.18750000000000003, 'volatility_regime': 0.5208333333333334, 'correlation_sync': 0.125}
2026-01-04 18:17:54,399 | INFO | src.strategies.correlation_sync | Correlation entry approved for HDFCBANK: Correlation entry: MEDIUM correlation (0.565) | Regime: MEDIUM | Confidence: 0.79 (reactive: 0.00)
2026-01-04 18:17:54,592 | INFO | src.core.regime_weighting | Significant weight change - Session: POST_MARKET, Regime: VOLATILE_NEUTRAL
2026-01-04 18:17:54,592 | INFO | src.core.regime_weighting |   gap_trading: 0.17 (base: 0.25)
2026-01-04 18:17:54,592 | INFO | src.core.regime_weighting |   momentum_adaptive: 0.19 (base: 0.25)
2026-01-04 18:17:54,592 | INFO | src.core.regime_weighting |   volatility_regime: 0.52 (base: 0.25)
2026-01-04 18:17:54,593 | INFO | src.core.regime_weighting |   correlation_sync: 0.12 (base: 0.25)
2026-01-04 18:17:54,593 | INFO | src.strategies.adaptive_manager | Evaluating ICICIBANK with strategies: ['gap_trading', 'momentum_adaptive', 'volatility_regime', 'correlation_sync'] | Weights: {'gap_trading': 0.16666666666666666, 'momentum_adaptive': 0.18750000000000003, 'volatility_regime': 0.5208333333333334, 'correlation_sync': 0.125}
2026-01-04 18:17:54,593 | INFO | src.strategies.correlation_sync | Correlation entry approved for ICICIBANK: Correlation entry: MEDIUM correlation (0.400) | Regime: MEDIUM | Confidence: 0.61 (reactive: 0.00)
2026-01-04 18:17:54,746 | INFO | src.core.regime_weighting | Significant weight change - Session: POST_MARKET, Regime: VOLATILE_NEUTRAL
2026-01-04 18:17:54,746 | INFO | src.core.regime_weighting |   gap_trading: 0.17 (base: 0.25)
2026-01-04 18:17:54,747 | INFO | src.core.regime_weighting |   momentum_adaptive: 0.19 (base: 0.25)
2026-01-04 18:17:54,747 | INFO | src.core.regime_weighting |   volatility_regime: 0.52 (base: 0.25)
2026-01-04 18:17:54,747 | INFO | src.core.regime_weighting |   correlation_sync: 0.12 (base: 0.25)
2026-01-04 18:17:54,747 | INFO | src.strategies.adaptive_manager | Evaluating KOTAKBANK with strategies: ['gap_trading', 'momentum_adaptive', 'volatility_regime', 'correlation_sync'] | Weights: {'gap_trading': 0.16666666666666666, 'momentum_adaptive': 0.18750000000000003, 'volatility_regime': 0.5208333333333334, 'correlation_sync': 0.125}
2026-01-04 18:17:54,748 | INFO | src.core.warmup_manager | Strategy managers warmed up for 3 symbols
2026-01-04 18:17:54,748 | INFO | src.core.warmup_manager |   ✅ Completed: warmup_strategies (1.36s, 3 data points)
2026-01-04 18:17:54,748 | INFO | src.core.warmup_manager |   🔄 Executing: validate_warmup
2026-01-04 18:17:54,749 | WARNING | src.core.warmup_manager | Low data quality for HDFCBANK.SMA_50: 0 points
2026-01-04 18:17:54,749 | WARNING | src.core.warmup_manager | Low data quality for ICICIBANK.SMA_50: 0 points
2026-01-04 18:17:54,750 | WARNING | src.core.warmup_manager | Low data quality for KOTAKBANK.SMA_50: 0 points
2026-01-04 18:17:54,750 | WARNING | src.core.warmup_manager | Low data quality for AXISBANK.SMA_50: 0 points
2026-01-04 18:17:54,751 | WARNING | src.core.warmup_manager | Low data quality for SBIN.SMA_50: 0 points
2026-01-04 18:17:54,752 | WARNING | src.core.warmup_manager | Low data quality for TCS.SMA_50: 0 points
2026-01-04 18:17:54,752 | WARNING | src.core.warmup_manager | Low data quality for INFY.SMA_50: 0 points
2026-01-04 18:17:54,753 | WARNING | src.core.warmup_manager | Low data quality for HCLTECH.SMA_50: 0 points
2026-01-04 18:17:54,753 | WARNING | src.core.warmup_manager | Low data quality for WIPRO.SMA_50: 0 points
2026-01-04 18:17:54,754 | WARNING | src.core.warmup_manager | Low data quality for TECHM.SMA_50: 0 points
2026-01-04 18:17:54,755 | INFO | src.core.warmup_manager | Warmup validation passed: 4/4 checks
2026-01-04 18:17:54,755 | INFO | src.core.warmup_manager |   ✅ Completed: validate_warmup (0.01s, 4 data points)
2026-01-04 18:17:54,755 | INFO | src.core.warmup_manager | ✅ Warmup COMPLETED in 4.54 seconds
2026-01-04 18:17:54,756 | INFO | src.core.warmup_manager | ============================================================
2026-01-04 18:17:54,756 | INFO | src.core.warmup_manager | WARMUP SUMMARY
2026-01-04 18:17:54,756 | INFO | src.core.warmup_manager | ============================================================
2026-01-04 18:17:54,756 | INFO | src.core.warmup_manager | Status: SUCCESS
2026-01-04 18:17:54,756 | INFO | src.core.warmup_manager | Duration: 4.54 seconds
2026-01-04 18:17:54,756 | INFO | src.core.warmup_manager | Symbols warmed: 10/10
2026-01-04 18:17:54,757 | INFO | src.core.warmup_manager | Tasks completed: 6/6
2026-01-04 18:17:54,757 | INFO | src.core.warmup_manager | Indicator Status:
2026-01-04 18:17:54,757 | INFO | src.core.warmup_manager |   ✅ SMA_20
2026-01-04 18:17:54,757 | INFO | src.core.warmup_manager |   ✅ SMA_50
2026-01-04 18:17:54,758 | INFO | src.core.warmup_manager |   ✅ EMA_12
2026-01-04 18:17:54,758 | INFO | src.core.warmup_manager |   ✅ EMA_26
2026-01-04 18:17:54,758 | INFO | src.core.warmup_manager |   ✅ RSI_14
2026-01-04 18:17:54,758 | INFO | src.core.warmup_manager |   ✅ MACD
2026-01-04 18:17:54,758 | INFO | src.core.warmup_manager |   ✅ ATR_14
2026-01-04 18:17:54,759 | INFO | src.core.warmup_manager | ============================================================
2026-01-04 18:17:54,759 | INFO | src.utils.sector_manager | Sector manager initialized
2026-01-04 18:17:54,759 | INFO | src.core.risk_manager | Risk Manager initialized with comprehensive risk controls
2026-01-04 18:17:54,760 | INFO | src.core.risk_governor | Added risk rule: EmergencyStop (priority: 5)
2026-01-04 18:17:54,760 | INFO | src.core.risk_governor | Added risk rule: MarketHours (priority: 10)
2026-01-04 18:17:54,760 | INFO | src.core.risk_governor | Added risk rule: DailyLossLimit (priority: 15)
2026-01-04 18:17:54,760 | INFO | src.core.risk_governor | Added risk rule: VolatilityAdjustment (priority: 25)
2026-01-04 18:17:54,760 | INFO | src.core.risk_governor | Risk Governor initialized with 4 risk rules
2026-01-04 18:17:54,761 | INFO | src.core.warmup_manager | WarmupManager initialized for 100 symbols with 60 days lookback
2026-01-04 18:17:54,761 | INFO | src.core.confidence_manager | Reactive confidence manager initialized
2026-01-04 18:17:54,761 | INFO | src.core.realtime_monitor | Real-time market monitor initialized with 60s update interval
2026-01-04 18:17:54,761 | INFO | src.core.data_risk_mitigator | Data source risk mitigator initialized
2026-01-04 18:17:54,761 | INFO | src.strategies.market_detector | Registered real-time callbacks for market events
2026-01-04 18:17:54,761 | INFO | src.core.realtime_monitor | Started monitoring 0 symbols
2026-01-04 18:17:54,762 | INFO | src.strategies.market_detector | Enhanced real-time market detector initialized
2026-01-04 18:17:54,762 | INFO | src.core.regime_weighting | Regime-aware strategy weighting system initialized
2026-01-04 18:17:54,762 | INFO | src.strategies.gap_trading | Gap trading strategy initialized
2026-01-04 18:17:54,762 | INFO | src.strategies.momentum_adaptive | Momentum adaptive strategy initialized
2026-01-04 18:17:54,762 | INFO | src.strategies.volatility_regime | Volatility regime strategy initialized
2026-01-04 18:17:54,762 | INFO | src.core.confidence_manager | Reactive confidence manager initialized
2026-01-04 18:17:54,763 | INFO | src.strategies.correlation_sync | Correlation sync strategy initialized with reactive confidence management
2026-01-04 18:17:54,763 | INFO | src.strategies.adaptive_manager | Adaptive strategy manager initialized with regime-aware weighting in AUTO mode
2026-01-04 18:17:54,763 | INFO | src.core.engine | Adaptive strategies initialized successfully
2026-01-04 18:17:54,763 | INFO | src.core.engine | Trading engine initialized with timing intelligence disabled
2026-01-04 18:17:54,763 | INFO | src.core.engine | Trading engine initialized with enhanced risk management
2026-01-04 18:17:54,763 | INFO | src.execution.adapter | Initialized PAPER execution adapter
2026-01-04 18:17:54,764 | INFO | src.broker.zerodha | ZerodhaBroker initialized in PAPER mode
2026-01-04 18:17:54,764 | INFO | src.broker.zerodha | Paper trading: No real connection required
2026-01-04 18:17:54,764 | INFO | src.execution.paper | Paper trading initialized
2026-01-04 18:17:54,764 | INFO | src.execution.paper | Paper trading mode initialized
2026-01-04 18:17:54,766 | INFO | src.core.system_arming | Added kill switch: emergency_file (Critical)
2026-01-04 18:17:54,766 | INFO | src.core.system_arming | Added kill switch: daily_loss_limit (Critical)
2026-01-04 18:17:54,767 | INFO | src.core.system_arming | Added kill switch: capital_availability (Critical)
2026-01-04 18:17:54,767 | INFO | src.core.system_arming | Added kill switch: market_hours (Non-critical)
2026-01-04 18:17:54,767 | INFO | src.core.system_arming | Added kill switch: system_health (Critical)
2026-01-04 18:17:54,767 | INFO | src.core.system_arming | Added kill switch: config_integrity (Critical)
2026-01-04 18:17:54,768 | INFO | src.core.system_arming | Added kill switch: state_integrity (Critical)
2026-01-04 18:17:54,768 | INFO | src.core.system_arming | System Arming initialized with 7 kill switches
2026-01-04 18:17:54,768 | INFO | src.core.system_arming | Starting system arming sequence...
2026-01-04 18:17:54,770 | INFO | src.core.system_arming | 🔒 SYSTEM ARMED at 18:17:54
2026-01-04 18:17:54,770 | WARNING | src.core.engine | No regime manager available
2026-01-04 18:17:54,770 | INFO | src.screener.excel_screener | ============================================================
2026-01-04 18:17:54,771 | INFO | src.screener.excel_screener | STARTING EXCEL-DRIVEN SCREENER
2026-01-04 18:17:54,771 | INFO | src.screener.excel_screener | ============================================================
2026-01-04 18:17:56,000 | INFO | src.screener.excel_screener | Loaded 14 screener rules
2026-01-04 18:17:56,548 | INFO | src.screener.excel_screener | 
 ACTIVE FILTER RULES:
2026-01-04 18:17:57,791 | INFO | src.screener.excel_screener | Loaded 100 enabled stocks from universe
2026-01-04 18:17:59,560 | INFO | src.screener.excel_screener | Loaded sector mapping for 100 symbols
2026-01-04 18:18:00,242 | INFO | src.screener.excel_screener | Market Trend: BULLISH
2026-01-04 18:18:00,278 | INFO | src.screener.excel_screener | Successfully fetched data for 100/100 symbols
2026-01-04 18:18:00,278 | INFO | src.screener.excel_screener | Bulk data received: 100 symbols with data
2026-01-04 18:18:00,448 | INFO | src.screener.excel_screener | Starting screening of 100 symbols. Bulk data has 100 entries
2026-01-04 18:18:00,826 | INFO | src.screener.excel_screener | 
📊 REJECTION STATISTICS:
2026-01-04 18:18:00,827 | INFO | src.screener.excel_screener |    Total Processed: 100
2026-01-04 18:18:00,827 | INFO | src.screener.excel_screener |    Passed: 26
2026-01-04 18:18:00,827 | INFO | src.screener.excel_screener |    Rejected: 74
2026-01-04 18:18:00,828 | INFO | src.screener.excel_screener | 
   Top Rejection Reasons:
2026-01-04 18:18:00,828 | INFO | src.screener.excel_screener | Metrics calculated: 100, Passed: 26, Rejected: 74, Insufficient bars: 0, Missing data: 0
2026-01-04 18:18:00,829 | INFO | src.screener.excel_screener | Max trades (adjusted for BULLISH): 8
2026-01-04 18:18:00,830 | INFO | src.screener.excel_screener | 
============================================================
2026-01-04 18:18:00,830 | INFO | src.screener.excel_screener | TOP PICKS:
2026-01-04 18:18:00,830 | INFO | src.screener.excel_screener | ============================================================
2026-01-04 18:18:00,831 | INFO | src.screener.excel_screener | INDUSTOWER | Score:  47.37 | Price: Rs. 442.05 | BULLISH_TREND,HIGH_VOLUME,STRONG_TREND
2026-01-04 18:18:00,831 | INFO | src.screener.excel_screener | HINDALCO   | Score:  42.61 | Price: Rs. 925.70 | BULLISH_TREND,HIGH_VOLUME,STRONG_TREND
2026-01-04 18:18:00,831 | INFO | src.screener.excel_screener | COALINDIA  | Score:  39.61 | Price: Rs. 427.90 | BULLISH_TREND,HIGH_VOLUME,STRONG_TREND
2026-01-04 18:18:00,832 | INFO | src.screener.excel_screener | BLUEDART   | Score:  34.99 | Price: Rs.5593.50 | NEAR_EMA20,HIGH_VOLUME
2026-01-04 18:18:00,832 | INFO | src.screener.excel_screener | UPL        | Score:  34.61 | Price: Rs. 804.65 | BULLISH_TREND
2026-01-04 18:18:02,338 | INFO | src.screener.excel_screener | Written 8 results to Excel: SCREENER_OUTPUT
2026-01-04 18:18:02,890 | INFO | src.screener.excel_screener | ============================================================
2026-01-04 18:18:02,890 | INFO | src.screener.excel_screener | SCREENER COMPLETE
2026-01-04 18:18:02,890 | INFO | src.screener.excel_screener | ============================================================
2026-01-04 18:18:02,894 | WARNING | src.core.engine | DUPLICATE PREVENTED: HINDALCO has pending order | order_id: ORD_HINDALCO_1767524165345 | qty: 1
2026-01-04 18:18:02,895 | WARNING | src.core.engine | DUPLICATE PREVENTED: COALINDIA has pending order | order_id: ORD_COALINDIA_1767524165728 | qty: 5
2026-01-04 18:18:02,896 | WARNING | src.core.engine | DUPLICATE PREVENTED: INDUSTOWER has pending order | order_id: ORD_INDUSTOWER_1767524166132 | qty: 2
2026-01-04 18:18:02,897 | WARNING | src.core.engine | DUPLICATE PREVENTED: UPL has pending order | order_id: ORD_UPL_1767530773968 | qty: 2
2026-01-04 18:18:03,356 | INFO | src.strategies.market_detector | Market State (Real-time): BULLISH (0.38), Gap: NO_GAP (0.03%)
2026-01-04 18:18:03,557 | INFO | src.core.regime_weighting | Market regime change: None → MarketRegime.VOLATILE_NEUTRAL
2026-01-04 18:18:03,558 | WARNING | src.core.regime_weighting | Regime change to MarketRegime.VOLATILE_NEUTRAL - invalidating confidence
2026-01-04 18:18:03,558 | INFO | src.core.regime_weighting | Significant weight change - Session: POST_MARKET, Regime: VOLATILE_NEUTRAL
2026-01-04 18:18:03,558 | INFO | src.core.regime_weighting |   gap_trading: 0.17 (base: 0.25)
2026-01-04 18:18:03,558 | INFO | src.core.regime_weighting |   momentum_adaptive: 0.19 (base: 0.25)
2026-01-04 18:18:03,559 | INFO | src.core.regime_weighting |   volatility_regime: 0.52 (base: 0.25)
2026-01-04 18:18:03,559 | INFO | src.core.regime_weighting |   correlation_sync: 0.12 (base: 0.25)
2026-01-04 18:18:03,559 | INFO | src.strategies.adaptive_manager | Evaluating SRF with strategies: ['gap_trading', 'momentum_adaptive', 'volatility_regime', 'correlation_sync'] | Weights: {'gap_trading': 0.16666666666666666, 'momentum_adaptive': 0.18750000000000003, 'volatility_regime': 0.5208333333333334, 'correlation_sync': 0.125}
2026-01-04 18:18:04,018 | INFO | src.core.engine | SRF: Adaptive strategy approved - momentum_adaptive | SL: 0.80x, Target: 2.50x, Size: 1.00x
2026-01-04 18:18:04,018 | INFO | src.core.engine | SRF: Reserving capital for proposed order - Value: Rs.3,059.50
2026-01-04 18:18:04,019 | INFO | src.core.engine | SRF: Reserved capital for proposed order - Value: Rs.3,059.50
2026-01-04 18:18:04,019 | INFO | src.core.risk_governor | Risk Governor evaluating trade: SRF x 1
2026-01-04 18:18:04,019 | INFO | src.core.risk_manager | Risk assessment for SRF: APPROVED (Score: 50.0, Level: MEDIUM)
2026-01-04 18:18:04,020 | INFO | src.core.risk_governor | Risk Governor final decision: APPROVE for SRF
2026-01-04 18:18:04,020 | INFO | src.core.engine | SRF: Risk Governor APPROVED
2026-01-04 18:18:04,024 | INFO | src.core.engine | SRF: Order created | BUY 1 @ Rs.3059.50 | SL: Rs.3016.00, Target: Rs.3195.50
2026-01-04 18:18:04,198 | INFO | src.broker.zerodha | PAPER OrderSide.BUY   1 SRF      @ ₹3059.60 | Order: PAPER-SRF-OrderSide.BUY-1767530884198
2026-01-04 18:18:04,199 | INFO | src.execution.paper | SRF: Paper order placed | OrderSide.BUY 1 @ ₹3059.60 | Order: PAPER-SRF-OrderSide.BUY-1767530884198
2026-01-04 18:18:04,199 | INFO | src.execution.adapter | SRF: Signal processed and order placed
2026-01-04 18:18:04,360 | INFO | src.core.regime_weighting | Significant weight change - Session: POST_MARKET, Regime: VOLATILE_NEUTRAL
2026-01-04 18:18:04,360 | INFO | src.core.regime_weighting |   gap_trading: 0.17 (base: 0.25)
2026-01-04 18:18:04,361 | INFO | src.core.regime_weighting |   momentum_adaptive: 0.19 (base: 0.25)
2026-01-04 18:18:04,361 | INFO | src.core.regime_weighting |   volatility_regime: 0.52 (base: 0.25)
2026-01-04 18:18:04,361 | INFO | src.core.regime_weighting |   correlation_sync: 0.12 (base: 0.25)
2026-01-04 18:18:04,361 | INFO | src.strategies.adaptive_manager | Evaluating CUMMINSIND with strategies: ['gap_trading', 'momentum_adaptive', 'volatility_regime', 'correlation_sync'] | Weights: {'gap_trading': 0.16666666666666666, 'momentum_adaptive': 0.18750000000000003, 'volatility_regime': 0.5208333333333334, 'correlation_sync': 0.125}
2026-01-04 18:18:04,362 | INFO | src.core.engine | CUMMINSIND: Adaptive strategy approved - momentum_adaptive | SL: 0.80x, Target: 2.50x, Size: 1.00x
2026-01-04 18:18:04,362 | INFO | src.core.engine | CUMMINSIND: Reserving capital for proposed order - Value: Rs.4,482.10
2026-01-04 18:18:04,362 | ERROR | src.core.engine | Error processing signal for CUMMINSIND: Insufficient capital. Need Rs.4482.10, have Rs.1190.50 releasing capital reservation Rs.4,482.10
2026-01-04 18:18:04,363 | WARNING | src.core.engine | DUPLICATE PREVENTED: SAREGAMA has pending order | order_id: ORD_SAREGAMA_1767524167333 | qty: 2
2026-01-04 18:18:04,529 | INFO | src.core.regime_weighting | Market regime change: MarketRegime.VOLATILE_NEUTRAL → MarketRegime.CORRELATION_BREAKDOWN
2026-01-04 18:18:04,530 | WARNING | src.core.regime_weighting | Regime change to MarketRegime.CORRELATION_BREAKDOWN - invalidating confidence
2026-01-04 18:18:04,531 | INFO | src.strategies.adaptive_manager | Evaluating BLUEDART with strategies: ['gap_trading', 'momentum_adaptive', 'volatility_regime', 'correlation_sync'] | Weights: {'gap_trading': 0.2941176470588235, 'momentum_adaptive': 0.2941176470588235, 'volatility_regime': 0.35294117647058826, 'correlation_sync': 0.058823529411764705}
2026-01-04 18:18:04,531 | INFO | src.core.engine | BLUEDART: Adaptive strategy approved - momentum_adaptive | SL: 0.80x, Target: 2.50x, Size: 1.00x
2026-01-04 18:18:04,531 | INFO | src.core.engine | BLUEDART: Reserving capital for proposed order - Value: Rs.5,593.50
2026-01-04 18:18:04,531 | ERROR | src.core.engine | Error processing signal for BLUEDART: Insufficient capital. Need Rs.5593.50, have Rs.4250.00 releasing capital reservation Rs.5,593.50
2026-01-04 18:27:06,932 | INFO | config.enhanced_config_manager | Timing config loaded: enabled=False
2026-01-04 18:27:06,933 | INFO | src.core.state_manager | Clearing all state for fresh start
2026-01-04 18:27:06,935 | INFO | src.core.state_manager | State cleared successfully
2026-01-04 18:27:06,935 | INFO | src.core.risk_manager | Risk Manager initialized with comprehensive risk controls
2026-01-04 18:27:06,935 | INFO | src.screener.excel_screener | Excel screener initialized: MiniRobo.xlsx
2026-01-04 18:27:08,773 | INFO | src.screener.excel_screener | Loaded 100 enabled stocks from universe
2026-01-04 18:27:09,362 | INFO | src.core.warmup_manager | WarmupManager initialized for 10 symbols with 60 days lookback
2026-01-04 18:27:09,362 | INFO | src.core.warmup_manager | 🔥 Starting system warmup sequence...
2026-01-04 18:27:09,362 | INFO | src.core.warmup_manager |   🔄 Executing: load_market_data
2026-01-04 18:27:10,999 | INFO | src.core.warmup_manager | Market data loaded: 10/10 symbols, 430 total data points
2026-01-04 18:27:10,999 | INFO | src.core.warmup_manager |   ✅ Completed: load_market_data (1.64s, 430 data points)
2026-01-04 18:27:11,000 | INFO | src.core.warmup_manager |   🔄 Executing: calculate_indicators
2026-01-04 18:27:11,022 | INFO | src.core.warmup_manager | Technical indicators calculated: 130 total indicators
2026-01-04 18:27:11,023 | INFO | src.core.warmup_manager |   ✅ Completed: calculate_indicators (0.02s, 130 data points)
2026-01-04 18:27:11,023 | INFO | src.core.warmup_manager |   🔄 Executing: warmup_timing
2026-01-04 18:27:12,020 | INFO | src.core.confidence_manager | Reactive confidence manager initialized
2026-01-04 18:27:12,020 | INFO | src.core.realtime_monitor | Real-time market monitor initialized with 60s update interval
2026-01-04 18:27:12,020 | INFO | src.core.data_risk_mitigator | Data source risk mitigator initialized
2026-01-04 18:27:12,021 | INFO | src.strategies.market_detector | Registered real-time callbacks for market events
2026-01-04 18:27:12,021 | INFO | src.core.realtime_monitor | Started monitoring 0 symbols
2026-01-04 18:27:12,021 | INFO | src.strategies.market_detector | Enhanced real-time market detector initialized
2026-01-04 18:27:12,021 | INFO | src.timing.market_regime | Unified MarketRegimeManager initialized
2026-01-04 18:27:12,596 | INFO | src.strategies.market_detector | Market State (Real-time): BULLISH (0.38), Gap: NO_GAP (0.03%)
2026-01-04 18:27:12,596 | INFO | src.timing.market_regime | [MARKET REGIME] VOLATILE | confidence=0.38 | volatility=HIGH
2026-01-04 18:27:12,597 | INFO | src.core.warmup_manager | Timing components warmed up - Current regime: (<MarketRegime.HIGH_VOLATILITY: 'VOLATILE'>, 0.384028654853814)
2026-01-04 18:27:12,597 | INFO | src.core.warmup_manager |   ✅ Completed: warmup_timing (1.57s, 1 data points)
2026-01-04 18:27:12,597 | INFO | src.core.warmup_manager |   🔄 Executing: warmup_regime
2026-01-04 18:27:12,601 | INFO | src.core.warmup_manager | Market regime detection warmed up for 5 symbols
2026-01-04 18:27:12,601 | INFO | src.core.warmup_manager |   ✅ Completed: warmup_regime (0.00s, 5 data points)
2026-01-04 18:27:12,601 | INFO | src.core.warmup_manager |   🔄 Executing: warmup_strategies
2026-01-04 18:27:12,602 | INFO | src.core.confidence_manager | Reactive confidence manager initialized
2026-01-04 18:27:12,602 | INFO | src.core.realtime_monitor | Real-time market monitor initialized with 60s update interval
2026-01-04 18:27:12,602 | INFO | src.core.data_risk_mitigator | Data source risk mitigator initialized
2026-01-04 18:27:12,602 | INFO | src.strategies.market_detector | Registered real-time callbacks for market events
2026-01-04 18:27:12,602 | INFO | src.core.realtime_monitor | Started monitoring 0 symbols
2026-01-04 18:27:12,602 | INFO | src.strategies.market_detector | Enhanced real-time market detector initialized
2026-01-04 18:27:12,603 | INFO | src.core.regime_weighting | Regime-aware strategy weighting system initialized
2026-01-04 18:27:12,603 | INFO | src.strategies.gap_trading | Gap trading strategy initialized
2026-01-04 18:27:12,603 | INFO | src.strategies.momentum_adaptive | Momentum adaptive strategy initialized
2026-01-04 18:27:12,603 | INFO | src.strategies.volatility_regime | Volatility regime strategy initialized
2026-01-04 18:27:12,603 | INFO | src.core.confidence_manager | Reactive confidence manager initialized
2026-01-04 18:27:12,604 | INFO | src.strategies.correlation_sync | Correlation sync strategy initialized with reactive confidence management
2026-01-04 18:27:12,604 | INFO | src.strategies.adaptive_manager | Adaptive strategy manager initialized with regime-aware weighting in AUTO mode
2026-01-04 18:27:13,149 | INFO | src.strategies.market_detector | Market State (Real-time): BULLISH (0.38), Gap: NO_GAP (0.03%)
2026-01-04 18:27:13,309 | INFO | src.core.regime_weighting | Market regime change: None → MarketRegime.VOLATILE_NEUTRAL
2026-01-04 18:27:13,309 | WARNING | src.core.regime_weighting | Regime change to MarketRegime.VOLATILE_NEUTRAL - invalidating confidence
2026-01-04 18:27:13,310 | INFO | src.core.regime_weighting | Significant weight change - Session: POST_MARKET, Regime: VOLATILE_NEUTRAL
2026-01-04 18:27:13,310 | INFO | src.core.regime_weighting |   gap_trading: 0.17 (base: 0.25)
2026-01-04 18:27:13,310 | INFO | src.core.regime_weighting |   momentum_adaptive: 0.19 (base: 0.25)
2026-01-04 18:27:13,310 | INFO | src.core.regime_weighting |   volatility_regime: 0.52 (base: 0.25)
2026-01-04 18:27:13,310 | INFO | src.core.regime_weighting |   correlation_sync: 0.12 (base: 0.25)
2026-01-04 18:27:13,310 | INFO | src.strategies.adaptive_manager | Evaluating HDFCBANK with strategies: ['gap_trading', 'momentum_adaptive', 'volatility_regime', 'correlation_sync'] | Weights: {'gap_trading': 0.16666666666666666, 'momentum_adaptive': 0.18750000000000003, 'volatility_regime': 0.5208333333333334, 'correlation_sync': 0.125}
2026-01-04 18:27:13,722 | INFO | src.strategies.correlation_sync | Correlation entry approved for HDFCBANK: Correlation entry: MEDIUM correlation (0.565) | Regime: MEDIUM | Confidence: 0.79 (reactive: 0.00)
2026-01-04 18:27:13,883 | INFO | src.core.regime_weighting | Significant weight change - Session: POST_MARKET, Regime: VOLATILE_NEUTRAL
2026-01-04 18:27:13,884 | INFO | src.core.regime_weighting |   gap_trading: 0.17 (base: 0.25)
2026-01-04 18:27:13,884 | INFO | src.core.regime_weighting |   momentum_adaptive: 0.19 (base: 0.25)
2026-01-04 18:27:13,884 | INFO | src.core.regime_weighting |   volatility_regime: 0.52 (base: 0.25)
2026-01-04 18:27:13,884 | INFO | src.core.regime_weighting |   correlation_sync: 0.12 (base: 0.25)
2026-01-04 18:27:13,885 | INFO | src.strategies.adaptive_manager | Evaluating ICICIBANK with strategies: ['gap_trading', 'momentum_adaptive', 'volatility_regime', 'correlation_sync'] | Weights: {'gap_trading': 0.16666666666666666, 'momentum_adaptive': 0.18750000000000003, 'volatility_regime': 0.5208333333333334, 'correlation_sync': 0.125}
2026-01-04 18:27:13,885 | INFO | src.strategies.correlation_sync | Correlation entry approved for ICICIBANK: Correlation entry: MEDIUM correlation (0.400) | Regime: MEDIUM | Confidence: 0.61 (reactive: 0.00)
2026-01-04 18:27:14,041 | INFO | src.core.regime_weighting | Significant weight change - Session: POST_MARKET, Regime: VOLATILE_NEUTRAL
2026-01-04 18:27:14,041 | INFO | src.core.regime_weighting |   gap_trading: 0.17 (base: 0.25)
2026-01-04 18:27:14,041 | INFO | src.core.regime_weighting |   momentum_adaptive: 0.19 (base: 0.25)
2026-01-04 18:27:14,042 | INFO | src.core.regime_weighting |   volatility_regime: 0.52 (base: 0.25)
2026-01-04 18:27:14,042 | INFO | src.core.regime_weighting |   correlation_sync: 0.12 (base: 0.25)
2026-01-04 18:27:14,042 | INFO | src.strategies.adaptive_manager | Evaluating KOTAKBANK with strategies: ['gap_trading', 'momentum_adaptive', 'volatility_regime', 'correlation_sync'] | Weights: {'gap_trading': 0.16666666666666666, 'momentum_adaptive': 0.18750000000000003, 'volatility_regime': 0.5208333333333334, 'correlation_sync': 0.125}
2026-01-04 18:27:14,042 | INFO | src.core.warmup_manager | Strategy managers warmed up for 3 symbols
2026-01-04 18:27:14,042 | INFO | src.core.warmup_manager |   ✅ Completed: warmup_strategies (1.44s, 3 data points)
2026-01-04 18:27:14,042 | INFO | src.core.warmup_manager |   🔄 Executing: validate_warmup
2026-01-04 18:27:14,043 | WARNING | src.core.warmup_manager | Low data quality for HDFCBANK.SMA_50: 0 points
2026-01-04 18:27:14,043 | WARNING | src.core.warmup_manager | Low data quality for ICICIBANK.SMA_50: 0 points
2026-01-04 18:27:14,044 | WARNING | src.core.warmup_manager | Low data quality for KOTAKBANK.SMA_50: 0 points
2026-01-04 18:27:14,044 | WARNING | src.core.warmup_manager | Low data quality for AXISBANK.SMA_50: 0 points
2026-01-04 18:27:14,045 | WARNING | src.core.warmup_manager | Low data quality for SBIN.SMA_50: 0 points
2026-01-04 18:27:14,045 | WARNING | src.core.warmup_manager | Low data quality for TCS.SMA_50: 0 points
2026-01-04 18:27:14,046 | WARNING | src.core.warmup_manager | Low data quality for INFY.SMA_50: 0 points
2026-01-04 18:27:14,047 | WARNING | src.core.warmup_manager | Low data quality for HCLTECH.SMA_50: 0 points
2026-01-04 18:27:14,047 | WARNING | src.core.warmup_manager | Low data quality for WIPRO.SMA_50: 0 points
2026-01-04 18:27:14,048 | WARNING | src.core.warmup_manager | Low data quality for TECHM.SMA_50: 0 points
2026-01-04 18:27:14,049 | INFO | src.core.warmup_manager | Warmup validation passed: 4/4 checks
2026-01-04 18:27:14,049 | INFO | src.core.warmup_manager |   ✅ Completed: validate_warmup (0.01s, 4 data points)
2026-01-04 18:27:14,049 | INFO | src.core.warmup_manager | ✅ Warmup COMPLETED in 4.69 seconds
2026-01-04 18:27:14,049 | INFO | src.core.warmup_manager | ============================================================
2026-01-04 18:27:14,049 | INFO | src.core.warmup_manager | WARMUP SUMMARY
2026-01-04 18:27:14,049 | INFO | src.core.warmup_manager | ============================================================
2026-01-04 18:27:14,050 | INFO | src.core.warmup_manager | Status: SUCCESS
2026-01-04 18:27:14,050 | INFO | src.core.warmup_manager | Duration: 4.69 seconds
2026-01-04 18:27:14,050 | INFO | src.core.warmup_manager | Symbols warmed: 10/10
2026-01-04 18:27:14,050 | INFO | src.core.warmup_manager | Tasks completed: 6/6
2026-01-04 18:27:14,050 | INFO | src.core.warmup_manager | Indicator Status:
2026-01-04 18:27:14,051 | INFO | src.core.warmup_manager |   ✅ SMA_20
2026-01-04 18:27:14,051 | INFO | src.core.warmup_manager |   ✅ SMA_50
2026-01-04 18:27:14,051 | INFO | src.core.warmup_manager |   ✅ EMA_12
2026-01-04 18:27:14,051 | INFO | src.core.warmup_manager |   ✅ EMA_26
2026-01-04 18:27:14,051 | INFO | src.core.warmup_manager |   ✅ RSI_14
2026-01-04 18:27:14,051 | INFO | src.core.warmup_manager |   ✅ MACD
2026-01-04 18:27:14,051 | INFO | src.core.warmup_manager |   ✅ ATR_14
2026-01-04 18:27:14,052 | INFO | src.core.warmup_manager | ============================================================
2026-01-04 18:27:14,053 | INFO | src.utils.sector_manager | Sector manager initialized
2026-01-04 18:27:14,053 | INFO | src.core.risk_manager | Risk Manager initialized with comprehensive risk controls
2026-01-04 18:27:14,053 | INFO | src.core.risk_governor | Added risk rule: EmergencyStop (priority: 5)
2026-01-04 18:27:14,053 | INFO | src.core.risk_governor | Added risk rule: MarketHours (priority: 10)
2026-01-04 18:27:14,053 | INFO | src.core.risk_governor | Added risk rule: DailyLossLimit (priority: 15)
2026-01-04 18:27:14,054 | INFO | src.core.risk_governor | Added risk rule: VolatilityAdjustment (priority: 25)
2026-01-04 18:27:14,054 | INFO | src.core.risk_governor | Risk Governor initialized with 4 risk rules
2026-01-04 18:27:14,054 | INFO | src.core.warmup_manager | WarmupManager initialized for 100 symbols with 60 days lookback
2026-01-04 18:27:14,054 | INFO | src.core.confidence_manager | Reactive confidence manager initialized
2026-01-04 18:27:14,054 | INFO | src.core.realtime_monitor | Real-time market monitor initialized with 60s update interval
2026-01-04 18:27:14,055 | INFO | src.core.data_risk_mitigator | Data source risk mitigator initialized
2026-01-04 18:27:14,055 | INFO | src.strategies.market_detector | Registered real-time callbacks for market events
2026-01-04 18:27:14,055 | INFO | src.core.realtime_monitor | Started monitoring 0 symbols
2026-01-04 18:27:14,055 | INFO | src.strategies.market_detector | Enhanced real-time market detector initialized
2026-01-04 18:27:14,055 | INFO | src.core.regime_weighting | Regime-aware strategy weighting system initialized
2026-01-04 18:27:14,055 | INFO | src.strategies.gap_trading | Gap trading strategy initialized
2026-01-04 18:27:14,056 | INFO | src.strategies.momentum_adaptive | Momentum adaptive strategy initialized
2026-01-04 18:27:14,056 | INFO | src.strategies.volatility_regime | Volatility regime strategy initialized
2026-01-04 18:27:14,056 | INFO | src.core.confidence_manager | Reactive confidence manager initialized
2026-01-04 18:27:14,057 | INFO | src.strategies.correlation_sync | Correlation sync strategy initialized with reactive confidence management
2026-01-04 18:27:14,057 | INFO | src.strategies.adaptive_manager | Adaptive strategy manager initialized with regime-aware weighting in AUTO mode
2026-01-04 18:27:14,057 | INFO | src.core.engine | Adaptive strategies initialized successfully
2026-01-04 18:27:14,057 | INFO | src.core.engine | Trading engine initialized with timing intelligence disabled
2026-01-04 18:27:14,057 | INFO | src.core.engine | Trading engine initialized with enhanced risk management
2026-01-04 18:27:14,057 | INFO | src.execution.adapter | Initialized PAPER execution adapter
2026-01-04 18:27:14,057 | INFO | src.broker.zerodha | ZerodhaBroker initialized in PAPER mode
2026-01-04 18:27:14,058 | INFO | src.broker.zerodha | Paper trading: No real connection required
2026-01-04 18:27:14,058 | INFO | src.execution.paper | Paper trading initialized
2026-01-04 18:27:14,058 | INFO | src.execution.paper | Paper trading mode initialized
2026-01-04 18:27:14,060 | INFO | src.core.system_arming | Added kill switch: emergency_file (Critical)
2026-01-04 18:27:14,060 | INFO | src.core.system_arming | Added kill switch: daily_loss_limit (Critical)
2026-01-04 18:27:14,060 | INFO | src.core.system_arming | Added kill switch: capital_availability (Critical)
2026-01-04 18:27:14,060 | INFO | src.core.system_arming | Added kill switch: market_hours (Non-critical)
2026-01-04 18:27:14,060 | INFO | src.core.system_arming | Added kill switch: system_health (Critical)
2026-01-04 18:27:14,060 | INFO | src.core.system_arming | Added kill switch: config_integrity (Critical)
2026-01-04 18:27:14,061 | INFO | src.core.system_arming | Added kill switch: state_integrity (Critical)
2026-01-04 18:27:14,061 | INFO | src.core.system_arming | System Arming initialized with 7 kill switches
2026-01-04 18:27:14,061 | INFO | src.core.system_arming | Starting system arming sequence...
2026-01-04 18:27:14,068 | INFO | src.core.system_arming | 🔒 SYSTEM ARMED at 18:27:14
2026-01-04 18:27:14,071 | WARNING | src.core.engine | No regime manager available
2026-01-04 18:27:14,071 | INFO | src.screener.excel_screener | ============================================================
2026-01-04 18:27:14,071 | INFO | src.screener.excel_screener | STARTING EXCEL-DRIVEN SCREENER
2026-01-04 18:27:14,071 | INFO | src.screener.excel_screener | ============================================================
2026-01-04 18:27:15,701 | INFO | src.screener.excel_screener | Loaded 14 screener rules
2026-01-04 18:27:16,385 | INFO | src.screener.excel_screener | 
 ACTIVE FILTER RULES:
2026-01-04 18:27:19,230 | INFO | src.screener.excel_screener | Loaded 100 enabled stocks from universe
2026-01-04 18:27:21,839 | INFO | src.screener.excel_screener | Loaded sector mapping for 100 symbols
2026-01-04 18:27:22,661 | INFO | src.screener.excel_screener | Market Trend: BULLISH
2026-01-04 18:27:22,732 | INFO | src.screener.excel_screener | Successfully fetched data for 100/100 symbols
2026-01-04 18:27:22,732 | INFO | src.screener.excel_screener | Bulk data received: 100 symbols with data
2026-01-04 18:27:22,925 | INFO | src.screener.excel_screener | Starting screening of 100 symbols. Bulk data has 100 entries
2026-01-04 18:27:23,403 | INFO | src.screener.excel_screener | 
📊 REJECTION STATISTICS:
2026-01-04 18:27:23,404 | INFO | src.screener.excel_screener |    Total Processed: 100
2026-01-04 18:27:23,404 | INFO | src.screener.excel_screener |    Passed: 26
2026-01-04 18:27:23,404 | INFO | src.screener.excel_screener |    Rejected: 74
2026-01-04 18:27:23,405 | INFO | src.screener.excel_screener | 
   Top Rejection Reasons:
2026-01-04 18:27:23,405 | INFO | src.screener.excel_screener | Metrics calculated: 100, Passed: 26, Rejected: 74, Insufficient bars: 0, Missing data: 0
2026-01-04 18:27:23,408 | INFO | src.screener.excel_screener | Max trades (adjusted for BULLISH): 8
2026-01-04 18:27:23,408 | INFO | src.screener.excel_screener | 
============================================================
2026-01-04 18:27:23,408 | INFO | src.screener.excel_screener | TOP PICKS:
2026-01-04 18:27:23,409 | INFO | src.screener.excel_screener | ============================================================
2026-01-04 18:27:23,409 | INFO | src.screener.excel_screener | INDUSTOWER | Score:  47.37 | Price: Rs. 442.05 | BULLISH_TREND,HIGH_VOLUME,STRONG_TREND
2026-01-04 18:27:23,410 | INFO | src.screener.excel_screener | HINDALCO   | Score:  42.61 | Price: Rs. 925.70 | BULLISH_TREND,HIGH_VOLUME,STRONG_TREND
2026-01-04 18:27:23,410 | INFO | src.screener.excel_screener | COALINDIA  | Score:  39.61 | Price: Rs. 427.90 | BULLISH_TREND,HIGH_VOLUME,STRONG_TREND
2026-01-04 18:27:23,410 | INFO | src.screener.excel_screener | BLUEDART   | Score:  34.99 | Price: Rs.5593.50 | NEAR_EMA20,HIGH_VOLUME
2026-01-04 18:27:23,411 | INFO | src.screener.excel_screener | UPL        | Score:  34.61 | Price: Rs. 804.65 | BULLISH_TREND
2026-01-04 18:27:25,902 | INFO | src.screener.excel_screener | Written 8 results to Excel: SCREENER_OUTPUT
2026-01-04 18:27:26,701 | INFO | src.screener.excel_screener | ============================================================
2026-01-04 18:27:26,701 | INFO | src.screener.excel_screener | SCREENER COMPLETE
2026-01-04 18:27:26,701 | INFO | src.screener.excel_screener | ============================================================
2026-01-04 18:27:27,365 | INFO | src.strategies.market_detector | Market State (Real-time): BULLISH (0.38), Gap: NO_GAP (0.03%)
2026-01-04 18:27:27,629 | INFO | src.core.regime_weighting | Market regime change: None → MarketRegime.VOLATILE_NEUTRAL
2026-01-04 18:27:27,633 | WARNING | src.core.regime_weighting | Regime change to MarketRegime.VOLATILE_NEUTRAL - invalidating confidence
2026-01-04 18:27:27,634 | INFO | src.core.regime_weighting | Significant weight change - Session: POST_MARKET, Regime: VOLATILE_NEUTRAL
2026-01-04 18:27:27,635 | INFO | src.core.regime_weighting |   gap_trading: 0.17 (base: 0.25)
2026-01-04 18:27:27,638 | INFO | src.core.regime_weighting |   momentum_adaptive: 0.19 (base: 0.25)
2026-01-04 18:27:27,639 | INFO | src.core.regime_weighting |   volatility_regime: 0.52 (base: 0.25)
2026-01-04 18:27:27,640 | INFO | src.core.regime_weighting |   correlation_sync: 0.12 (base: 0.25)
2026-01-04 18:27:27,641 | INFO | src.strategies.adaptive_manager | Evaluating HINDALCO with strategies: ['gap_trading', 'momentum_adaptive', 'volatility_regime', 'correlation_sync'] | Weights: {'gap_trading': 0.16666666666666666, 'momentum_adaptive': 0.18750000000000003, 'volatility_regime': 0.5208333333333334, 'correlation_sync': 0.125}
2026-01-04 18:27:28,101 | INFO | src.core.engine | HINDALCO: Adaptive strategy approved - volatility_regime | SL: 0.80x, Target: 2.50x, Size: 1.29x
2026-01-04 18:27:28,102 | INFO | src.core.engine | HINDALCO: Reserving capital for proposed order - Value: Rs.925.70
2026-01-04 18:27:28,102 | INFO | src.core.engine | HINDALCO: Reserved capital for proposed order - Value: Rs.925.70
2026-01-04 18:27:28,103 | INFO | src.core.risk_governor | Risk Governor evaluating trade: HINDALCO x 1
2026-01-04 18:27:28,103 | INFO | src.core.risk_manager | Risk assessment for HINDALCO: APPROVED (Score: 10.0, Level: LOW)
2026-01-04 18:27:28,104 | INFO | src.core.risk_governor | Risk Governor final decision: APPROVE for HINDALCO
2026-01-04 18:27:28,104 | INFO | src.core.engine | HINDALCO: Risk Governor APPROVED
2026-01-04 18:27:28,110 | INFO | src.core.engine | HINDALCO: Order created | BUY 1 @ Rs.925.70 | SL: Rs.911.90, Target: Rs.968.80
2026-01-04 18:27:28,294 | INFO | src.broker.zerodha | PAPER OrderSide.BUY   1 HINDALCO @ ₹925.70 | Order: PAPER-HINDALCO-OrderSide.BUY-1767531448294
2026-01-04 18:27:28,295 | INFO | src.execution.paper | HINDALCO: Paper order placed | OrderSide.BUY 1 @ ₹925.70 | Order: PAPER-HINDALCO-OrderSide.BUY-1767531448294
2026-01-04 18:27:28,295 | INFO | src.execution.adapter | HINDALCO: Signal processed and order placed
2026-01-04 18:27:28,507 | INFO | src.core.regime_weighting | Significant weight change - Session: POST_MARKET, Regime: VOLATILE_NEUTRAL
2026-01-04 18:27:28,508 | INFO | src.core.regime_weighting |   gap_trading: 0.17 (base: 0.25)
2026-01-04 18:27:28,508 | INFO | src.core.regime_weighting |   momentum_adaptive: 0.19 (base: 0.25)
2026-01-04 18:27:28,508 | INFO | src.core.regime_weighting |   volatility_regime: 0.52 (base: 0.25)
2026-01-04 18:27:28,509 | INFO | src.core.regime_weighting |   correlation_sync: 0.12 (base: 0.25)
2026-01-04 18:27:28,509 | INFO | src.strategies.adaptive_manager | Evaluating COALINDIA with strategies: ['gap_trading', 'momentum_adaptive', 'volatility_regime', 'correlation_sync'] | Weights: {'gap_trading': 0.16666666666666666, 'momentum_adaptive': 0.18750000000000003, 'volatility_regime': 0.5208333333333334, 'correlation_sync': 0.125}
2026-01-04 18:27:28,509 | INFO | src.core.engine | COALINDIA: Adaptive strategy approved - volatility_regime | SL: 0.80x, Target: 2.50x, Size: 1.29x
2026-01-04 18:27:28,510 | INFO | src.core.engine | COALINDIA: Reserving capital for proposed order - Value: Rs.2,139.50
2026-01-04 18:27:28,510 | INFO | src.core.engine | COALINDIA: Reserved capital for proposed order - Value: Rs.2,139.50
2026-01-04 18:27:28,510 | INFO | src.core.risk_governor | Risk Governor evaluating trade: COALINDIA x 5
2026-01-04 18:27:28,511 | INFO | src.core.risk_manager | Risk assessment for COALINDIA: APPROVED (Score: 10.0, Level: LOW)
2026-01-04 18:27:28,511 | INFO | src.core.risk_governor | Risk Governor final decision: APPROVE for COALINDIA
2026-01-04 18:27:28,511 | INFO | src.core.engine | COALINDIA: Risk Governor APPROVED
2026-01-04 18:27:28,515 | INFO | src.core.engine | COALINDIA: Order created | BUY 5 @ Rs.427.90 | SL: Rs.422.05, Target: Rs.446.20
2026-01-04 18:27:28,706 | INFO | src.broker.zerodha | PAPER OrderSide.BUY   5 COALINDIA @ ₹429.25 | Order: PAPER-COALINDIA-OrderSide.BUY-1767531448706
2026-01-04 18:27:28,706 | INFO | src.execution.paper | COALINDIA: Paper order placed | OrderSide.BUY 5 @ ₹429.25 | Order: PAPER-COALINDIA-OrderSide.BUY-1767531448706
2026-01-04 18:27:28,707 | INFO | src.execution.adapter | COALINDIA: Signal processed and order placed
2026-01-04 18:27:28,873 | INFO | src.core.regime_weighting | Significant weight change - Session: POST_MARKET, Regime: VOLATILE_NEUTRAL
2026-01-04 18:27:28,873 | INFO | src.core.regime_weighting |   gap_trading: 0.17 (base: 0.25)
2026-01-04 18:27:28,873 | INFO | src.core.regime_weighting |   momentum_adaptive: 0.19 (base: 0.25)
2026-01-04 18:27:28,874 | INFO | src.core.regime_weighting |   volatility_regime: 0.52 (base: 0.25)
2026-01-04 18:27:28,874 | INFO | src.core.regime_weighting |   correlation_sync: 0.12 (base: 0.25)
2026-01-04 18:27:28,874 | INFO | src.strategies.adaptive_manager | Evaluating INDUSTOWER with strategies: ['gap_trading', 'momentum_adaptive', 'volatility_regime', 'correlation_sync'] | Weights: {'gap_trading': 0.16666666666666666, 'momentum_adaptive': 0.18750000000000003, 'volatility_regime': 0.5208333333333334, 'correlation_sync': 0.125}
2026-01-04 18:27:28,875 | INFO | src.core.engine | INDUSTOWER: Adaptive strategy approved - volatility_regime | SL: 0.80x, Target: 2.50x, Size: 1.29x
2026-01-04 18:27:28,876 | INFO | src.core.engine | INDUSTOWER: Reserving capital for proposed order - Value: Rs.884.10
2026-01-04 18:27:28,876 | INFO | src.core.engine | INDUSTOWER: Reserved capital for proposed order - Value: Rs.884.10
2026-01-04 18:27:28,876 | INFO | src.core.risk_governor | Risk Governor evaluating trade: INDUSTOWER x 2
2026-01-04 18:27:28,877 | INFO | src.core.risk_manager | Risk assessment for INDUSTOWER: APPROVED (Score: 10.0, Level: LOW)
2026-01-04 18:27:28,877 | INFO | src.core.risk_governor | Risk Governor final decision: APPROVE for INDUSTOWER
2026-01-04 18:27:28,878 | INFO | src.core.engine | INDUSTOWER: Risk Governor APPROVED
2026-01-04 18:27:28,882 | INFO | src.core.engine | INDUSTOWER: Order created | BUY 2 @ Rs.442.05 | SL: Rs.433.45, Target: Rs.468.95
2026-01-04 18:27:29,030 | INFO | src.broker.zerodha | PAPER OrderSide.BUY   2 INDUSTOWER @ ₹442.05 | Order: PAPER-INDUSTOWER-OrderSide.BUY-1767531449030
2026-01-04 18:27:29,031 | INFO | src.execution.paper | INDUSTOWER: Paper order placed | OrderSide.BUY 2 @ ₹442.05 | Order: PAPER-INDUSTOWER-OrderSide.BUY-1767531449030
2026-01-04 18:27:29,031 | INFO | src.execution.adapter | INDUSTOWER: Signal processed and order placed
2026-01-04 18:27:29,202 | INFO | src.core.regime_weighting | Significant weight change - Session: POST_MARKET, Regime: VOLATILE_NEUTRAL
2026-01-04 18:27:29,202 | INFO | src.core.regime_weighting |   gap_trading: 0.17 (base: 0.25)
2026-01-04 18:27:29,202 | INFO | src.core.regime_weighting |   momentum_adaptive: 0.19 (base: 0.25)
2026-01-04 18:27:29,203 | INFO | src.core.regime_weighting |   volatility_regime: 0.52 (base: 0.25)
2026-01-04 18:27:29,203 | INFO | src.core.regime_weighting |   correlation_sync: 0.12 (base: 0.25)
2026-01-04 18:27:29,203 | INFO | src.strategies.adaptive_manager | Evaluating UPL with strategies: ['gap_trading', 'momentum_adaptive', 'volatility_regime', 'correlation_sync'] | Weights: {'gap_trading': 0.16666666666666666, 'momentum_adaptive': 0.18750000000000003, 'volatility_regime': 0.5208333333333334, 'correlation_sync': 0.125}
2026-01-04 18:27:29,203 | INFO | src.core.engine | UPL: Adaptive strategy approved - momentum_adaptive | SL: 0.80x, Target: 2.50x, Size: 1.00x
2026-01-04 18:27:29,204 | INFO | src.core.engine | UPL: Reserving capital for proposed order - Value: Rs.1,609.30
2026-01-04 18:27:29,204 | ERROR | src.core.engine | Error processing signal for UPL: Insufficient capital. Need Rs.1609.30, have Rs.300.70 releasing capital reservation Rs.1,609.30
2026-01-04 18:27:29,404 | INFO | src.core.regime_weighting | Significant weight change - Session: POST_MARKET, Regime: VOLATILE_NEUTRAL
2026-01-04 18:27:29,405 | INFO | src.core.regime_weighting |   gap_trading: 0.17 (base: 0.25)
2026-01-04 18:27:29,405 | INFO | src.core.regime_weighting |   momentum_adaptive: 0.19 (base: 0.25)
2026-01-04 18:27:29,405 | INFO | src.core.regime_weighting |   volatility_regime: 0.52 (base: 0.25)
2026-01-04 18:27:29,405 | INFO | src.core.regime_weighting |   correlation_sync: 0.12 (base: 0.25)
2026-01-04 18:27:29,405 | INFO | src.strategies.adaptive_manager | Evaluating SRF with strategies: ['gap_trading', 'momentum_adaptive', 'volatility_regime', 'correlation_sync'] | Weights: {'gap_trading': 0.16666666666666666, 'momentum_adaptive': 0.18750000000000003, 'volatility_regime': 0.5208333333333334, 'correlation_sync': 0.125}
2026-01-04 18:27:29,406 | INFO | src.core.engine | SRF: Adaptive strategy approved - momentum_adaptive | SL: 0.80x, Target: 2.50x, Size: 1.00x
2026-01-04 18:27:29,406 | INFO | src.core.engine | SRF: Reserving capital for proposed order - Value: Rs.3,059.50
2026-01-04 18:27:29,406 | ERROR | src.core.engine | Error processing signal for SRF: Insufficient capital. Need Rs.3059.50, have Rs.1910.00 releasing capital reservation Rs.3,059.50
2026-01-04 18:27:29,616 | INFO | src.core.regime_weighting | Significant weight change - Session: POST_MARKET, Regime: VOLATILE_NEUTRAL
2026-01-04 18:27:29,616 | INFO | src.core.regime_weighting |   gap_trading: 0.17 (base: 0.25)
2026-01-04 18:27:29,616 | INFO | src.core.regime_weighting |   momentum_adaptive: 0.19 (base: 0.25)
2026-01-04 18:27:29,617 | INFO | src.core.regime_weighting |   volatility_regime: 0.52 (base: 0.25)
2026-01-04 18:27:29,617 | INFO | src.core.regime_weighting |   correlation_sync: 0.12 (base: 0.25)
2026-01-04 18:27:29,617 | INFO | src.strategies.adaptive_manager | Evaluating CUMMINSIND with strategies: ['gap_trading', 'momentum_adaptive', 'volatility_regime', 'correlation_sync'] | Weights: {'gap_trading': 0.16666666666666666, 'momentum_adaptive': 0.18750000000000003, 'volatility_regime': 0.5208333333333334, 'correlation_sync': 0.125}
2026-01-04 18:27:29,617 | INFO | src.core.engine | CUMMINSIND: Adaptive strategy approved - momentum_adaptive | SL: 0.80x, Target: 2.50x, Size: 1.00x
2026-01-04 18:27:29,617 | INFO | src.core.engine | CUMMINSIND: Reserving capital for proposed order - Value: Rs.4,482.10
2026-01-04 18:27:29,618 | ERROR | src.core.engine | Error processing signal for CUMMINSIND: Insufficient capital. Need Rs.4482.10, have Rs.4250.00 releasing capital reservation Rs.4,482.10
2026-01-04 18:27:29,823 | INFO | src.core.regime_weighting | Significant weight change - Session: POST_MARKET, Regime: VOLATILE_NEUTRAL
2026-01-04 18:27:29,823 | INFO | src.core.regime_weighting |   gap_trading: 0.17 (base: 0.25)
2026-01-04 18:27:29,823 | INFO | src.core.regime_weighting |   momentum_adaptive: 0.19 (base: 0.25)
2026-01-04 18:27:29,824 | INFO | src.core.regime_weighting |   volatility_regime: 0.52 (base: 0.25)
2026-01-04 18:27:29,824 | INFO | src.core.regime_weighting |   correlation_sync: 0.12 (base: 0.25)
2026-01-04 18:27:29,824 | INFO | src.strategies.adaptive_manager | Evaluating SAREGAMA with strategies: ['gap_trading', 'momentum_adaptive', 'volatility_regime', 'correlation_sync'] | Weights: {'gap_trading': 0.16666666666666666, 'momentum_adaptive': 0.18750000000000003, 'volatility_regime': 0.5208333333333334, 'correlation_sync': 0.125}
2026-01-04 18:27:29,824 | INFO | src.core.engine | SAREGAMA: Adaptive strategy approved - momentum_adaptive | SL: 0.80x, Target: 2.50x, Size: 1.00x
2026-01-04 18:27:29,825 | INFO | src.core.engine | SAREGAMA: Reserving capital for proposed order - Value: Rs.715.90
2026-01-04 18:27:29,825 | INFO | src.core.engine | SAREGAMA: Reserved capital for proposed order - Value: Rs.715.90
2026-01-04 18:27:29,825 | INFO | src.core.risk_governor | Risk Governor evaluating trade: SAREGAMA x 2
2026-01-04 18:27:29,826 | INFO | src.core.risk_manager | Risk assessment for SAREGAMA: APPROVED (Score: 10.0, Level: LOW)
2026-01-04 18:27:29,826 | INFO | src.core.risk_governor | Risk Governor final decision: APPROVE for SAREGAMA
2026-01-04 18:27:29,826 | INFO | src.core.engine | SAREGAMA: Risk Governor APPROVED
2026-01-04 18:27:29,831 | INFO | src.core.engine | SAREGAMA: Order created | BUY 2 @ Rs.357.95 | SL: Rs.348.25, Target: Rs.388.35
2026-01-04 18:27:30,009 | INFO | src.broker.zerodha | PAPER OrderSide.BUY   2 SAREGAMA @ ₹357.80 | Order: PAPER-SAREGAMA-OrderSide.BUY-1767531450009
2026-01-04 18:27:30,009 | INFO | src.execution.paper | SAREGAMA: Paper order placed | OrderSide.BUY 2 @ ₹357.80 | Order: PAPER-SAREGAMA-OrderSide.BUY-1767531450009
2026-01-04 18:27:30,009 | INFO | src.execution.adapter | SAREGAMA: Signal processed and order placed
2026-01-04 18:27:30,168 | INFO | src.core.regime_weighting | Market regime change: MarketRegime.VOLATILE_NEUTRAL → MarketRegime.CORRELATION_BREAKDOWN
2026-01-04 18:27:30,168 | WARNING | src.core.regime_weighting | Regime change to MarketRegime.CORRELATION_BREAKDOWN - invalidating confidence
2026-01-04 18:27:30,168 | INFO | src.strategies.adaptive_manager | Evaluating BLUEDART with strategies: ['gap_trading', 'momentum_adaptive', 'volatility_regime', 'correlation_sync'] | Weights: {'gap_trading': 0.2941176470588235, 'momentum_adaptive': 0.2941176470588235, 'volatility_regime': 0.35294117647058826, 'correlation_sync': 0.058823529411764705}
2026-01-04 18:27:30,169 | INFO | src.core.engine | BLUEDART: Adaptive strategy approved - momentum_adaptive | SL: 0.80x, Target: 2.50x, Size: 1.00x
2026-01-04 18:27:30,169 | INFO | src.core.engine | BLUEDART: Reserving capital for proposed order - Value: Rs.5,593.50
2026-01-04 18:27:30,169 | ERROR | src.core.engine | Error processing signal for BLUEDART: Insufficient capital. Need Rs.5593.50, have Rs.3534.10 releasing capital reservation Rs.5,593.50
2026-01-04 18:58:31,174 | INFO | config.enhanced_config_manager | Timing config loaded: enabled=False
2026-01-04 18:58:31,176 | INFO | src.core.state_manager | Clearing all state for fresh start
2026-01-04 18:58:31,178 | INFO | src.core.state_manager | State cleared successfully
2026-01-04 18:58:31,178 | INFO | src.core.risk_manager | Risk Manager initialized with comprehensive risk controls
2026-01-04 18:58:31,179 | INFO | src.screener.excel_screener | Excel screener initialized: MiniRobo.xlsx
2026-01-04 18:58:32,942 | INFO | src.screener.excel_screener | Loaded 100 enabled stocks from universe
2026-01-04 18:58:33,475 | INFO | src.core.warmup_manager | WarmupManager initialized for 10 symbols with 60 days lookback
2026-01-04 18:58:33,475 | INFO | src.core.warmup_manager | 🔥 Starting system warmup sequence...
2026-01-04 18:58:33,475 | INFO | src.core.warmup_manager |   🔄 Executing: load_market_data
2026-01-04 18:58:41,975 | INFO | src.core.warmup_manager | Market data loaded: 10/10 symbols, 430 total data points
2026-01-04 18:58:41,976 | INFO | src.core.warmup_manager |   ✅ Completed: load_market_data (8.50s, 430 data points)
2026-01-04 18:58:41,976 | INFO | src.core.warmup_manager |   🔄 Executing: calculate_indicators
2026-01-04 18:58:42,017 | INFO | src.core.warmup_manager | Technical indicators calculated: 130 total indicators
2026-01-04 18:58:42,017 | INFO | src.core.warmup_manager |   ✅ Completed: calculate_indicators (0.04s, 130 data points)
2026-01-04 18:58:42,018 | INFO | src.core.warmup_manager |   🔄 Executing: warmup_timing
2026-01-04 18:58:42,040 | INFO | src.core.confidence_manager | Reactive confidence manager initialized
2026-01-04 18:58:42,041 | INFO | src.core.realtime_monitor | Real-time market monitor initialized with 60s update interval
2026-01-04 18:58:42,041 | INFO | src.core.data_risk_mitigator | Data source risk mitigator initialized
2026-01-04 18:58:42,041 | INFO | src.strategies.market_detector | Registered real-time callbacks for market events
2026-01-04 18:58:42,041 | INFO | src.core.realtime_monitor | Started monitoring 0 symbols
2026-01-04 18:58:42,041 | INFO | src.strategies.market_detector | Enhanced real-time market detector initialized
2026-01-04 18:58:42,042 | INFO | src.timing.market_regime | Unified MarketRegimeManager initialized
2026-01-04 18:58:42,679 | INFO | src.strategies.market_detector | Market State (Real-time): BULLISH (0.38), Gap: NO_GAP (0.03%)
2026-01-04 18:58:42,680 | INFO | src.timing.market_regime | [MARKET REGIME] VOLATILE | confidence=0.38 | volatility=HIGH
2026-01-04 18:58:42,680 | INFO | src.core.warmup_manager | Timing components warmed up - Current regime: (<MarketRegime.HIGH_VOLATILITY: 'VOLATILE'>, 0.384028654853814)
2026-01-04 18:58:42,680 | INFO | src.core.warmup_manager |   ✅ Completed: warmup_timing (0.66s, 1 data points)
2026-01-04 18:58:42,680 | INFO | src.core.warmup_manager |   🔄 Executing: warmup_regime
2026-01-04 18:58:42,683 | INFO | src.core.warmup_manager | Market regime detection warmed up for 5 symbols
2026-01-04 18:58:42,684 | INFO | src.core.warmup_manager |   ✅ Completed: warmup_regime (0.00s, 5 data points)
2026-01-04 18:58:42,684 | INFO | src.core.warmup_manager |   🔄 Executing: warmup_strategies
2026-01-04 18:58:42,684 | INFO | src.core.confidence_manager | Reactive confidence manager initialized
2026-01-04 18:58:42,684 | INFO | src.core.realtime_monitor | Real-time market monitor initialized with 60s update interval
2026-01-04 18:58:42,685 | INFO | src.core.data_risk_mitigator | Data source risk mitigator initialized
2026-01-04 18:58:42,685 | INFO | src.strategies.market_detector | Registered real-time callbacks for market events
2026-01-04 18:58:42,685 | INFO | src.core.realtime_monitor | Started monitoring 0 symbols
2026-01-04 18:58:42,685 | INFO | src.strategies.market_detector | Enhanced real-time market detector initialized
2026-01-04 18:58:42,685 | INFO | src.core.regime_weighting | Regime-aware strategy weighting system initialized
2026-01-04 18:58:42,686 | INFO | src.strategies.gap_trading | Gap trading strategy initialized
2026-01-04 18:58:42,686 | INFO | src.strategies.momentum_adaptive | Momentum adaptive strategy initialized
2026-01-04 18:58:42,686 | INFO | src.strategies.volatility_regime | Volatility regime strategy initialized
2026-01-04 18:58:42,686 | INFO | src.core.confidence_manager | Reactive confidence manager initialized
2026-01-04 18:58:42,686 | INFO | src.strategies.correlation_sync | Correlation sync strategy initialized with reactive confidence management
2026-01-04 18:58:42,687 | INFO | src.strategies.adaptive_manager | Adaptive strategy manager initialized with regime-aware weighting in AUTO mode
2026-01-04 18:58:42,935 | INFO | src.strategies.market_detector | Market State (Real-time): BULLISH (0.38), Gap: NO_GAP (0.03%)
2026-01-04 18:58:43,147 | INFO | src.core.regime_weighting | Market regime change: None → MarketRegime.VOLATILE_NEUTRAL
2026-01-04 18:58:43,147 | WARNING | src.core.regime_weighting | Regime change to MarketRegime.VOLATILE_NEUTRAL - invalidating confidence
2026-01-04 18:58:43,148 | INFO | src.core.regime_weighting | Significant weight change - Session: POST_MARKET, Regime: VOLATILE_NEUTRAL
2026-01-04 18:58:43,148 | INFO | src.core.regime_weighting |   gap_trading: 0.17 (base: 0.25)
2026-01-04 18:58:43,148 | INFO | src.core.regime_weighting |   momentum_adaptive: 0.19 (base: 0.25)
2026-01-04 18:58:43,149 | INFO | src.core.regime_weighting |   volatility_regime: 0.52 (base: 0.25)
2026-01-04 18:58:43,149 | INFO | src.core.regime_weighting |   correlation_sync: 0.12 (base: 0.25)
2026-01-04 18:58:43,149 | INFO | src.strategies.adaptive_manager | Evaluating HDFCBANK with strategies: ['gap_trading', 'momentum_adaptive', 'volatility_regime', 'correlation_sync'] | Weights: {'gap_trading': 0.16666666666666666, 'momentum_adaptive': 0.18750000000000003, 'volatility_regime': 0.5208333333333334, 'correlation_sync': 0.125}
2026-01-04 18:58:43,510 | INFO | src.strategies.correlation_sync | Correlation entry approved for HDFCBANK: Correlation entry: MEDIUM correlation (0.565) | Regime: MEDIUM | Confidence: 0.79 (reactive: 0.00)
2026-01-04 18:58:43,724 | INFO | src.core.regime_weighting | Significant weight change - Session: POST_MARKET, Regime: VOLATILE_NEUTRAL
2026-01-04 18:58:43,724 | INFO | src.core.regime_weighting |   gap_trading: 0.17 (base: 0.25)
2026-01-04 18:58:43,724 | INFO | src.core.regime_weighting |   momentum_adaptive: 0.19 (base: 0.25)
2026-01-04 18:58:43,725 | INFO | src.core.regime_weighting |   volatility_regime: 0.52 (base: 0.25)
2026-01-04 18:58:43,725 | INFO | src.core.regime_weighting |   correlation_sync: 0.12 (base: 0.25)
2026-01-04 18:58:43,725 | INFO | src.strategies.adaptive_manager | Evaluating ICICIBANK with strategies: ['gap_trading', 'momentum_adaptive', 'volatility_regime', 'correlation_sync'] | Weights: {'gap_trading': 0.16666666666666666, 'momentum_adaptive': 0.18750000000000003, 'volatility_regime': 0.5208333333333334, 'correlation_sync': 0.125}
2026-01-04 18:58:43,725 | INFO | src.strategies.correlation_sync | Correlation entry approved for ICICIBANK: Correlation entry: MEDIUM correlation (0.400) | Regime: MEDIUM | Confidence: 0.61 (reactive: 0.00)
2026-01-04 18:58:43,923 | INFO | src.core.regime_weighting | Significant weight change - Session: POST_MARKET, Regime: VOLATILE_NEUTRAL
2026-01-04 18:58:43,923 | INFO | src.core.regime_weighting |   gap_trading: 0.17 (base: 0.25)
2026-01-04 18:58:43,923 | INFO | src.core.regime_weighting |   momentum_adaptive: 0.19 (base: 0.25)
2026-01-04 18:58:43,924 | INFO | src.core.regime_weighting |   volatility_regime: 0.52 (base: 0.25)
2026-01-04 18:58:43,924 | INFO | src.core.regime_weighting |   correlation_sync: 0.12 (base: 0.25)
2026-01-04 18:58:43,924 | INFO | src.strategies.adaptive_manager | Evaluating KOTAKBANK with strategies: ['gap_trading', 'momentum_adaptive', 'volatility_regime', 'correlation_sync'] | Weights: {'gap_trading': 0.16666666666666666, 'momentum_adaptive': 0.18750000000000003, 'volatility_regime': 0.5208333333333334, 'correlation_sync': 0.125}
2026-01-04 18:58:43,924 | INFO | src.core.warmup_manager | Strategy managers warmed up for 3 symbols
2026-01-04 18:58:43,925 | INFO | src.core.warmup_manager |   ✅ Completed: warmup_strategies (1.24s, 3 data points)
2026-01-04 18:58:43,925 | INFO | src.core.warmup_manager |   🔄 Executing: validate_warmup
2026-01-04 18:58:43,925 | WARNING | src.core.warmup_manager | Low data quality for HDFCBANK.SMA_50: 0 points
2026-01-04 18:58:43,926 | WARNING | src.core.warmup_manager | Low data quality for ICICIBANK.SMA_50: 0 points
2026-01-04 18:58:43,927 | WARNING | src.core.warmup_manager | Low data quality for KOTAKBANK.SMA_50: 0 points
2026-01-04 18:58:43,928 | WARNING | src.core.warmup_manager | Low data quality for AXISBANK.SMA_50: 0 points
2026-01-04 18:58:43,928 | WARNING | src.core.warmup_manager | Low data quality for SBIN.SMA_50: 0 points
2026-01-04 18:58:43,929 | WARNING | src.core.warmup_manager | Low data quality for TCS.SMA_50: 0 points
2026-01-04 18:58:43,930 | WARNING | src.core.warmup_manager | Low data quality for INFY.SMA_50: 0 points
2026-01-04 18:58:43,931 | WARNING | src.core.warmup_manager | Low data quality for HCLTECH.SMA_50: 0 points
2026-01-04 18:58:43,931 | WARNING | src.core.warmup_manager | Low data quality for WIPRO.SMA_50: 0 points
2026-01-04 18:58:43,932 | WARNING | src.core.warmup_manager | Low data quality for TECHM.SMA_50: 0 points
2026-01-04 18:58:43,933 | INFO | src.core.warmup_manager | Warmup validation passed: 4/4 checks
2026-01-04 18:58:43,934 | INFO | src.core.warmup_manager |   ✅ Completed: validate_warmup (0.01s, 4 data points)
2026-01-04 18:58:43,934 | INFO | src.core.warmup_manager | ✅ Warmup COMPLETED in 10.46 seconds
2026-01-04 18:58:43,934 | INFO | src.core.warmup_manager | ============================================================
2026-01-04 18:58:43,934 | INFO | src.core.warmup_manager | WARMUP SUMMARY
2026-01-04 18:58:43,934 | INFO | src.core.warmup_manager | ============================================================
2026-01-04 18:58:43,935 | INFO | src.core.warmup_manager | Status: SUCCESS
2026-01-04 18:58:43,935 | INFO | src.core.warmup_manager | Duration: 10.46 seconds
2026-01-04 18:58:43,935 | INFO | src.core.warmup_manager | Symbols warmed: 10/10
2026-01-04 18:58:43,935 | INFO | src.core.warmup_manager | Tasks completed: 6/6
2026-01-04 18:58:43,936 | INFO | src.core.warmup_manager | Indicator Status:
2026-01-04 18:58:43,936 | INFO | src.core.warmup_manager |   ✅ SMA_20
2026-01-04 18:58:43,936 | INFO | src.core.warmup_manager |   ✅ SMA_50
2026-01-04 18:58:43,936 | INFO | src.core.warmup_manager |   ✅ EMA_12
2026-01-04 18:58:43,937 | INFO | src.core.warmup_manager |   ✅ EMA_26
2026-01-04 18:58:43,937 | INFO | src.core.warmup_manager |   ✅ RSI_14
2026-01-04 18:58:43,937 | INFO | src.core.warmup_manager |   ✅ MACD
2026-01-04 18:58:43,937 | INFO | src.core.warmup_manager |   ✅ ATR_14
2026-01-04 18:58:43,937 | INFO | src.core.warmup_manager | ============================================================
2026-01-04 18:58:43,939 | INFO | src.utils.sector_manager | Sector manager initialized
2026-01-04 18:58:43,939 | INFO | src.core.capital_manager | Capital Manager initialized: Total=₹5,000.00, Buffer=₹750.00, Available=₹5,000.00
2026-01-04 18:58:43,940 | INFO | src.core.risk_manager | Risk Manager initialized with comprehensive risk controls
2026-01-04 18:58:43,940 | INFO | src.core.risk_governor | Added risk rule: EmergencyStop (priority: 5)
2026-01-04 18:58:43,940 | INFO | src.core.risk_governor | Added risk rule: MarketHours (priority: 10)
2026-01-04 18:58:43,940 | INFO | src.core.risk_governor | Added risk rule: DailyLossLimit (priority: 15)
2026-01-04 18:58:43,940 | INFO | src.core.risk_governor | Added risk rule: VolatilityAdjustment (priority: 25)
2026-01-04 18:58:43,940 | INFO | src.core.risk_governor | Risk Governor initialized with 4 risk rules
2026-01-04 18:58:43,941 | INFO | src.core.warmup_manager | WarmupManager initialized for 100 symbols with 60 days lookback
2026-01-04 18:58:43,941 | INFO | src.core.confidence_manager | Reactive confidence manager initialized
2026-01-04 18:58:43,941 | INFO | src.core.realtime_monitor | Real-time market monitor initialized with 60s update interval
2026-01-04 18:58:43,941 | INFO | src.core.data_risk_mitigator | Data source risk mitigator initialized
2026-01-04 18:58:43,941 | INFO | src.strategies.market_detector | Registered real-time callbacks for market events
2026-01-04 18:58:43,942 | INFO | src.core.realtime_monitor | Started monitoring 0 symbols
2026-01-04 18:58:43,942 | INFO | src.strategies.market_detector | Enhanced real-time market detector initialized
2026-01-04 18:58:43,942 | INFO | src.core.regime_weighting | Regime-aware strategy weighting system initialized
2026-01-04 18:58:43,942 | INFO | src.strategies.gap_trading | Gap trading strategy initialized
2026-01-04 18:58:43,942 | INFO | src.strategies.momentum_adaptive | Momentum adaptive strategy initialized
2026-01-04 18:58:43,943 | INFO | src.strategies.volatility_regime | Volatility regime strategy initialized
2026-01-04 18:58:43,943 | INFO | src.core.confidence_manager | Reactive confidence manager initialized
2026-01-04 18:58:43,943 | INFO | src.strategies.correlation_sync | Correlation sync strategy initialized with reactive confidence management
2026-01-04 18:58:43,943 | INFO | src.strategies.adaptive_manager | Adaptive strategy manager initialized with regime-aware weighting in AUTO mode
2026-01-04 18:58:43,943 | INFO | src.core.engine | Adaptive strategies initialized successfully
2026-01-04 18:58:43,943 | INFO | src.core.engine | Trading engine initialized with timing intelligence disabled
2026-01-04 18:58:43,944 | INFO | src.core.engine | Trading engine initialized with enhanced risk management
2026-01-04 18:58:43,944 | INFO | src.execution.adapter | Initialized PAPER execution adapter
2026-01-04 18:58:43,944 | INFO | src.broker.zerodha | ZerodhaBroker initialized in PAPER mode
2026-01-04 18:58:43,944 | INFO | src.broker.zerodha | Paper trading: No real connection required
2026-01-04 18:58:43,945 | INFO | src.execution.paper | Paper trading initialized
2026-01-04 18:58:43,945 | INFO | src.execution.paper | Paper trading mode initialized
2026-01-04 18:58:43,947 | INFO | src.core.system_arming | Added kill switch: emergency_file (Critical)
2026-01-04 18:58:43,947 | INFO | src.core.system_arming | Added kill switch: daily_loss_limit (Critical)
2026-01-04 18:58:43,947 | INFO | src.core.system_arming | Added kill switch: capital_availability (Critical)
2026-01-04 18:58:43,948 | INFO | src.core.system_arming | Added kill switch: market_hours (Non-critical)
2026-01-04 18:58:43,948 | INFO | src.core.system_arming | Added kill switch: system_health (Critical)
2026-01-04 18:58:43,948 | INFO | src.core.system_arming | Added kill switch: config_integrity (Critical)
2026-01-04 18:58:43,948 | INFO | src.core.system_arming | Added kill switch: state_integrity (Critical)
2026-01-04 18:58:43,948 | INFO | src.core.system_arming | System Arming initialized with 7 kill switches
2026-01-04 18:58:43,948 | INFO | src.core.system_arming | Starting system arming sequence...
2026-01-04 18:58:43,955 | INFO | src.core.system_arming | 🔒 SYSTEM ARMED at 18:58:43
2026-01-04 18:58:43,957 | WARNING | src.core.engine | No regime manager available
2026-01-04 18:58:43,957 | INFO | src.screener.excel_screener | ============================================================
2026-01-04 18:58:43,957 | INFO | src.screener.excel_screener | STARTING EXCEL-DRIVEN SCREENER
2026-01-04 18:58:43,957 | INFO | src.screener.excel_screener | ============================================================
2026-01-04 18:58:45,227 | INFO | src.screener.excel_screener | Loaded 14 screener rules
2026-01-04 18:58:45,777 | INFO | src.screener.excel_screener | 
 ACTIVE FILTER RULES:
2026-01-04 18:58:47,180 | INFO | src.screener.excel_screener | Loaded 100 enabled stocks from universe
2026-01-04 18:58:49,040 | INFO | src.screener.excel_screener | Loaded sector mapping for 100 symbols
2026-01-04 18:58:49,715 | INFO | src.screener.excel_screener | Market Trend: BULLISH
2026-01-04 18:58:49,753 | INFO | src.screener.excel_screener | Successfully fetched data for 100/100 symbols
2026-01-04 18:58:49,753 | INFO | src.screener.excel_screener | Bulk data received: 100 symbols with data
2026-01-04 18:58:50,047 | INFO | src.screener.excel_screener | Starting screening of 100 symbols. Bulk data has 100 entries
2026-01-04 18:58:50,454 | INFO | src.screener.excel_screener | 
📊 REJECTION STATISTICS:
2026-01-04 18:58:50,455 | INFO | src.screener.excel_screener |    Total Processed: 100
2026-01-04 18:58:50,455 | INFO | src.screener.excel_screener |    Passed: 26
2026-01-04 18:58:50,455 | INFO | src.screener.excel_screener |    Rejected: 74
2026-01-04 18:58:50,455 | INFO | src.screener.excel_screener | 
   Top Rejection Reasons:
2026-01-04 18:58:50,456 | INFO | src.screener.excel_screener | Metrics calculated: 100, Passed: 26, Rejected: 74, Insufficient bars: 0, Missing data: 0
2026-01-04 18:58:50,457 | INFO | src.screener.excel_screener | Max trades (adjusted for BULLISH): 8
2026-01-04 18:58:50,457 | INFO | src.screener.excel_screener | 
============================================================
2026-01-04 18:58:50,457 | INFO | src.screener.excel_screener | TOP PICKS:
2026-01-04 18:58:50,457 | INFO | src.screener.excel_screener | ============================================================
2026-01-04 18:58:50,458 | INFO | src.screener.excel_screener | INDUSTOWER | Score:  47.37 | Price: Rs. 442.05 | BULLISH_TREND,HIGH_VOLUME,STRONG_TREND
2026-01-04 18:58:50,458 | INFO | src.screener.excel_screener | HINDALCO   | Score:  42.61 | Price: Rs. 925.70 | BULLISH_TREND,HIGH_VOLUME,STRONG_TREND
2026-01-04 18:58:50,459 | INFO | src.screener.excel_screener | COALINDIA  | Score:  39.61 | Price: Rs. 427.90 | BULLISH_TREND,HIGH_VOLUME,STRONG_TREND
2026-01-04 18:58:50,459 | INFO | src.screener.excel_screener | BLUEDART   | Score:  34.99 | Price: Rs.5593.50 | NEAR_EMA20,HIGH_VOLUME
2026-01-04 18:58:50,459 | INFO | src.screener.excel_screener | UPL        | Score:  34.61 | Price: Rs. 804.65 | BULLISH_TREND
2026-01-04 18:58:51,983 | INFO | src.screener.excel_screener | Written 8 results to Excel: SCREENER_OUTPUT
2026-01-04 18:58:52,497 | INFO | src.screener.excel_screener | ============================================================
2026-01-04 18:58:52,498 | INFO | src.screener.excel_screener | SCREENER COMPLETE
2026-01-04 18:58:52,498 | INFO | src.screener.excel_screener | ============================================================
2026-01-04 18:58:52,930 | INFO | src.strategies.market_detector | Market State (Real-time): BULLISH (0.38), Gap: NO_GAP (0.03%)
2026-01-04 18:58:53,166 | INFO | src.core.regime_weighting | Market regime change: None → MarketRegime.VOLATILE_NEUTRAL
2026-01-04 18:58:53,171 | WARNING | src.core.regime_weighting | Regime change to MarketRegime.VOLATILE_NEUTRAL - invalidating confidence
2026-01-04 18:58:53,171 | INFO | src.core.regime_weighting | Significant weight change - Session: POST_MARKET, Regime: VOLATILE_NEUTRAL
2026-01-04 18:58:53,171 | INFO | src.core.regime_weighting |   gap_trading: 0.17 (base: 0.25)
2026-01-04 18:58:53,171 | INFO | src.core.regime_weighting |   momentum_adaptive: 0.19 (base: 0.25)
2026-01-04 18:58:53,172 | INFO | src.core.regime_weighting |   volatility_regime: 0.52 (base: 0.25)
2026-01-04 18:58:53,172 | INFO | src.core.regime_weighting |   correlation_sync: 0.12 (base: 0.25)
2026-01-04 18:58:53,172 | INFO | src.strategies.adaptive_manager | Evaluating HINDALCO with strategies: ['gap_trading', 'momentum_adaptive', 'volatility_regime', 'correlation_sync'] | Weights: {'gap_trading': 0.16666666666666666, 'momentum_adaptive': 0.18750000000000003, 'volatility_regime': 0.5208333333333334, 'correlation_sync': 0.125}
2026-01-04 18:58:53,571 | INFO | src.core.engine | HINDALCO: Adaptive strategy approved - volatility_regime | SL: 0.80x, Target: 2.50x, Size: 1.29x
2026-01-04 18:58:53,572 | INFO | src.core.engine | HINDALCO: Reserving capital for proposed order - Value: Rs.925.70
2026-01-04 18:58:53,572 | ERROR | src.core.capital_manager | CAPITAL INVARIANT VIOLATION!
Total Capital: ₹5,000.00
Accounted:     ₹5,750.00
Difference:    ₹-750.00
Available:     ₹4,074.30
Reserved:      ₹925.70
Committed:     ₹0.00
Buffer:        ₹750.00
2026-01-04 18:58:53,573 | ERROR | src.core.capital_manager | CAPITAL INVARIANT VIOLATION!
Total Capital: ₹5,000.00
Accounted:     ₹5,750.00
Difference:    ₹-750.00
Available:     ₹5,000.00
Reserved:      ₹0.00
Committed:     ₹0.00
Buffer:        ₹750.00
2026-01-04 18:58:53,573 | ERROR | root | Paper trading error
Traceback (most recent call last):
  File "D:\Experimentals\TradingBot\Excel_driven_code\src\core\engine.py", line 294, in process_signal
    self.capital_mgr.reserve(symbol, order_value)
    ~~~~~~~~~~~~~~~~~~~~~~~~^^^^^^^^^^^^^^^^^^^^^
  File "D:\Experimentals\TradingBot\Excel_driven_code\src\core\capital_manager.py", line 139, in reserve
    self._validate_invariant()
    ~~~~~~~~~~~~~~~~~~~~~~~~^^
  File "D:\Experimentals\TradingBot\Excel_driven_code\src\core\capital_manager.py", line 443, in _validate_invariant
    raise ValueError("Capital accounting error - SYSTEM HALT")
ValueError: Capital accounting error - SYSTEM HALT

During handling of the above exception, another exception occurred:

Traceback (most recent call last):
  File "D:\Experimentals\TradingBot\Excel_driven_code\main.py", line 338, in run_paper_trading
    success, order_id = trader.process_signal(signal)
                        ~~~~~~~~~~~~~~~~~~~~~^^^^^^^^
  File "D:\Experimentals\TradingBot\Excel_driven_code\src\utils\..\..\src\execution\adapter.py", line 165, in process_signal
    success, order, reason = self.engine.process_signal(signal)
                             ~~~~~~~~~~~~~~~~~~~~~~~~~~^^^^^^^^
  File "D:\Experimentals\TradingBot\Excel_driven_code\src\core\engine.py", line 378, in process_signal
    self.capital_mgr.release_reservation(symbol, order_value)
    ~~~~~~~~~~~~~~~~~~~~~~~~~~~~~~~~~~~~^^^^^^^^^^^^^^^^^^^^^
  File "D:\Experimentals\TradingBot\Excel_driven_code\src\core\capital_manager.py", line 198, in release_reservation
    self._validate_invariant()
    ~~~~~~~~~~~~~~~~~~~~~~~~^^
  File "D:\Experimentals\TradingBot\Excel_driven_code\src\core\capital_manager.py", line 443, in _validate_invariant
    raise ValueError("Capital accounting error - SYSTEM HALT")
ValueError: Capital accounting error - SYSTEM HALT
2026-01-04 19:01:00,033 | INFO | config.enhanced_config_manager | Timing config loaded: enabled=False
2026-01-04 19:01:00,034 | INFO | src.core.state_manager | Clearing all state for fresh start
2026-01-04 19:01:00,036 | INFO | src.core.state_manager | State cleared successfully
2026-01-04 19:01:00,036 | INFO | src.core.risk_manager | Risk Manager initialized with comprehensive risk controls
2026-01-04 19:01:00,036 | INFO | src.screener.excel_screener | Excel screener initialized: MiniRobo.xlsx
2026-01-04 19:01:01,533 | INFO | src.screener.excel_screener | Loaded 100 enabled stocks from universe
2026-01-04 19:01:02,082 | INFO | src.core.warmup_manager | WarmupManager initialized for 10 symbols with 60 days lookback
2026-01-04 19:01:02,083 | INFO | src.core.warmup_manager | 🔥 Starting system warmup sequence...
2026-01-04 19:01:02,083 | INFO | src.core.warmup_manager |   🔄 Executing: load_market_data
2026-01-04 19:01:03,647 | INFO | src.core.warmup_manager | Market data loaded: 10/10 symbols, 430 total data points
2026-01-04 19:01:03,647 | INFO | src.core.warmup_manager |   ✅ Completed: load_market_data (1.56s, 430 data points)
2026-01-04 19:01:03,647 | INFO | src.core.warmup_manager |   🔄 Executing: calculate_indicators
2026-01-04 19:01:03,661 | INFO | src.core.warmup_manager | Technical indicators calculated: 130 total indicators
2026-01-04 19:01:03,662 | INFO | src.core.warmup_manager |   ✅ Completed: calculate_indicators (0.01s, 130 data points)
2026-01-04 19:01:03,662 | INFO | src.core.warmup_manager |   🔄 Executing: warmup_timing
2026-01-04 19:01:03,688 | INFO | src.core.confidence_manager | Reactive confidence manager initialized
2026-01-04 19:01:03,688 | INFO | src.core.realtime_monitor | Real-time market monitor initialized with 60s update interval
2026-01-04 19:01:03,688 | INFO | src.core.data_risk_mitigator | Data source risk mitigator initialized
2026-01-04 19:01:03,688 | INFO | src.strategies.market_detector | Registered real-time callbacks for market events
2026-01-04 19:01:03,689 | INFO | src.core.realtime_monitor | Started monitoring 0 symbols
2026-01-04 19:01:03,689 | INFO | src.strategies.market_detector | Enhanced real-time market detector initialized
2026-01-04 19:01:03,689 | INFO | src.timing.market_regime | Unified MarketRegimeManager initialized
2026-01-04 19:01:04,119 | INFO | src.strategies.market_detector | Market State (Real-time): BULLISH (0.38), Gap: NO_GAP (0.03%)
2026-01-04 19:01:04,119 | INFO | src.timing.market_regime | [MARKET REGIME] VOLATILE | confidence=0.38 | volatility=HIGH
2026-01-04 19:01:04,119 | INFO | src.core.warmup_manager | Timing components warmed up - Current regime: (<MarketRegime.HIGH_VOLATILITY: 'VOLATILE'>, 0.384028654853814)
2026-01-04 19:01:04,119 | INFO | src.core.warmup_manager |   ✅ Completed: warmup_timing (0.46s, 1 data points)
2026-01-04 19:01:04,119 | INFO | src.core.warmup_manager |   🔄 Executing: warmup_regime
2026-01-04 19:01:04,123 | INFO | src.core.warmup_manager | Market regime detection warmed up for 5 symbols
2026-01-04 19:01:04,123 | INFO | src.core.warmup_manager |   ✅ Completed: warmup_regime (0.00s, 5 data points)
2026-01-04 19:01:04,123 | INFO | src.core.warmup_manager |   🔄 Executing: warmup_strategies
2026-01-04 19:01:04,123 | INFO | src.core.confidence_manager | Reactive confidence manager initialized
2026-01-04 19:01:04,123 | INFO | src.core.realtime_monitor | Real-time market monitor initialized with 60s update interval
2026-01-04 19:01:04,124 | INFO | src.core.data_risk_mitigator | Data source risk mitigator initialized
2026-01-04 19:01:04,124 | INFO | src.strategies.market_detector | Registered real-time callbacks for market events
2026-01-04 19:01:04,124 | INFO | src.core.realtime_monitor | Started monitoring 0 symbols
2026-01-04 19:01:04,124 | INFO | src.strategies.market_detector | Enhanced real-time market detector initialized
2026-01-04 19:01:04,124 | INFO | src.core.regime_weighting | Regime-aware strategy weighting system initialized
2026-01-04 19:01:04,125 | INFO | src.strategies.gap_trading | Gap trading strategy initialized
2026-01-04 19:01:04,125 | INFO | src.strategies.momentum_adaptive | Momentum adaptive strategy initialized
2026-01-04 19:01:04,125 | INFO | src.strategies.volatility_regime | Volatility regime strategy initialized
2026-01-04 19:01:04,125 | INFO | src.core.confidence_manager | Reactive confidence manager initialized
2026-01-04 19:01:04,125 | INFO | src.strategies.correlation_sync | Correlation sync strategy initialized with reactive confidence management
2026-01-04 19:01:04,126 | INFO | src.strategies.adaptive_manager | Adaptive strategy manager initialized with regime-aware weighting in AUTO mode
2026-01-04 19:01:04,537 | INFO | src.strategies.market_detector | Market State (Real-time): BULLISH (0.38), Gap: NO_GAP (0.03%)
2026-01-04 19:01:04,685 | INFO | src.core.regime_weighting | Market regime change: None → MarketRegime.VOLATILE_NEUTRAL
2026-01-04 19:01:04,685 | WARNING | src.core.regime_weighting | Regime change to MarketRegime.VOLATILE_NEUTRAL - invalidating confidence
2026-01-04 19:01:04,685 | INFO | src.core.regime_weighting | Significant weight change - Session: POST_MARKET, Regime: VOLATILE_NEUTRAL
2026-01-04 19:01:04,686 | INFO | src.core.regime_weighting |   gap_trading: 0.17 (base: 0.25)
2026-01-04 19:01:04,686 | INFO | src.core.regime_weighting |   momentum_adaptive: 0.19 (base: 0.25)
2026-01-04 19:01:04,686 | INFO | src.core.regime_weighting |   volatility_regime: 0.52 (base: 0.25)
2026-01-04 19:01:04,686 | INFO | src.core.regime_weighting |   correlation_sync: 0.12 (base: 0.25)
2026-01-04 19:01:04,687 | INFO | src.strategies.adaptive_manager | Evaluating HDFCBANK with strategies: ['gap_trading', 'momentum_adaptive', 'volatility_regime', 'correlation_sync'] | Weights: {'gap_trading': 0.16666666666666666, 'momentum_adaptive': 0.18750000000000003, 'volatility_regime': 0.5208333333333334, 'correlation_sync': 0.125}
2026-01-04 19:01:05,071 | INFO | src.strategies.correlation_sync | Correlation entry approved for HDFCBANK: Correlation entry: MEDIUM correlation (0.565) | Regime: MEDIUM | Confidence: 0.79 (reactive: 0.00)
2026-01-04 19:01:05,259 | INFO | src.core.regime_weighting | Significant weight change - Session: POST_MARKET, Regime: VOLATILE_NEUTRAL
2026-01-04 19:01:05,259 | INFO | src.core.regime_weighting |   gap_trading: 0.17 (base: 0.25)
2026-01-04 19:01:05,260 | INFO | src.core.regime_weighting |   momentum_adaptive: 0.19 (base: 0.25)
2026-01-04 19:01:05,260 | INFO | src.core.regime_weighting |   volatility_regime: 0.52 (base: 0.25)
2026-01-04 19:01:05,260 | INFO | src.core.regime_weighting |   correlation_sync: 0.12 (base: 0.25)
2026-01-04 19:01:05,261 | INFO | src.strategies.adaptive_manager | Evaluating ICICIBANK with strategies: ['gap_trading', 'momentum_adaptive', 'volatility_regime', 'correlation_sync'] | Weights: {'gap_trading': 0.16666666666666666, 'momentum_adaptive': 0.18750000000000003, 'volatility_regime': 0.5208333333333334, 'correlation_sync': 0.125}
2026-01-04 19:01:05,261 | INFO | src.strategies.correlation_sync | Correlation entry approved for ICICIBANK: Correlation entry: MEDIUM correlation (0.400) | Regime: MEDIUM | Confidence: 0.61 (reactive: 0.00)
2026-01-04 19:01:05,434 | INFO | src.core.regime_weighting | Significant weight change - Session: POST_MARKET, Regime: VOLATILE_NEUTRAL
2026-01-04 19:01:05,434 | INFO | src.core.regime_weighting |   gap_trading: 0.17 (base: 0.25)
2026-01-04 19:01:05,435 | INFO | src.core.regime_weighting |   momentum_adaptive: 0.19 (base: 0.25)
2026-01-04 19:01:05,435 | INFO | src.core.regime_weighting |   volatility_regime: 0.52 (base: 0.25)
2026-01-04 19:01:05,435 | INFO | src.core.regime_weighting |   correlation_sync: 0.12 (base: 0.25)
2026-01-04 19:01:05,436 | INFO | src.strategies.adaptive_manager | Evaluating KOTAKBANK with strategies: ['gap_trading', 'momentum_adaptive', 'volatility_regime', 'correlation_sync'] | Weights: {'gap_trading': 0.16666666666666666, 'momentum_adaptive': 0.18750000000000003, 'volatility_regime': 0.5208333333333334, 'correlation_sync': 0.125}
2026-01-04 19:01:05,436 | INFO | src.core.warmup_manager | Strategy managers warmed up for 3 symbols
2026-01-04 19:01:05,436 | INFO | src.core.warmup_manager |   ✅ Completed: warmup_strategies (1.31s, 3 data points)
2026-01-04 19:01:05,436 | INFO | src.core.warmup_manager |   🔄 Executing: validate_warmup
2026-01-04 19:01:05,437 | WARNING | src.core.warmup_manager | Low data quality for HDFCBANK.SMA_50: 0 points
2026-01-04 19:01:05,438 | WARNING | src.core.warmup_manager | Low data quality for ICICIBANK.SMA_50: 0 points
2026-01-04 19:01:05,438 | WARNING | src.core.warmup_manager | Low data quality for KOTAKBANK.SMA_50: 0 points
2026-01-04 19:01:05,439 | WARNING | src.core.warmup_manager | Low data quality for AXISBANK.SMA_50: 0 points
2026-01-04 19:01:05,439 | WARNING | src.core.warmup_manager | Low data quality for SBIN.SMA_50: 0 points
2026-01-04 19:01:05,440 | WARNING | src.core.warmup_manager | Low data quality for TCS.SMA_50: 0 points
2026-01-04 19:01:05,441 | WARNING | src.core.warmup_manager | Low data quality for INFY.SMA_50: 0 points
2026-01-04 19:01:05,441 | WARNING | src.core.warmup_manager | Low data quality for HCLTECH.SMA_50: 0 points
2026-01-04 19:01:05,442 | WARNING | src.core.warmup_manager | Low data quality for WIPRO.SMA_50: 0 points
2026-01-04 19:01:05,443 | WARNING | src.core.warmup_manager | Low data quality for TECHM.SMA_50: 0 points
2026-01-04 19:01:05,444 | INFO | src.core.warmup_manager | Warmup validation passed: 4/4 checks
2026-01-04 19:01:05,444 | INFO | src.core.warmup_manager |   ✅ Completed: validate_warmup (0.01s, 4 data points)
2026-01-04 19:01:05,444 | INFO | src.core.warmup_manager | ✅ Warmup COMPLETED in 3.36 seconds
2026-01-04 19:01:05,444 | INFO | src.core.warmup_manager | ============================================================
2026-01-04 19:01:05,445 | INFO | src.core.warmup_manager | WARMUP SUMMARY
2026-01-04 19:01:05,445 | INFO | src.core.warmup_manager | ============================================================
2026-01-04 19:01:05,445 | INFO | src.core.warmup_manager | Status: SUCCESS
2026-01-04 19:01:05,445 | INFO | src.core.warmup_manager | Duration: 3.36 seconds
2026-01-04 19:01:05,445 | INFO | src.core.warmup_manager | Symbols warmed: 10/10
2026-01-04 19:01:05,445 | INFO | src.core.warmup_manager | Tasks completed: 6/6
2026-01-04 19:01:05,446 | INFO | src.core.warmup_manager | Indicator Status:
2026-01-04 19:01:05,446 | INFO | src.core.warmup_manager |   ✅ SMA_20
2026-01-04 19:01:05,446 | INFO | src.core.warmup_manager |   ✅ SMA_50
2026-01-04 19:01:05,448 | INFO | src.core.warmup_manager |   ✅ EMA_12
2026-01-04 19:01:05,448 | INFO | src.core.warmup_manager |   ✅ EMA_26
2026-01-04 19:01:05,448 | INFO | src.core.warmup_manager |   ✅ RSI_14
2026-01-04 19:01:05,449 | INFO | src.core.warmup_manager |   ✅ MACD
2026-01-04 19:01:05,449 | INFO | src.core.warmup_manager |   ✅ ATR_14
2026-01-04 19:01:05,449 | INFO | src.core.warmup_manager | ============================================================
2026-01-04 19:01:05,456 | INFO | src.utils.sector_manager | Sector manager initialized
2026-01-04 19:01:05,456 | INFO | src.core.capital_manager | Capital Manager initialized: Total=₹5,000.00, Buffer=₹750.00, Available=₹5,000.00
2026-01-04 19:01:05,457 | INFO | src.core.risk_manager | Risk Manager initialized with comprehensive risk controls
2026-01-04 19:01:05,457 | INFO | src.core.risk_governor | Added risk rule: EmergencyStop (priority: 5)
2026-01-04 19:01:05,457 | INFO | src.core.risk_governor | Added risk rule: MarketHours (priority: 10)
2026-01-04 19:01:05,457 | INFO | src.core.risk_governor | Added risk rule: DailyLossLimit (priority: 15)
2026-01-04 19:01:05,458 | INFO | src.core.risk_governor | Added risk rule: VolatilityAdjustment (priority: 25)
2026-01-04 19:01:05,458 | INFO | src.core.risk_governor | Risk Governor initialized with 4 risk rules
2026-01-04 19:01:05,458 | INFO | src.core.warmup_manager | WarmupManager initialized for 100 symbols with 60 days lookback
2026-01-04 19:01:05,458 | INFO | src.core.confidence_manager | Reactive confidence manager initialized
2026-01-04 19:01:05,458 | INFO | src.core.realtime_monitor | Real-time market monitor initialized with 60s update interval
2026-01-04 19:01:05,458 | INFO | src.core.data_risk_mitigator | Data source risk mitigator initialized
2026-01-04 19:01:05,459 | INFO | src.strategies.market_detector | Registered real-time callbacks for market events
2026-01-04 19:01:05,459 | INFO | src.core.realtime_monitor | Started monitoring 0 symbols
2026-01-04 19:01:05,459 | INFO | src.strategies.market_detector | Enhanced real-time market detector initialized
2026-01-04 19:01:05,459 | INFO | src.core.regime_weighting | Regime-aware strategy weighting system initialized
2026-01-04 19:01:05,459 | INFO | src.strategies.gap_trading | Gap trading strategy initialized
2026-01-04 19:01:05,460 | INFO | src.strategies.momentum_adaptive | Momentum adaptive strategy initialized
2026-01-04 19:01:05,460 | INFO | src.strategies.volatility_regime | Volatility regime strategy initialized
2026-01-04 19:01:05,460 | INFO | src.core.confidence_manager | Reactive confidence manager initialized
2026-01-04 19:01:05,460 | INFO | src.strategies.correlation_sync | Correlation sync strategy initialized with reactive confidence management
2026-01-04 19:01:05,460 | INFO | src.strategies.adaptive_manager | Adaptive strategy manager initialized with regime-aware weighting in AUTO mode
2026-01-04 19:01:05,460 | INFO | src.core.engine | Adaptive strategies initialized successfully
2026-01-04 19:01:05,460 | INFO | src.core.engine | Trading engine initialized with timing intelligence disabled
2026-01-04 19:01:05,461 | INFO | src.core.engine | Trading engine initialized with enhanced risk management
2026-01-04 19:01:05,461 | INFO | src.execution.adapter | Initialized PAPER execution adapter
2026-01-04 19:01:05,461 | INFO | src.broker.zerodha | ZerodhaBroker initialized in PAPER mode
2026-01-04 19:01:05,461 | INFO | src.broker.zerodha | Paper trading: No real connection required
2026-01-04 19:01:05,461 | INFO | src.execution.paper | Paper trading initialized
2026-01-04 19:01:05,461 | INFO | src.execution.paper | Paper trading mode initialized
2026-01-04 19:01:05,465 | INFO | src.core.system_arming | Added kill switch: emergency_file (Critical)
2026-01-04 19:01:05,465 | INFO | src.core.system_arming | Added kill switch: daily_loss_limit (Critical)
2026-01-04 19:01:05,465 | INFO | src.core.system_arming | Added kill switch: capital_availability (Critical)
2026-01-04 19:01:05,466 | INFO | src.core.system_arming | Added kill switch: market_hours (Non-critical)
2026-01-04 19:01:05,466 | INFO | src.core.system_arming | Added kill switch: system_health (Critical)
2026-01-04 19:01:05,466 | INFO | src.core.system_arming | Added kill switch: config_integrity (Critical)
2026-01-04 19:01:05,466 | INFO | src.core.system_arming | Added kill switch: state_integrity (Critical)
2026-01-04 19:01:05,467 | INFO | src.core.system_arming | System Arming initialized with 7 kill switches
2026-01-04 19:01:05,467 | INFO | src.core.system_arming | Starting system arming sequence...
2026-01-04 19:01:05,473 | INFO | src.core.system_arming | 🔒 SYSTEM ARMED at 19:01:05
2026-01-04 19:01:05,476 | WARNING | src.core.engine | No regime manager available
2026-01-04 19:01:05,477 | INFO | src.screener.excel_screener | ============================================================
2026-01-04 19:01:05,477 | INFO | src.screener.excel_screener | STARTING EXCEL-DRIVEN SCREENER
2026-01-04 19:01:05,477 | INFO | src.screener.excel_screener | ============================================================
2026-01-04 19:01:07,156 | INFO | src.screener.excel_screener | Loaded 14 screener rules
2026-01-04 19:01:07,712 | INFO | src.screener.excel_screener | 
 ACTIVE FILTER RULES:
2026-01-04 19:01:09,198 | INFO | src.screener.excel_screener | Loaded 100 enabled stocks from universe
2026-01-04 19:01:11,224 | INFO | src.screener.excel_screener | Loaded sector mapping for 100 symbols
2026-01-04 19:01:11,866 | INFO | src.screener.excel_screener | Market Trend: BULLISH
2026-01-04 19:01:11,901 | INFO | src.screener.excel_screener | Successfully fetched data for 100/100 symbols
2026-01-04 19:01:11,901 | INFO | src.screener.excel_screener | Bulk data received: 100 symbols with data
2026-01-04 19:01:12,039 | INFO | src.screener.excel_screener | Starting screening of 100 symbols. Bulk data has 100 entries
2026-01-04 19:01:12,481 | INFO | src.screener.excel_screener | 
📊 REJECTION STATISTICS:
2026-01-04 19:01:12,481 | INFO | src.screener.excel_screener |    Total Processed: 100
2026-01-04 19:01:12,482 | INFO | src.screener.excel_screener |    Passed: 26
2026-01-04 19:01:12,482 | INFO | src.screener.excel_screener |    Rejected: 74
2026-01-04 19:01:12,482 | INFO | src.screener.excel_screener | 
   Top Rejection Reasons:
2026-01-04 19:01:12,482 | INFO | src.screener.excel_screener | Metrics calculated: 100, Passed: 26, Rejected: 74, Insufficient bars: 0, Missing data: 0
2026-01-04 19:01:12,484 | INFO | src.screener.excel_screener | Max trades (adjusted for BULLISH): 8
2026-01-04 19:01:12,484 | INFO | src.screener.excel_screener | 
============================================================
2026-01-04 19:01:12,484 | INFO | src.screener.excel_screener | TOP PICKS:
2026-01-04 19:01:12,484 | INFO | src.screener.excel_screener | ============================================================
2026-01-04 19:01:12,485 | INFO | src.screener.excel_screener | INDUSTOWER | Score:  47.37 | Price: Rs. 442.05 | BULLISH_TREND,HIGH_VOLUME,STRONG_TREND
2026-01-04 19:01:12,485 | INFO | src.screener.excel_screener | HINDALCO   | Score:  42.61 | Price: Rs. 925.70 | BULLISH_TREND,HIGH_VOLUME,STRONG_TREND
2026-01-04 19:01:12,485 | INFO | src.screener.excel_screener | COALINDIA  | Score:  39.61 | Price: Rs. 427.90 | BULLISH_TREND,HIGH_VOLUME,STRONG_TREND
2026-01-04 19:01:12,485 | INFO | src.screener.excel_screener | BLUEDART   | Score:  34.99 | Price: Rs.5593.50 | NEAR_EMA20,HIGH_VOLUME
2026-01-04 19:01:12,486 | INFO | src.screener.excel_screener | UPL        | Score:  34.61 | Price: Rs. 804.65 | BULLISH_TREND
2026-01-04 19:01:14,135 | INFO | src.screener.excel_screener | Written 8 results to Excel: SCREENER_OUTPUT
2026-01-04 19:01:14,678 | INFO | src.screener.excel_screener | ============================================================
2026-01-04 19:01:14,678 | INFO | src.screener.excel_screener | SCREENER COMPLETE
2026-01-04 19:01:14,678 | INFO | src.screener.excel_screener | ============================================================
2026-01-04 19:01:15,185 | INFO | src.strategies.market_detector | Market State (Real-time): BULLISH (0.38), Gap: NO_GAP (0.03%)
2026-01-04 19:01:15,407 | INFO | src.core.regime_weighting | Market regime change: None → MarketRegime.VOLATILE_NEUTRAL
2026-01-04 19:01:15,407 | WARNING | src.core.regime_weighting | Regime change to MarketRegime.VOLATILE_NEUTRAL - invalidating confidence
2026-01-04 19:01:15,407 | INFO | src.core.regime_weighting | Significant weight change - Session: POST_MARKET, Regime: VOLATILE_NEUTRAL
2026-01-04 19:01:15,408 | INFO | src.core.regime_weighting |   gap_trading: 0.17 (base: 0.25)
2026-01-04 19:01:15,408 | INFO | src.core.regime_weighting |   momentum_adaptive: 0.19 (base: 0.25)
2026-01-04 19:01:15,408 | INFO | src.core.regime_weighting |   volatility_regime: 0.52 (base: 0.25)
2026-01-04 19:01:15,408 | INFO | src.core.regime_weighting |   correlation_sync: 0.12 (base: 0.25)
2026-01-04 19:01:15,409 | INFO | src.strategies.adaptive_manager | Evaluating HINDALCO with strategies: ['gap_trading', 'momentum_adaptive', 'volatility_regime', 'correlation_sync'] | Weights: {'gap_trading': 0.16666666666666666, 'momentum_adaptive': 0.18750000000000003, 'volatility_regime': 0.5208333333333334, 'correlation_sync': 0.125}
2026-01-04 19:01:15,803 | INFO | src.core.engine | HINDALCO: Adaptive strategy approved - volatility_regime | SL: 0.80x, Target: 2.50x, Size: 1.29x
2026-01-04 19:01:15,803 | INFO | src.core.engine | HINDALCO: Reserving capital for proposed order - Value: Rs.925.70
2026-01-04 19:01:15,803 | ERROR | src.core.capital_manager | CAPITAL INVARIANT VIOLATION!
Total Capital: ₹5,000.00
Accounted:     ₹5,750.00
Difference:    ₹-750.00
Available:     ₹4,074.30
Reserved:      ₹925.70
Committed:     ₹0.00
Buffer:        ₹750.00
2026-01-04 19:01:15,804 | ERROR | src.core.capital_manager | CAPITAL INVARIANT VIOLATION!
Total Capital: ₹5,000.00
Accounted:     ₹5,750.00
Difference:    ₹-750.00
Available:     ₹5,000.00
Reserved:      ₹0.00
Committed:     ₹0.00
Buffer:        ₹750.00
2026-01-04 19:01:15,804 | ERROR | root | Paper trading error
Traceback (most recent call last):
  File "D:\Experimentals\TradingBot\Excel_driven_code\src\core\engine.py", line 294, in process_signal
    self.capital_mgr.reserve(symbol, order_value)
    ~~~~~~~~~~~~~~~~~~~~~~~~^^^^^^^^^^^^^^^^^^^^^
  File "D:\Experimentals\TradingBot\Excel_driven_code\src\core\capital_manager.py", line 139, in reserve
    self._validate_invariant()
    ~~~~~~~~~~~~~~~~~~~~~~~~^^
  File "D:\Experimentals\TradingBot\Excel_driven_code\src\core\capital_manager.py", line 443, in _validate_invariant
    raise ValueError("Capital accounting error - SYSTEM HALT")
ValueError: Capital accounting error - SYSTEM HALT

During handling of the above exception, another exception occurred:

Traceback (most recent call last):
  File "D:\Experimentals\TradingBot\Excel_driven_code\main.py", line 338, in run_paper_trading
    success, order_id = trader.process_signal(signal)
                        ~~~~~~~~~~~~~~~~~~~~~^^^^^^^^
  File "D:\Experimentals\TradingBot\Excel_driven_code\src\utils\..\..\src\execution\adapter.py", line 165, in process_signal
    success, order, reason = self.engine.process_signal(signal)
                             ~~~~~~~~~~~~~~~~~~~~~~~~~~^^^^^^^^
  File "D:\Experimentals\TradingBot\Excel_driven_code\src\core\engine.py", line 378, in process_signal
    self.capital_mgr.release_reservation(symbol, order_value)
    ~~~~~~~~~~~~~~~~~~~~~~~~~~~~~~~~~~~~^^^^^^^^^^^^^^^^^^^^^
  File "D:\Experimentals\TradingBot\Excel_driven_code\src\core\capital_manager.py", line 198, in release_reservation
    self._validate_invariant()
    ~~~~~~~~~~~~~~~~~~~~~~~~^^
  File "D:\Experimentals\TradingBot\Excel_driven_code\src\core\capital_manager.py", line 443, in _validate_invariant
    raise ValueError("Capital accounting error - SYSTEM HALT")
ValueError: Capital accounting error - SYSTEM HALT
2026-01-04 19:08:19,684 | INFO | config.enhanced_config_manager | Timing config loaded: enabled=False
2026-01-04 19:08:19,685 | INFO | src.core.state_manager | Clearing all state for fresh start
2026-01-04 19:08:19,687 | INFO | src.core.state_manager | State cleared successfully
2026-01-04 19:08:19,687 | INFO | src.core.risk_manager | Risk Manager initialized with comprehensive risk controls
2026-01-04 19:08:19,687 | INFO | src.screener.excel_screener | Excel screener initialized: MiniRobo.xlsx
2026-01-04 19:08:21,721 | INFO | src.screener.excel_screener | Loaded 100 enabled stocks from universe
2026-01-04 19:08:22,420 | INFO | src.core.warmup_manager | WarmupManager initialized for 10 symbols with 60 days lookback
2026-01-04 19:08:22,420 | INFO | src.core.warmup_manager | 🔥 Starting system warmup sequence...
2026-01-04 19:08:22,421 | INFO | src.core.warmup_manager |   🔄 Executing: load_market_data
2026-01-04 19:08:24,163 | INFO | src.core.warmup_manager | Market data loaded: 10/10 symbols, 430 total data points
2026-01-04 19:08:24,164 | INFO | src.core.warmup_manager |   ✅ Completed: load_market_data (1.74s, 430 data points)
2026-01-04 19:08:24,164 | INFO | src.core.warmup_manager |   🔄 Executing: calculate_indicators
2026-01-04 19:08:24,175 | INFO | src.core.warmup_manager | Technical indicators calculated: 130 total indicators
2026-01-04 19:08:24,175 | INFO | src.core.warmup_manager |   ✅ Completed: calculate_indicators (0.01s, 130 data points)
2026-01-04 19:08:24,176 | INFO | src.core.warmup_manager |   🔄 Executing: warmup_timing
2026-01-04 19:08:24,203 | INFO | src.core.confidence_manager | Reactive confidence manager initialized
2026-01-04 19:08:24,204 | INFO | src.core.realtime_monitor | Real-time market monitor initialized with 60s update interval
2026-01-04 19:08:24,204 | INFO | src.core.data_risk_mitigator | Data source risk mitigator initialized
2026-01-04 19:08:24,205 | INFO | src.strategies.market_detector | Registered real-time callbacks for market events
2026-01-04 19:08:24,205 | INFO | src.core.realtime_monitor | Started monitoring 0 symbols
2026-01-04 19:08:24,205 | INFO | src.strategies.market_detector | Enhanced real-time market detector initialized
2026-01-04 19:08:24,205 | INFO | src.timing.market_regime | Unified MarketRegimeManager initialized
2026-01-04 19:08:24,618 | INFO | src.strategies.market_detector | Market State (Real-time): BULLISH (0.38), Gap: NO_GAP (0.03%)
2026-01-04 19:08:24,619 | INFO | src.timing.market_regime | [MARKET REGIME] VOLATILE | confidence=0.38 | volatility=HIGH
2026-01-04 19:08:24,619 | INFO | src.core.warmup_manager | Timing components warmed up - Current regime: (<MarketRegime.HIGH_VOLATILITY: 'VOLATILE'>, 0.384028654853814)
2026-01-04 19:08:24,619 | INFO | src.core.warmup_manager |   ✅ Completed: warmup_timing (0.44s, 1 data points)
2026-01-04 19:08:24,619 | INFO | src.core.warmup_manager |   🔄 Executing: warmup_regime
2026-01-04 19:08:24,622 | INFO | src.core.warmup_manager | Market regime detection warmed up for 5 symbols
2026-01-04 19:08:24,623 | INFO | src.core.warmup_manager |   ✅ Completed: warmup_regime (0.00s, 5 data points)
2026-01-04 19:08:24,623 | INFO | src.core.warmup_manager |   🔄 Executing: warmup_strategies
2026-01-04 19:08:24,623 | INFO | src.core.confidence_manager | Reactive confidence manager initialized
2026-01-04 19:08:24,623 | INFO | src.core.realtime_monitor | Real-time market monitor initialized with 60s update interval
2026-01-04 19:08:24,624 | INFO | src.core.data_risk_mitigator | Data source risk mitigator initialized
2026-01-04 19:08:24,624 | INFO | src.strategies.market_detector | Registered real-time callbacks for market events
2026-01-04 19:08:24,624 | INFO | src.core.realtime_monitor | Started monitoring 0 symbols
2026-01-04 19:08:24,624 | INFO | src.strategies.market_detector | Enhanced real-time market detector initialized
2026-01-04 19:08:24,624 | INFO | src.core.regime_weighting | Regime-aware strategy weighting system initialized
2026-01-04 19:08:24,625 | INFO | src.strategies.gap_trading | Gap trading strategy initialized
2026-01-04 19:08:24,625 | INFO | src.strategies.momentum_adaptive | Momentum adaptive strategy initialized
2026-01-04 19:08:24,625 | INFO | src.strategies.volatility_regime | Volatility regime strategy initialized
2026-01-04 19:08:24,625 | INFO | src.core.confidence_manager | Reactive confidence manager initialized
2026-01-04 19:08:24,626 | INFO | src.strategies.correlation_sync | Correlation sync strategy initialized with reactive confidence management
2026-01-04 19:08:24,626 | INFO | src.strategies.adaptive_manager | Adaptive strategy manager initialized with regime-aware weighting in AUTO mode
2026-01-04 19:08:25,049 | INFO | src.strategies.market_detector | Market State (Real-time): BULLISH (0.38), Gap: NO_GAP (0.03%)
2026-01-04 19:08:25,194 | INFO | src.core.regime_weighting | Market regime change: None → MarketRegime.VOLATILE_NEUTRAL
2026-01-04 19:08:25,195 | WARNING | src.core.regime_weighting | Regime change to MarketRegime.VOLATILE_NEUTRAL - invalidating confidence
2026-01-04 19:08:25,195 | INFO | src.core.regime_weighting | Significant weight change - Session: POST_MARKET, Regime: VOLATILE_NEUTRAL
2026-01-04 19:08:25,195 | INFO | src.core.regime_weighting |   gap_trading: 0.17 (base: 0.25)
2026-01-04 19:08:25,196 | INFO | src.core.regime_weighting |   momentum_adaptive: 0.19 (base: 0.25)
2026-01-04 19:08:25,196 | INFO | src.core.regime_weighting |   volatility_regime: 0.52 (base: 0.25)
2026-01-04 19:08:25,196 | INFO | src.core.regime_weighting |   correlation_sync: 0.12 (base: 0.25)
2026-01-04 19:08:25,196 | INFO | src.strategies.adaptive_manager | Evaluating HDFCBANK with strategies: ['gap_trading', 'momentum_adaptive', 'volatility_regime', 'correlation_sync'] | Weights: {'gap_trading': 0.16666666666666666, 'momentum_adaptive': 0.18750000000000003, 'volatility_regime': 0.5208333333333334, 'correlation_sync': 0.125}
2026-01-04 19:08:25,570 | INFO | src.strategies.correlation_sync | Correlation entry approved for HDFCBANK: Correlation entry: MEDIUM correlation (0.565) | Regime: MEDIUM | Confidence: 0.79 (reactive: 0.00)
2026-01-04 19:08:25,717 | INFO | src.core.regime_weighting | Significant weight change - Session: POST_MARKET, Regime: VOLATILE_NEUTRAL
2026-01-04 19:08:25,718 | INFO | src.core.regime_weighting |   gap_trading: 0.17 (base: 0.25)
2026-01-04 19:08:25,718 | INFO | src.core.regime_weighting |   momentum_adaptive: 0.19 (base: 0.25)
2026-01-04 19:08:25,718 | INFO | src.core.regime_weighting |   volatility_regime: 0.52 (base: 0.25)
2026-01-04 19:08:25,718 | INFO | src.core.regime_weighting |   correlation_sync: 0.12 (base: 0.25)
2026-01-04 19:08:25,719 | INFO | src.strategies.adaptive_manager | Evaluating ICICIBANK with strategies: ['gap_trading', 'momentum_adaptive', 'volatility_regime', 'correlation_sync'] | Weights: {'gap_trading': 0.16666666666666666, 'momentum_adaptive': 0.18750000000000003, 'volatility_regime': 0.5208333333333334, 'correlation_sync': 0.125}
2026-01-04 19:08:25,719 | INFO | src.strategies.correlation_sync | Correlation entry approved for ICICIBANK: Correlation entry: MEDIUM correlation (0.400) | Regime: MEDIUM | Confidence: 0.61 (reactive: 0.00)
2026-01-04 19:08:25,890 | INFO | src.core.regime_weighting | Significant weight change - Session: POST_MARKET, Regime: VOLATILE_NEUTRAL
2026-01-04 19:08:25,890 | INFO | src.core.regime_weighting |   gap_trading: 0.17 (base: 0.25)
2026-01-04 19:08:25,891 | INFO | src.core.regime_weighting |   momentum_adaptive: 0.19 (base: 0.25)
2026-01-04 19:08:25,891 | INFO | src.core.regime_weighting |   volatility_regime: 0.52 (base: 0.25)
2026-01-04 19:08:25,892 | INFO | src.core.regime_weighting |   correlation_sync: 0.12 (base: 0.25)
2026-01-04 19:08:25,892 | INFO | src.strategies.adaptive_manager | Evaluating KOTAKBANK with strategies: ['gap_trading', 'momentum_adaptive', 'volatility_regime', 'correlation_sync'] | Weights: {'gap_trading': 0.16666666666666666, 'momentum_adaptive': 0.18750000000000003, 'volatility_regime': 0.5208333333333334, 'correlation_sync': 0.125}
2026-01-04 19:08:25,892 | INFO | src.core.warmup_manager | Strategy managers warmed up for 3 symbols
2026-01-04 19:08:25,892 | INFO | src.core.warmup_manager |   ✅ Completed: warmup_strategies (1.27s, 3 data points)
2026-01-04 19:08:25,893 | INFO | src.core.warmup_manager |   🔄 Executing: validate_warmup
2026-01-04 19:08:25,893 | WARNING | src.core.warmup_manager | Low data quality for HDFCBANK.SMA_50: 0 points
2026-01-04 19:08:25,894 | WARNING | src.core.warmup_manager | Low data quality for ICICIBANK.SMA_50: 0 points
2026-01-04 19:08:25,895 | WARNING | src.core.warmup_manager | Low data quality for KOTAKBANK.SMA_50: 0 points
2026-01-04 19:08:25,895 | WARNING | src.core.warmup_manager | Low data quality for AXISBANK.SMA_50: 0 points
2026-01-04 19:08:25,896 | WARNING | src.core.warmup_manager | Low data quality for SBIN.SMA_50: 0 points
2026-01-04 19:08:25,897 | WARNING | src.core.warmup_manager | Low data quality for TCS.SMA_50: 0 points
2026-01-04 19:08:25,898 | WARNING | src.core.warmup_manager | Low data quality for INFY.SMA_50: 0 points
2026-01-04 19:08:25,898 | WARNING | src.core.warmup_manager | Low data quality for HCLTECH.SMA_50: 0 points
2026-01-04 19:08:25,899 | WARNING | src.core.warmup_manager | Low data quality for WIPRO.SMA_50: 0 points
2026-01-04 19:08:25,900 | WARNING | src.core.warmup_manager | Low data quality for TECHM.SMA_50: 0 points
2026-01-04 19:08:25,901 | INFO | src.core.warmup_manager | Warmup validation passed: 4/4 checks
2026-01-04 19:08:25,901 | INFO | src.core.warmup_manager |   ✅ Completed: validate_warmup (0.01s, 4 data points)
2026-01-04 19:08:25,902 | INFO | src.core.warmup_manager | ✅ Warmup COMPLETED in 3.48 seconds
2026-01-04 19:08:25,902 | INFO | src.core.warmup_manager | ============================================================
2026-01-04 19:08:25,902 | INFO | src.core.warmup_manager | WARMUP SUMMARY
2026-01-04 19:08:25,902 | INFO | src.core.warmup_manager | ============================================================
2026-01-04 19:08:25,902 | INFO | src.core.warmup_manager | Status: SUCCESS
2026-01-04 19:08:25,903 | INFO | src.core.warmup_manager | Duration: 3.48 seconds
2026-01-04 19:08:25,903 | INFO | src.core.warmup_manager | Symbols warmed: 10/10
2026-01-04 19:08:25,903 | INFO | src.core.warmup_manager | Tasks completed: 6/6
2026-01-04 19:08:25,903 | INFO | src.core.warmup_manager | Indicator Status:
2026-01-04 19:08:25,903 | INFO | src.core.warmup_manager |   ✅ SMA_20
2026-01-04 19:08:25,904 | INFO | src.core.warmup_manager |   ✅ SMA_50
2026-01-04 19:08:25,904 | INFO | src.core.warmup_manager |   ✅ EMA_12
2026-01-04 19:08:25,904 | INFO | src.core.warmup_manager |   ✅ EMA_26
2026-01-04 19:08:25,904 | INFO | src.core.warmup_manager |   ✅ RSI_14
2026-01-04 19:08:25,905 | INFO | src.core.warmup_manager |   ✅ MACD
2026-01-04 19:08:25,905 | INFO | src.core.warmup_manager |   ✅ ATR_14
2026-01-04 19:08:25,905 | INFO | src.core.warmup_manager | ============================================================
2026-01-04 19:08:25,908 | INFO | src.utils.sector_manager | Sector manager initialized
2026-01-04 19:08:25,908 | INFO | src.core.capital_manager | Capital Manager initialized: Total=₹5,000.00, Buffer=₹750.00, Available=₹5,000.00
2026-01-04 19:08:25,909 | INFO | src.core.risk_manager | Risk Manager initialized with comprehensive risk controls
2026-01-04 19:08:25,909 | INFO | src.core.risk_governor | Added risk rule: EmergencyStop (priority: 5)
2026-01-04 19:08:25,909 | INFO | src.core.risk_governor | Added risk rule: MarketHours (priority: 10)
2026-01-04 19:08:25,909 | INFO | src.core.risk_governor | Added risk rule: DailyLossLimit (priority: 15)
2026-01-04 19:08:25,909 | INFO | src.core.risk_governor | Added risk rule: VolatilityAdjustment (priority: 25)
2026-01-04 19:08:25,909 | INFO | src.core.risk_governor | Risk Governor initialized with 4 risk rules
2026-01-04 19:08:25,910 | INFO | src.core.warmup_manager | WarmupManager initialized for 100 symbols with 60 days lookback
2026-01-04 19:08:25,910 | INFO | src.core.confidence_manager | Reactive confidence manager initialized
2026-01-04 19:08:25,910 | INFO | src.core.realtime_monitor | Real-time market monitor initialized with 60s update interval
2026-01-04 19:08:25,910 | INFO | src.core.data_risk_mitigator | Data source risk mitigator initialized
2026-01-04 19:08:25,911 | INFO | src.strategies.market_detector | Registered real-time callbacks for market events
2026-01-04 19:08:25,911 | INFO | src.core.realtime_monitor | Started monitoring 0 symbols
2026-01-04 19:08:25,911 | INFO | src.strategies.market_detector | Enhanced real-time market detector initialized
2026-01-04 19:08:25,911 | INFO | src.core.regime_weighting | Regime-aware strategy weighting system initialized
2026-01-04 19:08:25,911 | INFO | src.strategies.gap_trading | Gap trading strategy initialized
2026-01-04 19:08:25,913 | INFO | src.strategies.momentum_adaptive | Momentum adaptive strategy initialized
2026-01-04 19:08:25,913 | INFO | src.strategies.volatility_regime | Volatility regime strategy initialized
2026-01-04 19:08:25,913 | INFO | src.core.confidence_manager | Reactive confidence manager initialized
2026-01-04 19:08:25,914 | INFO | src.strategies.correlation_sync | Correlation sync strategy initialized with reactive confidence management
2026-01-04 19:08:25,914 | INFO | src.strategies.adaptive_manager | Adaptive strategy manager initialized with regime-aware weighting in AUTO mode
2026-01-04 19:08:25,914 | INFO | src.core.engine | Adaptive strategies initialized successfully
2026-01-04 19:08:25,914 | INFO | src.core.engine | Trading engine initialized with timing intelligence disabled
2026-01-04 19:08:25,914 | INFO | src.core.engine | Trading engine initialized with enhanced risk management
2026-01-04 19:08:25,914 | INFO | src.execution.adapter | Initialized PAPER execution adapter
2026-01-04 19:08:25,915 | INFO | src.broker.zerodha | ZerodhaBroker initialized in PAPER mode
2026-01-04 19:08:25,915 | INFO | src.broker.zerodha | Paper trading: No real connection required
2026-01-04 19:08:25,915 | INFO | src.execution.paper | Paper trading initialized
2026-01-04 19:08:25,915 | INFO | src.execution.paper | Paper trading mode initialized
2026-01-04 19:08:25,917 | INFO | src.core.system_arming | Added kill switch: emergency_file (Critical)
2026-01-04 19:08:25,918 | INFO | src.core.system_arming | Added kill switch: daily_loss_limit (Critical)
2026-01-04 19:08:25,918 | INFO | src.core.system_arming | Added kill switch: capital_availability (Critical)
2026-01-04 19:08:25,918 | INFO | src.core.system_arming | Added kill switch: market_hours (Non-critical)
2026-01-04 19:08:25,918 | INFO | src.core.system_arming | Added kill switch: system_health (Critical)
2026-01-04 19:08:25,918 | INFO | src.core.system_arming | Added kill switch: config_integrity (Critical)
2026-01-04 19:08:25,919 | INFO | src.core.system_arming | Added kill switch: state_integrity (Critical)
2026-01-04 19:08:25,919 | INFO | src.core.system_arming | System Arming initialized with 7 kill switches
2026-01-04 19:08:25,919 | INFO | src.core.system_arming | Starting system arming sequence...
2026-01-04 19:08:25,926 | INFO | src.core.system_arming | 🔒 SYSTEM ARMED at 19:08:25
2026-01-04 19:08:25,928 | WARNING | src.core.engine | No regime manager available
2026-01-04 19:08:25,929 | INFO | src.screener.excel_screener | ============================================================
2026-01-04 19:08:25,929 | INFO | src.screener.excel_screener | STARTING EXCEL-DRIVEN SCREENER
2026-01-04 19:08:25,929 | INFO | src.screener.excel_screener | ============================================================
2026-01-04 19:08:28,220 | INFO | src.screener.excel_screener | Loaded 14 screener rules
2026-01-04 19:08:28,893 | INFO | src.screener.excel_screener | 
 ACTIVE FILTER RULES:
2026-01-04 19:08:30,999 | INFO | src.screener.excel_screener | Loaded 100 enabled stocks from universe
2026-01-04 19:08:33,741 | INFO | src.screener.excel_screener | Loaded sector mapping for 100 symbols
2026-01-04 19:08:34,484 | INFO | src.screener.excel_screener | Market Trend: BULLISH
2026-01-04 19:08:34,523 | INFO | src.screener.excel_screener | Successfully fetched data for 100/100 symbols
2026-01-04 19:08:34,523 | INFO | src.screener.excel_screener | Bulk data received: 100 symbols with data
2026-01-04 19:08:34,641 | INFO | src.screener.excel_screener | Starting screening of 100 symbols. Bulk data has 100 entries
2026-01-04 19:08:35,105 | INFO | src.screener.excel_screener | 
📊 REJECTION STATISTICS:
2026-01-04 19:08:35,106 | INFO | src.screener.excel_screener |    Total Processed: 100
2026-01-04 19:08:35,106 | INFO | src.screener.excel_screener |    Passed: 26
2026-01-04 19:08:35,107 | INFO | src.screener.excel_screener |    Rejected: 74
2026-01-04 19:08:35,107 | INFO | src.screener.excel_screener | 
   Top Rejection Reasons:
2026-01-04 19:08:35,107 | INFO | src.screener.excel_screener | Metrics calculated: 100, Passed: 26, Rejected: 74, Insufficient bars: 0, Missing data: 0
2026-01-04 19:08:35,108 | INFO | src.screener.excel_screener | Max trades (adjusted for BULLISH): 8
2026-01-04 19:08:35,109 | INFO | src.screener.excel_screener | 
============================================================
2026-01-04 19:08:35,109 | INFO | src.screener.excel_screener | TOP PICKS:
2026-01-04 19:08:35,109 | INFO | src.screener.excel_screener | ============================================================
2026-01-04 19:08:35,110 | INFO | src.screener.excel_screener | INDUSTOWER | Score:  47.37 | Price: Rs. 442.05 | BULLISH_TREND,HIGH_VOLUME,STRONG_TREND
2026-01-04 19:08:35,110 | INFO | src.screener.excel_screener | HINDALCO   | Score:  42.61 | Price: Rs. 925.70 | BULLISH_TREND,HIGH_VOLUME,STRONG_TREND
2026-01-04 19:08:35,111 | INFO | src.screener.excel_screener | COALINDIA  | Score:  39.61 | Price: Rs. 427.90 | BULLISH_TREND,HIGH_VOLUME,STRONG_TREND
2026-01-04 19:08:35,111 | INFO | src.screener.excel_screener | BLUEDART   | Score:  34.99 | Price: Rs.5593.50 | NEAR_EMA20,HIGH_VOLUME
2026-01-04 19:08:35,111 | INFO | src.screener.excel_screener | UPL        | Score:  34.61 | Price: Rs. 804.65 | BULLISH_TREND
2026-01-04 19:08:37,667 | INFO | src.screener.excel_screener | Written 8 results to Excel: SCREENER_OUTPUT
2026-01-04 19:08:38,379 | INFO | src.screener.excel_screener | ============================================================
2026-01-04 19:08:38,380 | INFO | src.screener.excel_screener | SCREENER COMPLETE
2026-01-04 19:08:38,380 | INFO | src.screener.excel_screener | ============================================================
2026-01-04 19:08:38,828 | INFO | src.strategies.market_detector | Market State (Real-time): BULLISH (0.38), Gap: NO_GAP (0.03%)
2026-01-04 19:08:38,971 | INFO | src.core.regime_weighting | Market regime change: None → MarketRegime.VOLATILE_NEUTRAL
2026-01-04 19:08:38,971 | WARNING | src.core.regime_weighting | Regime change to MarketRegime.VOLATILE_NEUTRAL - invalidating confidence
2026-01-04 19:08:38,971 | INFO | src.core.regime_weighting | Significant weight change - Session: POST_MARKET, Regime: VOLATILE_NEUTRAL
2026-01-04 19:08:38,972 | INFO | src.core.regime_weighting |   gap_trading: 0.17 (base: 0.25)
2026-01-04 19:08:38,972 | INFO | src.core.regime_weighting |   momentum_adaptive: 0.19 (base: 0.25)
2026-01-04 19:08:38,972 | INFO | src.core.regime_weighting |   volatility_regime: 0.52 (base: 0.25)
2026-01-04 19:08:38,972 | INFO | src.core.regime_weighting |   correlation_sync: 0.12 (base: 0.25)
2026-01-04 19:08:38,972 | INFO | src.strategies.adaptive_manager | Evaluating HINDALCO with strategies: ['gap_trading', 'momentum_adaptive', 'volatility_regime', 'correlation_sync'] | Weights: {'gap_trading': 0.16666666666666666, 'momentum_adaptive': 0.18750000000000003, 'volatility_regime': 0.5208333333333334, 'correlation_sync': 0.125}
2026-01-04 19:08:39,404 | INFO | src.core.engine | HINDALCO: Adaptive strategy approved - volatility_regime | SL: 0.80x, Target: 2.50x, Size: 1.29x
2026-01-04 19:08:39,405 | INFO | src.core.engine | HINDALCO: Reserving capital for proposed order - Value: Rs.925.70
2026-01-04 19:08:39,405 | INFO | src.core.capital_manager | HINDALCO: Reserved ₹925.70 | Available: ₹4074.30, Reserved: ₹925.70
2026-01-04 19:08:39,405 | INFO | src.core.engine | HINDALCO: Reserved capital for proposed order - Value: Rs.925.70
2026-01-04 19:08:39,405 | INFO | src.core.risk_governor | Risk Governor evaluating trade: HINDALCO x 1
2026-01-04 19:08:39,406 | INFO | src.core.risk_manager | Risk assessment for HINDALCO: APPROVED (Score: 10.0, Level: LOW)
2026-01-04 19:08:39,406 | INFO | src.core.risk_governor | Risk Governor final decision: APPROVE for HINDALCO
2026-01-04 19:08:39,406 | INFO | src.core.engine | HINDALCO: Risk Governor APPROVED
2026-01-04 19:08:39,409 | INFO | src.core.engine | HINDALCO: Order created | BUY 1 @ Rs.925.70 | SL: Rs.911.90, Target: Rs.968.80
2026-01-04 19:08:39,608 | INFO | src.broker.zerodha | PAPER OrderSide.BUY   1 HINDALCO @ ₹925.70 | Order: PAPER-HINDALCO-OrderSide.BUY-1767533919608
2026-01-04 19:08:39,608 | INFO | src.execution.paper | HINDALCO: Paper order placed | OrderSide.BUY 1 @ ₹925.70 | Order: PAPER-HINDALCO-OrderSide.BUY-1767533919608
2026-01-04 19:08:39,609 | INFO | src.execution.adapter | HINDALCO: Signal processed and order placed
2026-01-04 19:08:39,795 | INFO | src.core.regime_weighting | Significant weight change - Session: POST_MARKET, Regime: VOLATILE_NEUTRAL
2026-01-04 19:08:39,796 | INFO | src.core.regime_weighting |   gap_trading: 0.17 (base: 0.25)
2026-01-04 19:08:39,796 | INFO | src.core.regime_weighting |   momentum_adaptive: 0.19 (base: 0.25)
2026-01-04 19:08:39,796 | INFO | src.core.regime_weighting |   volatility_regime: 0.52 (base: 0.25)
2026-01-04 19:08:39,797 | INFO | src.core.regime_weighting |   correlation_sync: 0.12 (base: 0.25)
2026-01-04 19:08:39,797 | INFO | src.strategies.adaptive_manager | Evaluating COALINDIA with strategies: ['gap_trading', 'momentum_adaptive', 'volatility_regime', 'correlation_sync'] | Weights: {'gap_trading': 0.16666666666666666, 'momentum_adaptive': 0.18750000000000003, 'volatility_regime': 0.5208333333333334, 'correlation_sync': 0.125}
2026-01-04 19:08:39,797 | INFO | src.core.engine | COALINDIA: Adaptive strategy approved - volatility_regime | SL: 0.80x, Target: 2.50x, Size: 1.29x
2026-01-04 19:08:39,797 | INFO | src.core.engine | COALINDIA: Reserving capital for proposed order - Value: Rs.2,139.50
2026-01-04 19:08:39,798 | INFO | src.core.capital_manager | COALINDIA: Reserved ₹2139.50 | Available: ₹1934.80, Reserved: ₹3065.20
2026-01-04 19:08:39,798 | INFO | src.core.engine | COALINDIA: Reserved capital for proposed order - Value: Rs.2,139.50
2026-01-04 19:08:39,798 | INFO | src.core.risk_governor | Risk Governor evaluating trade: COALINDIA x 5
2026-01-04 19:08:39,798 | INFO | src.core.risk_manager | Risk assessment for COALINDIA: APPROVED (Score: 10.0, Level: LOW)
2026-01-04 19:08:39,799 | INFO | src.core.risk_governor | Risk Governor final decision: APPROVE for COALINDIA
2026-01-04 19:08:39,799 | INFO | src.core.engine | COALINDIA: Risk Governor APPROVED
2026-01-04 19:08:39,802 | INFO | src.core.engine | COALINDIA: Order created | BUY 5 @ Rs.427.90 | SL: Rs.422.05, Target: Rs.446.20
2026-01-04 19:08:39,956 | INFO | src.broker.zerodha | PAPER OrderSide.BUY   5 COALINDIA @ ₹429.25 | Order: PAPER-COALINDIA-OrderSide.BUY-1767533919956
2026-01-04 19:08:39,956 | INFO | src.execution.paper | COALINDIA: Paper order placed | OrderSide.BUY 5 @ ₹429.25 | Order: PAPER-COALINDIA-OrderSide.BUY-1767533919956
2026-01-04 19:08:39,957 | INFO | src.execution.adapter | COALINDIA: Signal processed and order placed
2026-01-04 19:08:40,138 | INFO | src.core.regime_weighting | Significant weight change - Session: POST_MARKET, Regime: VOLATILE_NEUTRAL
2026-01-04 19:08:40,138 | INFO | src.core.regime_weighting |   gap_trading: 0.17 (base: 0.25)
2026-01-04 19:08:40,139 | INFO | src.core.regime_weighting |   momentum_adaptive: 0.19 (base: 0.25)
2026-01-04 19:08:40,139 | INFO | src.core.regime_weighting |   volatility_regime: 0.52 (base: 0.25)
2026-01-04 19:08:40,139 | INFO | src.core.regime_weighting |   correlation_sync: 0.12 (base: 0.25)
2026-01-04 19:08:40,139 | INFO | src.strategies.adaptive_manager | Evaluating INDUSTOWER with strategies: ['gap_trading', 'momentum_adaptive', 'volatility_regime', 'correlation_sync'] | Weights: {'gap_trading': 0.16666666666666666, 'momentum_adaptive': 0.18750000000000003, 'volatility_regime': 0.5208333333333334, 'correlation_sync': 0.125}
2026-01-04 19:08:40,139 | INFO | src.core.engine | INDUSTOWER: Adaptive strategy approved - volatility_regime | SL: 0.80x, Target: 2.50x, Size: 1.29x
2026-01-04 19:08:40,140 | INFO | src.core.engine | INDUSTOWER: Reserving capital for proposed order - Value: Rs.884.10
2026-01-04 19:08:40,140 | INFO | src.core.capital_manager | INDUSTOWER: Reserved ₹884.10 | Available: ₹1050.70, Reserved: ₹3949.30
2026-01-04 19:08:40,140 | INFO | src.core.engine | INDUSTOWER: Reserved capital for proposed order - Value: Rs.884.10
2026-01-04 19:08:40,141 | INFO | src.core.risk_governor | Risk Governor evaluating trade: INDUSTOWER x 2
2026-01-04 19:08:40,141 | INFO | src.core.risk_manager | Risk assessment for INDUSTOWER: APPROVED (Score: 10.0, Level: LOW)
2026-01-04 19:08:40,141 | INFO | src.core.risk_governor | Risk Governor final decision: APPROVE for INDUSTOWER
2026-01-04 19:08:40,141 | INFO | src.core.engine | INDUSTOWER: Risk Governor APPROVED
2026-01-04 19:08:40,145 | INFO | src.core.engine | INDUSTOWER: Order created | BUY 2 @ Rs.442.05 | SL: Rs.433.45, Target: Rs.468.95
2026-01-04 19:08:40,314 | INFO | src.broker.zerodha | PAPER OrderSide.BUY   2 INDUSTOWER @ ₹442.05 | Order: PAPER-INDUSTOWER-OrderSide.BUY-1767533920314
2026-01-04 19:08:40,314 | INFO | src.execution.paper | INDUSTOWER: Paper order placed | OrderSide.BUY 2 @ ₹442.05 | Order: PAPER-INDUSTOWER-OrderSide.BUY-1767533920314
2026-01-04 19:08:40,315 | INFO | src.execution.adapter | INDUSTOWER: Signal processed and order placed
2026-01-04 19:08:40,478 | INFO | src.core.regime_weighting | Significant weight change - Session: POST_MARKET, Regime: VOLATILE_NEUTRAL
2026-01-04 19:08:40,479 | INFO | src.core.regime_weighting |   gap_trading: 0.17 (base: 0.25)
2026-01-04 19:08:40,479 | INFO | src.core.regime_weighting |   momentum_adaptive: 0.19 (base: 0.25)
2026-01-04 19:08:40,479 | INFO | src.core.regime_weighting |   volatility_regime: 0.52 (base: 0.25)
2026-01-04 19:08:40,479 | INFO | src.core.regime_weighting |   correlation_sync: 0.12 (base: 0.25)
2026-01-04 19:08:40,480 | INFO | src.strategies.adaptive_manager | Evaluating UPL with strategies: ['gap_trading', 'momentum_adaptive', 'volatility_regime', 'correlation_sync'] | Weights: {'gap_trading': 0.16666666666666666, 'momentum_adaptive': 0.18750000000000003, 'volatility_regime': 0.5208333333333334, 'correlation_sync': 0.125}
2026-01-04 19:08:40,480 | INFO | src.core.engine | UPL: Adaptive strategy approved - momentum_adaptive | SL: 0.80x, Target: 2.50x, Size: 1.00x
2026-01-04 19:08:40,480 | INFO | src.core.engine | UPL: Reserving capital for proposed order - Value: Rs.1,609.30
2026-01-04 19:08:40,480 | ERROR | src.core.capital_manager | RESERVE FAILED for UPL: Need ₹1609.30, have ₹1050.70
Current State:
  Available: ₹1,050.70
  Reserved:  ₹3,949.30
  Committed: ₹0.00
  Buffer:    ₹750.00
2026-01-04 19:08:40,481 | INFO | src.core.capital_manager | UPL: Released ₹1609.30 | Available: ₹2660.00, Reserved: ₹2340.00
2026-01-04 19:08:40,481 | ERROR | src.core.engine | Error processing signal for UPL: Insufficient capital. Need Rs.1609.30, have Rs.1050.70 releasing capital reservation Rs.1,609.30
2026-01-04 19:08:40,626 | INFO | src.core.regime_weighting | Significant weight change - Session: POST_MARKET, Regime: VOLATILE_NEUTRAL
2026-01-04 19:08:40,627 | INFO | src.core.regime_weighting |   gap_trading: 0.17 (base: 0.25)
2026-01-04 19:08:40,627 | INFO | src.core.regime_weighting |   momentum_adaptive: 0.19 (base: 0.25)
2026-01-04 19:08:40,627 | INFO | src.core.regime_weighting |   volatility_regime: 0.52 (base: 0.25)
2026-01-04 19:08:40,627 | INFO | src.core.regime_weighting |   correlation_sync: 0.12 (base: 0.25)
2026-01-04 19:08:40,628 | INFO | src.strategies.adaptive_manager | Evaluating SRF with strategies: ['gap_trading', 'momentum_adaptive', 'volatility_regime', 'correlation_sync'] | Weights: {'gap_trading': 0.16666666666666666, 'momentum_adaptive': 0.18750000000000003, 'volatility_regime': 0.5208333333333334, 'correlation_sync': 0.125}
2026-01-04 19:08:40,628 | INFO | src.core.engine | SRF: Adaptive strategy approved - momentum_adaptive | SL: 0.80x, Target: 2.50x, Size: 1.00x
2026-01-04 19:08:40,628 | INFO | src.core.engine | SRF: Reserving capital for proposed order - Value: Rs.3,059.50
2026-01-04 19:08:40,628 | ERROR | src.core.capital_manager | RESERVE FAILED for SRF: Need ₹3059.50, have ₹2660.00
Current State:
  Available: ₹2,660.00
  Reserved:  ₹2,340.00
  Committed: ₹0.00
  Buffer:    ₹750.00
2026-01-04 19:08:40,629 | WARNING | src.core.capital_manager | SRF: Cannot release ₹3059.50, only ₹2340.00 reserved. Releasing available.
2026-01-04 19:08:40,629 | INFO | src.core.capital_manager | SRF: Released ₹2340.00 | Available: ₹5000.00, Reserved: ₹0.00
2026-01-04 19:08:40,629 | ERROR | src.core.engine | Error processing signal for SRF: Insufficient capital. Need Rs.3059.50, have Rs.2660.00 releasing capital reservation Rs.3,059.50
2026-01-04 19:08:40,790 | INFO | src.core.regime_weighting | Significant weight change - Session: POST_MARKET, Regime: VOLATILE_NEUTRAL
2026-01-04 19:08:40,790 | INFO | src.core.regime_weighting |   gap_trading: 0.17 (base: 0.25)
2026-01-04 19:08:40,790 | INFO | src.core.regime_weighting |   momentum_adaptive: 0.19 (base: 0.25)
2026-01-04 19:08:40,790 | INFO | src.core.regime_weighting |   volatility_regime: 0.52 (base: 0.25)
2026-01-04 19:08:40,791 | INFO | src.core.regime_weighting |   correlation_sync: 0.12 (base: 0.25)
2026-01-04 19:08:40,791 | INFO | src.strategies.adaptive_manager | Evaluating CUMMINSIND with strategies: ['gap_trading', 'momentum_adaptive', 'volatility_regime', 'correlation_sync'] | Weights: {'gap_trading': 0.16666666666666666, 'momentum_adaptive': 0.18750000000000003, 'volatility_regime': 0.5208333333333334, 'correlation_sync': 0.125}
2026-01-04 19:08:40,792 | INFO | src.core.engine | CUMMINSIND: Adaptive strategy approved - momentum_adaptive | SL: 0.80x, Target: 2.50x, Size: 1.00x
2026-01-04 19:08:40,792 | INFO | src.core.engine | CUMMINSIND: Reserving capital for proposed order - Value: Rs.4,482.10
2026-01-04 19:08:40,793 | INFO | src.core.capital_manager | CUMMINSIND: Reserved ₹4482.10 | Available: ₹517.90, Reserved: ₹4482.10
2026-01-04 19:08:40,793 | INFO | src.core.engine | CUMMINSIND: Reserved capital for proposed order - Value: Rs.4,482.10
2026-01-04 19:08:40,793 | INFO | src.core.risk_governor | Risk Governor evaluating trade: CUMMINSIND x 1
2026-01-04 19:08:40,794 | INFO | src.core.risk_manager | Risk assessment for CUMMINSIND: APPROVED (Score: 50.0, Level: MEDIUM)
2026-01-04 19:08:40,794 | INFO | src.core.risk_governor | Risk Governor final decision: APPROVE for CUMMINSIND
2026-01-04 19:08:40,794 | INFO | src.core.engine | CUMMINSIND: Risk Governor APPROVED
2026-01-04 19:08:40,797 | INFO | src.core.engine | CUMMINSIND: Order created | BUY 1 @ Rs.4482.10 | SL: Rs.4409.75, Target: Rs.4708.25
2026-01-04 19:08:40,926 | INFO | src.broker.zerodha | PAPER OrderSide.BUY   1 CUMMINSIND @ ₹4489.90 | Order: PAPER-CUMMINSIND-OrderSide.BUY-1767533920926
2026-01-04 19:08:40,926 | INFO | src.execution.paper | CUMMINSIND: Paper order placed | OrderSide.BUY 1 @ ₹4489.90 | Order: PAPER-CUMMINSIND-OrderSide.BUY-1767533920926
2026-01-04 19:08:40,927 | INFO | src.execution.adapter | CUMMINSIND: Signal processed and order placed
2026-01-04 19:08:41,081 | INFO | src.core.regime_weighting | Significant weight change - Session: POST_MARKET, Regime: VOLATILE_NEUTRAL
2026-01-04 19:08:41,081 | INFO | src.core.regime_weighting |   gap_trading: 0.17 (base: 0.25)
2026-01-04 19:08:41,082 | INFO | src.core.regime_weighting |   momentum_adaptive: 0.19 (base: 0.25)
2026-01-04 19:08:41,082 | INFO | src.core.regime_weighting |   volatility_regime: 0.52 (base: 0.25)
2026-01-04 19:08:41,082 | INFO | src.core.regime_weighting |   correlation_sync: 0.12 (base: 0.25)
2026-01-04 19:08:41,082 | INFO | src.strategies.adaptive_manager | Evaluating SAREGAMA with strategies: ['gap_trading', 'momentum_adaptive', 'volatility_regime', 'correlation_sync'] | Weights: {'gap_trading': 0.16666666666666666, 'momentum_adaptive': 0.18750000000000003, 'volatility_regime': 0.5208333333333334, 'correlation_sync': 0.125}
2026-01-04 19:08:41,083 | INFO | src.core.engine | SAREGAMA: Adaptive strategy approved - momentum_adaptive | SL: 0.80x, Target: 2.50x, Size: 1.00x
2026-01-04 19:08:41,083 | INFO | src.core.engine | SAREGAMA: Reserving capital for proposed order - Value: Rs.715.90
2026-01-04 19:08:41,083 | ERROR | src.core.capital_manager | RESERVE FAILED for SAREGAMA: Need ₹715.90, have ₹517.90
Current State:
  Available: ₹517.90
  Reserved:  ₹4,482.10
  Committed: ₹0.00
  Buffer:    ₹750.00
2026-01-04 19:08:41,083 | INFO | src.core.capital_manager | SAREGAMA: Released ₹715.90 | Available: ₹1233.80, Reserved: ₹3766.20
2026-01-04 19:08:41,084 | ERROR | src.core.engine | Error processing signal for SAREGAMA: Insufficient capital. Need Rs.715.90, have Rs.517.90 releasing capital reservation Rs.715.90
2026-01-04 19:08:41,247 | INFO | src.core.regime_weighting | Market regime change: MarketRegime.VOLATILE_NEUTRAL → MarketRegime.CORRELATION_BREAKDOWN
2026-01-04 19:08:41,247 | WARNING | src.core.regime_weighting | Regime change to MarketRegime.CORRELATION_BREAKDOWN - invalidating confidence
2026-01-04 19:08:41,247 | INFO | src.strategies.adaptive_manager | Evaluating BLUEDART with strategies: ['gap_trading', 'momentum_adaptive', 'volatility_regime', 'correlation_sync'] | Weights: {'gap_trading': 0.2941176470588235, 'momentum_adaptive': 0.2941176470588235, 'volatility_regime': 0.35294117647058826, 'correlation_sync': 0.058823529411764705}
2026-01-04 19:08:41,248 | INFO | src.core.engine | BLUEDART: Adaptive strategy approved - momentum_adaptive | SL: 0.80x, Target: 2.50x, Size: 1.00x
2026-01-04 19:08:41,248 | INFO | src.core.engine | BLUEDART: Reserving capital for proposed order - Value: Rs.5,593.50
2026-01-04 19:08:41,248 | ERROR | src.core.capital_manager | RESERVE FAILED for BLUEDART: Need ₹5593.50, have ₹1233.80
Current State:
  Available: ₹1,233.80
  Reserved:  ₹3,766.20
  Committed: ₹0.00
  Buffer:    ₹750.00
2026-01-04 19:08:41,249 | WARNING | src.core.capital_manager | BLUEDART: Cannot release ₹5593.50, only ₹3766.20 reserved. Releasing available.
2026-01-04 19:08:41,249 | INFO | src.core.capital_manager | BLUEDART: Released ₹3766.20 | Available: ₹5000.00, Reserved: ₹0.00
2026-01-04 19:08:41,249 | ERROR | src.core.engine | Error processing signal for BLUEDART: Insufficient capital. Need Rs.5593.50, have Rs.1233.80 releasing capital reservation Rs.5,593.50
